/*
 *
 * Copyright (c) 2023 Collin Hodge
 * Copyright (c) 2023 The ZMK Contributors
 * SPDX-License-Identifier: MIT
 *
 */

#include <lvgl.h>

#ifndef LV_ATTRIBUTE_MEM_ALIGN
#define LV_ATTRIBUTE_MEM_ALIGN
#endif

#ifndef LV_ATTRIBUTE_IMG_BALLOON
#define LV_ATTRIBUTE_IMG_BALLOON
#endif

const LV_ATTRIBUTE_MEM_ALIGN LV_ATTRIBUTE_LARGE_CONST LV_ATTRIBUTE_IMG_BALLOON uint8_t
    balloon_map[] = {
#if CONFIG_NICE_VIEW_WIDGET_INVERTED
        0xff, 0xff, 0xff, 0xff, /*Color of index 0*/
        0x00, 0x00, 0x00, 0xff, /*Color of index 1*/
#else
        0x00, 0x00, 0x00, 0xff, /*Color of index 0*/
        0xff, 0xff, 0xff, 0xff, /*Color of index 1*/
#endif

        0xfe, 0xaa, 0x0a, 0x2a, 0x9f, 0xff, 0xff, 0xff, 0xfa, 0xea, 0xaa, 0xae, 0xba, 0xff, 0xff,
        0xfb, 0xff, 0xf0, 0xf1, 0x55, 0x05, 0x15, 0x47, 0xff, 0xff, 0xff, 0xf5, 0xd5, 0x55, 0x5f,
        0x7f, 0xff, 0xff, 0xff, 0xff, 0xf0, 0xa4, 0xaa, 0x8a, 0x8a, 0xa1, 0xff, 0xff, 0xfb, 0xea,
        0xaa, 0xaa, 0xbe, 0xbf, 0xef, 0xfb, 0xfb, 0xff, 0xf0, 0x54, 0x55, 0x05, 0x45, 0x54, 0xff,
        0xff, 0x7d, 0x55, 0xd5, 0x75, 0x7f, 0x7f, 0xdf, 0xff, 0xff, 0xff, 0xf0, 0xae, 0x2a, 0x82,
        0xa0, 0xaa, 0x3f, 0xff, 0xfe, 0xaa, 0xea, 0xbb, 0xfe, 0xbf, 0xff, 0xfb, 0xfb, 0xfe, 0xf0,
        0x5f, 0x55, 0x01, 0x50, 0x54, 0x1f, 0xff, 0x7f, 0x55, 0xd5, 0x7f, 0xff, 0x7f, 0xd7, 0xff,
        0xfd, 0xfd, 0xf0, 0x2f, 0xff, 0x20, 0x28, 0x00, 0x0f, 0xff, 0xae, 0xaa, 0xaa, 0xbf, 0xff,
        0xff, 0xeb, 0xfb, 0xff, 0xff, 0xf0, 0x0e, 0x01, 0x50, 0x14, 0x00, 0x3f, 0xff, 0x57, 0x55,
        0xd5, 0x7f, 0xff, 0x7f, 0xd7, 0xfd, 0xff, 0xfd, 0xf0, 0x1e, 0x01, 0xa8, 0x0a, 0x00, 0xff,
        0xff, 0xaf, 0xaa, 0xaa, 0xff, 0xff, 0xff, 0xaf, 0xfb, 0xff, 0xff, 0xf0, 0x1f, 0xf9, 0x50,
        0x01, 0x03, 0xff, 0xff, 0x57, 0x55, 0xd5, 0x7d, 0xff, 0x7f, 0xdf, 0xfd, 0xff, 0xfd, 0xf0,
        0x9f, 0xf9, 0xa8, 0x00, 0x8f, 0xff, 0xfe, 0xaf, 0xaa, 0xaa, 0xff, 0xff, 0xfd, 0xbf, 0xfb,
        0xff, 0xfb, 0xf0, 0x5a, 0x01, 0x54, 0x00, 0x3f, 0xff, 0xff, 0x7f, 0x5d, 0xd5, 0xfd, 0xff,
        0xfd, 0xdf, 0xfd, 0xff, 0xfd, 0xf0, 0x8e, 0x01, 0xaa, 0x00, 0x7f, 0xff, 0xfe, 0xbf, 0xae,
        0xef, 0xff, 0xff, 0xfb, 0xef, 0xfb, 0xff, 0xfa, 0xf0, 0xcf, 0xff, 0xf4, 0x00, 0xf7, 0xff,
        0xff, 0x7f, 0x5d, 0xff, 0xff, 0xff, 0xfd, 0xdf, 0xff, 0xff, 0xfd, 0xf0, 0xae, 0x01, 0x2a,
        0x00, 0xfb, 0xff, 0xff, 0xbf, 0xae, 0xff, 0xff, 0xff, 0xfe, 0xff, 0xfb, 0xff, 0xfa, 0xf0,
        0xde, 0x01, 0x35, 0x01, 0xfb, 0xff, 0xff, 0x7f, 0x5d, 0xfd, 0xbf, 0xff, 0xff, 0xdf, 0xfd,
        0xff, 0xdd, 0xf0, 0xa7, 0xff, 0xea, 0x81, 0xfc, 0xff, 0x7f, 0xbe, 0xbe, 0xff, 0xe3, 0xff,
        0xff, 0xef, 0xff, 0xf9, 0x3e, 0xf0, 0x56, 0x01, 0x55, 0x41, 0xff, 0x7f, 0xff, 0xff, 0xfd,
        0xfd, 0xfc, 0x1f, 0xff, 0xff, 0xff, 0xfc, 0x7d, 0xf0, 0xa6, 0x01, 0x2a, 0x88, 0xfe, 0xff,
        0xff, 0xfe, 0xfe, 0xfe, 0xff, 0xe0, 0x03, 0xff, 0xff, 0xfc, 0xfe, 0xf0, 0x52, 0x79, 0x15,
        0x44, 0x7d, 0xff, 0xff, 0xfd, 0x7f, 0xbd, 0xff, 0xff, 0xfc, 0x00, 0x07, 0xf8, 0xfd, 0xf0,
        0x22, 0x69, 0x2a, 0xa0, 0x3d, 0xff, 0xff, 0xfa, 0xfe, 0x7f, 0xff, 0xff, 0xff, 0xe2, 0x48,
        0xfa, 0xff, 0xf0, 0x42, 0x59, 0x15, 0x54, 0x1b, 0xff, 0xff, 0xf7, 0xff, 0xbd, 0xf7, 0xff,
        0xff, 0x95, 0x55, 0x37, 0x7d, 0xf0, 0x02, 0x69, 0x0a, 0xa2, 0x1f, 0xfe, 0xff, 0xee, 0xff,
        0xff, 0xfc, 0xff, 0xff, 0x2a, 0x4a, 0x9f, 0xff, 0xf0, 0x03, 0xff, 0x55, 0x11, 0x4f, 0xff,
        0xff, 0x55, 0x7f, 0xfd, 0xff, 0x00, 0xfc, 0x55, 0x55, 0x4f, 0xff, 0xf0, 0x02, 0x01, 0xaa,
        0x88, 0x8f, 0xde, 0xff, 0xaa, 0xbf, 0xfe, 0xff, 0xff, 0x00, 0xa8, 0x02, 0xa7, 0xff, 0xf0,
        0x02, 0x01, 0x55, 0x55, 0x47, 0xff, 0x7f, 0xd5, 0x5f, 0xff, 0xff, 0xff, 0xc8, 0x47, 0x5c,
        0x53, 0xff, 0xf0, 0x82, 0x49, 0xaa, 0x8a, 0xa7, 0xfe, 0xff, 0xea, 0xbf, 0xff, 0xff, 0xff,
        0xb0, 0x3f, 0x5f, 0x89, 0xff, 0xf0, 0xc2, 0x49, 0x55, 0x45, 0x53, 0xff, 0xff, 0xf5, 0x5f,
        0xff, 0xff, 0xfe, 0x70, 0x7f, 0x5f, 0xe5, 0xff, 0xf0, 0xe2, 0x41, 0xa2, 0xa2, 0xab, 0xfe,
        0xfb, 0xfa, 0xaf, 0xef, 0xff, 0xf9, 0xe2, 0xbf, 0x5f, 0xfa, 0xff, 0xf0, 0xe2, 0x41, 0x51,
        0x51, 0x51, 0xff, 0x77, 0xfd, 0x57, 0xf9, 0xff, 0xe7, 0x85, 0x7f, 0x5f, 0xfc, 0xff, 0xf0,
        0xe3, 0xff, 0xf2, 0xa0, 0xa8, 0xff, 0xfb, 0xbe, 0xaf, 0xfe, 0x1e, 0x80, 0x6a, 0x80, 0x00,
        0x7e, 0xff, 0xb0, 0xe2, 0x60, 0x11, 0x50, 0x54, 0x7f, 0xff, 0xfd, 0x57, 0xff, 0xe0, 0x1f,
        0xc4, 0x15, 0x55, 0x06, 0x7f, 0x70, 0xee, 0x60, 0x18, 0xa8, 0x2a, 0x1f, 0xff, 0xfe, 0xaf,
        0xff, 0xe8, 0xf0, 0x00, 0x0a, 0x4a, 0xa8, 0x7f, 0xf0, 0xdf, 0xff, 0xf1, 0x54, 0x15, 0x43,
        0xff, 0xff, 0x5f, 0xff, 0xe8, 0x7b, 0xc0, 0x05, 0x55, 0x55, 0x7f, 0x70, 0xff, 0x81, 0x28,
        0xaa, 0x0a, 0xa1, 0xff, 0xfe, 0xbf, 0xf7, 0xea, 0x09, 0xe0, 0x0a, 0x4a, 0xaa, 0x7f, 0xf0,
        0xff, 0x81, 0x50, 0x54, 0x05, 0x54, 0x7f, 0xff, 0x7f, 0xfc, 0xe8, 0x4b, 0xc0, 0x05, 0x55,
        0x55, 0x7f, 0x70, 0xfe, 0x7f, 0x28, 0xaa, 0x00, 0xa8, 0xff, 0xfe, 0xbf, 0xff, 0x0a, 0xf0,
        0x00, 0x02, 0x4a, 0xa8, 0x7e, 0xb0, 0xfe, 0x7f, 0x14, 0x55, 0x00, 0x03, 0xff, 0xf7, 0x5f,
        0x7f, 0xe0, 0x1f, 0xc4, 0x01, 0x55, 0x06, 0x7f, 0x70, 0xff, 0x81, 0x08, 0x2a, 0x80, 0x07,
        0xff, 0xf6, 0xaf, 0xff, 0xfe, 0x80, 0x6a, 0x80, 0x00, 0x7e, 0xff, 0xb0, 0x7f, 0x81, 0x14,
        0x55, 0x40, 0x0f, 0xff, 0xed, 0x57, 0x7f, 0xff, 0xe7, 0x85, 0x55, 0x5f, 0xfc, 0xff, 0x70,
        0xbf, 0xff, 0xe8, 0x2a, 0xa8, 0x1f, 0xff, 0xf6, 0xae, 0xff, 0xff, 0xf9, 0xea, 0xaa, 0x5f,
        0xfa, 0xff, 0xf0, 0x5e, 0x01, 0x24, 0x15, 0x54, 0x3f, 0xff, 0xf5, 0x57, 0x7f, 0xfb, 0xfe,
        0xf0, 0x55, 0x5f, 0xe5, 0xff, 0x70, 0xbe, 0x01, 0x22, 0x2a, 0xa0, 0xff, 0xff, 0xba, 0xae,
        0xff, 0xfe, 0x1f, 0x30, 0x2a, 0x0f, 0x89, 0xbf, 0xf0, 0x5f, 0xff, 0xe5, 0x15, 0x41, 0xff,
        0xff, 0xd5, 0x57, 0x7f, 0xff, 0xe0, 0x48, 0x05, 0x54, 0x53, 0xff, 0xf0, 0xbe, 0x01, 0xa2,
        0x02, 0x03, 0xff, 0xff, 0xea, 0xaa, 0xbf, 0xff, 0xff, 0x80, 0x00, 0x02, 0xa7, 0xbf, 0xf0,
        0x5e, 0x01, 0x41, 0x00, 0x06, 0xfd, 0xff, 0xd5, 0x55, 0x5f, 0xff, 0xff, 0xfc, 0x00, 0x40,
        0x4f, 0xff, 0xf0, 0xbe, 0x49, 0x20, 0x80, 0x0f, 0x7f, 0xfe, 0xea, 0xaa, 0xbe, 0xff, 0xff,
        0xff, 0x00, 0x00, 0x1f, 0xbf, 0xf0, 0x7e, 0x49, 0x50, 0x00, 0x0f, 0x7f, 0xff, 0xd5, 0x55,
        0x5f, 0x83, 0xff, 0xff, 0x80, 0x40, 0x3f, 0xff, 0xf0, 0xfe, 0x41, 0x28, 0x00, 0x0f, 0xbf,
        0xff, 0xeb, 0xaa, 0xbf, 0xfc, 0x00, 0x03, 0xe0, 0x00, 0xff, 0xbf, 0xf0, 0xfe, 0x41, 0x14,
        0x00, 0x1f, 0xdf, 0xff, 0xd5, 0xd5, 0x57, 0xff, 0xff, 0xfc, 0x00, 0x07, 0xff, 0xdf, 0xf0,
        0xff, 0xff, 0x08, 0x00, 0x1f, 0x3f, 0xdf, 0xeb, 0xaa, 0xab, 0xff, 0xff, 0xff, 0xff, 0xff,
        0xff, 0xbf, 0xf0, 0xfe, 0x01, 0x14, 0x40, 0x3e, 0xff, 0xbf, 0xf5, 0x55, 0x57, 0xdf, 0xff,
        0xf9, 0xff, 0xff, 0xff, 0xdf, 0xf0, 0xfe, 0x01, 0x0a, 0x20, 0x3f, 0xff, 0xdf, 0xfa, 0xaa,
        0xab, 0xbf, 0xff, 0xf3, 0xff, 0xff, 0xdf, 0xbf, 0xf0, 0xde, 0x7f, 0x05, 0x10, 0x7f, 0xff,
        0xff, 0xfd, 0x55, 0x55, 0xdf, 0xff, 0xe4, 0xff, 0xff, 0xbf, 0x7f, 0xf0, 0xee, 0x7e, 0x02,
        0x88, 0x7f, 0xff, 0xff, 0xfa, 0xaa, 0xab, 0xbf, 0xff, 0xe3, 0xff, 0xbf, 0xbf, 0xbf, 0xf0,
        0xde, 0x05, 0x41, 0x54, 0x3f, 0xff, 0xff, 0xdd, 0x55, 0x55, 0xff, 0xff, 0xd7, 0xff, 0xdf,
        0x7f, 0x7f, 0xf0, 0xee, 0x06, 0xa2, 0xaa, 0x3f, 0xff, 0xff, 0xbe, 0xaa, 0xab, 0xbf, 0xff,
        0xf7, 0xff, 0xbf, 0x3f, 0xbf, 0xf0, 0xde, 0x7d, 0x55, 0x55, 0x1f, 0xfb, 0xff, 0xff, 0x55,
        0x55, 0xff, 0xff, 0xfb, 0xff, 0xff, 0xbf, 0xff, 0xf0, 0xfe, 0x7f, 0xaa, 0xaa, 0x8f, 0xff,
        0xff, 0xba, 0xaa, 0xab, 0xff, 0xff, 0xff, 0xff, 0xbf, 0xdf, 0xbf, 0xf0, 0xfe, 0x01, 0x55,
        0x55, 0x47, 0xff, 0xff, 0xf7, 0xd5, 0x57, 0xff, 0xff, 0xff, 0xff, 0xff, 0xff, 0xff, 0xf0,
        0xfe, 0x01, 0xaa, 0xaa, 0xa1, 0xff, 0xff, 0xbf, 0xea, 0xab, 0xff, 0xff, 0xff, 0xff, 0xbf,
        0xff, 0xff, 0xf0, 0xff, 0xff, 0x55, 0x55, 0x54, 0xff, 0xff, 0x5f, 0xf5, 0x57, 0xff, 0xfd,
        0xff, 0xff, 0xff, 0xff, 0xff, 0xf0, 0xff, 0xda, 0xaa, 0xaa, 0xaa, 0x7f, 0xff, 0xbf, 0xfa,
        0xab, 0xff, 0xfb, 0xff, 0xff, 0xff, 0xff, 0xff, 0xf0, 0xff, 0x9d, 0x55, 0x55, 0x00, 0xff,
        0xff, 0x7f, 0xfd, 0x57, 0xff, 0xff, 0xff, 0xdf, 0xff, 0xff, 0xff, 0xf0, 0xff, 0xbf, 0xa2,
        0xa8, 0x03, 0xff, 0xfb, 0xbf, 0xfa, 0xaa, 0xbf, 0xfb, 0xff, 0xbf, 0xff, 0xff, 0xff, 0xf0,
        0xff, 0x3f, 0xc0, 0x00, 0x07, 0xff, 0xff, 0x5f, 0xfd, 0x57, 0x57, 0xff, 0xff, 0xff, 0xff,
        0xff, 0xff, 0xf0, 0xff, 0x3f, 0x80, 0x00, 0x0f, 0xff, 0xfb, 0xaf, 0xfe, 0xae, 0xaa, 0xfb,
        0xff, 0xbf, 0xff, 0xff, 0xff, 0xf0, 0xf6, 0x7f, 0xc0, 0x00, 0x0f, 0xff, 0xff, 0x57, 0xfd,
        0x55, 0x55, 0x77, 0xff, 0xff, 0xff, 0xff, 0xfd, 0xf0,
};

const lv_img_dsc_t balloon = {
    .header.cf = LV_IMG_CF_INDEXED_1BIT,
    .header.always_zero = 0,
    .header.reserved = 0,
    .header.w = 140,
    .header.h = 68,
    .data_size = 1232,
    .data = balloon_map,
};

#ifndef LV_ATTRIBUTE_IMG_MOUNTAIN
#define LV_ATTRIBUTE_IMG_MOUNTAIN
#endif

const LV_ATTRIBUTE_MEM_ALIGN LV_ATTRIBUTE_LARGE_CONST LV_ATTRIBUTE_IMG_MOUNTAIN uint8_t
    mountain_map[] = {
#if CONFIG_NICE_VIEW_WIDGET_INVERTED
        0xff, 0xff, 0xff, 0xff, /*Color of index 0*/
        0x00, 0x00, 0x00, 0xff, /*Color of index 1*/
#else
        0x00, 0x00, 0x00, 0xff, /*Color of index 0*/
        0xff, 0xff, 0xff, 0xff, /*Color of index 1*/
#endif

        0xff, 0xff, 0xff, 0xff, 0xff, 0xff, 0xff, 0xff, 0xff, 0xff, 0xff, 0xff, 0xff, 0xff, 0xff,
        0xff, 0xff, 0xf0, 0xc0, 0x00, 0x00, 0x00, 0x00, 0x2e, 0x00, 0x00, 0x00, 0x00, 0x0c, 0x00,
        0x00, 0x00, 0x00, 0x90, 0x00, 0x30, 0x80, 0x00, 0x00, 0x00, 0x00, 0x5f, 0xa0, 0x00, 0x00,
        0x00, 0x06, 0x00, 0x00, 0x00, 0x00, 0x90, 0x00, 0x10, 0x80, 0xff, 0xff, 0xff, 0xff, 0xff,
        0xf4, 0x00, 0x00, 0x00, 0x03, 0xff, 0xff, 0xff, 0xff, 0x9f, 0xff, 0x10, 0x80, 0xff, 0xff,
        0xff, 0xff, 0xff, 0xff, 0x40, 0x00, 0x00, 0x01, 0xfe, 0x03, 0xe0, 0x0f, 0x9e, 0x01, 0x90,
        0x80, 0xff, 0xff, 0xff, 0xff, 0xff, 0xff, 0xe8, 0x00, 0x00, 0x00, 0xff, 0x07, 0xe0, 0x1f,
        0x9e, 0x00, 0x90, 0x80, 0x7f, 0xff, 0xff, 0xff, 0xff, 0xff, 0xfd, 0x80, 0x00, 0x00, 0x7f,
        0x8f, 0xe0, 0x1f, 0xbe, 0x00, 0x90, 0x80, 0x7f, 0xff, 0xff, 0xff, 0xff, 0xff, 0xff, 0xd0,
        0x00, 0x00, 0x3f, 0xcf, 0xf0, 0x1f, 0xbc, 0x00, 0x90, 0x80, 0x7f, 0xff, 0xff, 0xff, 0xff,
        0xff, 0xff, 0xfe, 0x00, 0x00, 0x3f, 0xcf, 0xf0, 0x3f, 0xbc, 0x00, 0x90, 0x80, 0x7f, 0xff,
        0xff, 0xff, 0xff, 0xff, 0xff, 0xe8, 0x00, 0x00, 0x1f, 0xe7, 0xf0, 0x7f, 0x3c, 0x00, 0x90,
        0x80, 0x3f, 0xff, 0xff, 0xff, 0xff, 0xff, 0xfe, 0x80, 0x00, 0x00, 0x0f, 0xe7, 0xf8, 0x7f,
        0x78, 0x01, 0xb0, 0x80, 0x3f, 0xff, 0xff, 0xff, 0xff, 0xff, 0xec, 0x00, 0x00, 0x00, 0x07,
        0xf3, 0xf8, 0x3f, 0x78, 0x03, 0xd0, 0x80, 0x3f, 0xff, 0xff, 0xff, 0xff, 0xfe, 0xc0, 0x00,
        0x00, 0x00, 0x07, 0xfb, 0xf8, 0x3f, 0xf8, 0x0f, 0x90, 0xc0, 0x1f, 0xff, 0xff, 0xff, 0xff,
        0xec, 0x00, 0x00, 0x00, 0x00, 0x03, 0xfd, 0xfc, 0x3f, 0xf8, 0x0f, 0x10, 0xc0, 0x1e, 0xff,
        0xff, 0xff, 0xff, 0x40, 0x00, 0x00, 0x00, 0x00, 0x01, 0xff, 0xfc, 0x3f, 0xf0, 0x0e, 0x10,
        0xc0, 0x0c, 0x27, 0xff, 0xff, 0xfa, 0x00, 0x00, 0x00, 0x00, 0x00, 0x00, 0xff, 0xfe, 0x7f,
        0xf0, 0x1e, 0x30, 0xc0, 0x00, 0x1f, 0xff, 0xff, 0x50, 0x00, 0x00, 0x00, 0x00, 0x00, 0x00,
        0x7f, 0xfe, 0x7f, 0xf3, 0xfc, 0x50, 0xe0, 0x00, 0x3f, 0xff, 0xfa, 0x00, 0x00, 0x00, 0x00,
        0x00, 0x00, 0x00, 0x7f, 0xfe, 0x7f, 0xf7, 0xf8, 0x90, 0xe0, 0x00, 0x7f, 0xfe, 0xb0, 0x00,
        0x00, 0x00, 0x00, 0x00, 0x00, 0x00, 0x3f, 0xff, 0x7f, 0xe7, 0xf1, 0x90, 0xe0, 0x00, 0x7f,
        0xff, 0x00, 0x00, 0x00, 0x00, 0x00, 0x00, 0x00, 0x00, 0x1f, 0xff, 0x7f, 0xef, 0xe3, 0x90,
        0xf0, 0x00, 0x7f, 0xff, 0xa0, 0x00, 0x00, 0x00, 0x00, 0x00, 0x00, 0x00, 0x07, 0xff, 0x7f,
        0xff, 0xe7, 0x90, 0xb0, 0x10, 0xff, 0xff, 0xf6, 0x00, 0x00, 0x00, 0x00, 0x00, 0x00, 0x00,
        0x03, 0xff, 0xbf, 0xff, 0xcf, 0x90, 0xf0, 0x30, 0xff, 0xff, 0xff, 0x60, 0x00, 0x00, 0x00,
        0x00, 0x00, 0x00, 0x01, 0xff, 0xf9, 0xff, 0x9f, 0x90, 0xb0, 0x30, 0xff, 0xff, 0xff, 0xf2,
        0x00, 0x00, 0x00, 0x00, 0x00, 0x00, 0x00, 0xff, 0xf6, 0xff, 0x3e, 0x90, 0xf8, 0x70, 0xff,
        0xff, 0xff, 0xff, 0x60, 0x00, 0x00, 0x00, 0x00, 0x00, 0x00, 0x7f, 0xf6, 0xfe, 0x7c, 0x90,
        0xf8, 0x78, 0xff, 0xff, 0xff, 0xff, 0xf4, 0x00, 0x00, 0x00, 0x00, 0x00, 0x00, 0x0f, 0xf9,
        0xfe, 0xf8, 0x90, 0xa8, 0xf8, 0xff, 0xff, 0xff, 0xff, 0xff, 0x00, 0x00, 0x00, 0x00, 0x00,
        0x00, 0x03, 0xff, 0xfd, 0xf3, 0x90, 0xdc, 0xf8, 0xff, 0xff, 0xff, 0xff, 0xe8, 0x00, 0x00,
        0x00, 0x00, 0x00, 0x00, 0x01, 0xff, 0xfb, 0xef, 0x90, 0xf5, 0xac, 0xff, 0xff, 0xff, 0xfe,
        0xc0, 0x00, 0x00, 0x00, 0x00, 0x00, 0x00, 0x00, 0xff, 0xff, 0xff, 0x90, 0xff, 0xd6, 0x7f,
        0xff, 0xff, 0xe4, 0x00, 0x00, 0x00, 0x00, 0x00, 0x00, 0x00, 0x00, 0x7f, 0xff, 0xff, 0x90,
        0xff, 0xfa, 0x7f, 0xff, 0xff, 0x40, 0x00, 0x00, 0x00, 0x00, 0x00, 0x00, 0x00, 0x00, 0x3f,
        0xff, 0xff, 0x90, 0xdd, 0xff, 0x7f, 0xff, 0xf6, 0x00, 0x00, 0x00, 0x00, 0x00, 0x00, 0x00,
        0x00, 0x00, 0x0f, 0xff, 0xff, 0xf0, 0xea, 0xbf, 0x3f, 0xff, 0xa0, 0x00, 0x00, 0x00, 0x00,
        0x00, 0x00, 0x00, 0x00, 0x00, 0x03, 0xff, 0xf0, 0x10, 0xff, 0x4f, 0xbf, 0xf5, 0x00, 0x00,
        0x00, 0x00, 0x00, 0x00, 0x00, 0x00, 0x00, 0x00, 0x01, 0xff, 0x00, 0x10, 0xff, 0xff, 0x9f,
        0xa0, 0x00, 0x00, 0x00, 0x00, 0x00, 0x00, 0x00, 0x00, 0x00, 0x00, 0x00, 0xff, 0xff, 0xf0,
        0xff, 0xb0, 0xcb, 0x00, 0x00, 0x00, 0x00, 0x00, 0x00, 0x00, 0x00, 0x00, 0x00, 0x00, 0x03,
        0xff, 0xff, 0x90, 0xcd, 0x60, 0x60, 0x00, 0x00, 0x00, 0x00, 0x00, 0x00, 0x00, 0x00, 0x00,
        0x00, 0x02, 0x1f, 0xff, 0xff, 0x90, 0xb2, 0xe0, 0x36, 0x00, 0x00, 0x00, 0x00, 0x00, 0x00,
        0x00, 0x00, 0x00, 0x00, 0x0c, 0x7f, 0xff, 0xff, 0x90, 0xff, 0xc0, 0x3f, 0x40, 0x00, 0x00,
        0x00, 0x00, 0x00, 0x00, 0x00, 0x00, 0x00, 0x18, 0xff, 0xff, 0xff, 0x90, 0xfe, 0xc0, 0x7f,
        0xe8, 0x00, 0x00, 0x00, 0x00, 0x00, 0x00, 0x00, 0x00, 0x00, 0xf1, 0xff, 0xff, 0x7c, 0x90,
        0xfd, 0x80, 0xff, 0xfd, 0x80, 0x00, 0x00, 0x00, 0x00, 0x00, 0x00, 0x00, 0x0f, 0xc3, 0xff,
        0xff, 0xb8, 0x90, 0xff, 0x80, 0xff, 0xff, 0xe8, 0x00, 0x00, 0x00, 0x00, 0x00, 0x00, 0x00,
        0x3f, 0x87, 0xff, 0xff, 0xc8, 0x90, 0x9f, 0x01, 0xff, 0xff, 0xfe, 0x00, 0x00, 0x00, 0x00,
        0x00, 0x00, 0x00, 0x7f, 0x1f, 0xff, 0xff, 0xe0, 0x90, 0x86, 0x01, 0xff, 0xff, 0xd0, 0x00,
        0x00, 0x00, 0x00, 0x01, 0x00, 0x00, 0xfe, 0x3f, 0xff, 0xff, 0xe0, 0x90, 0x80, 0x01, 0xff,
        0xfe, 0x80, 0x00, 0x00, 0x00, 0x00, 0x06, 0x19, 0x83, 0xfe, 0x7f, 0xff, 0xff, 0xf0, 0x90,
        0x80, 0x01, 0xff, 0xfc, 0x00, 0x00, 0x00, 0x00, 0x00, 0x0c, 0x7f, 0xc7, 0xee, 0x7f, 0xff,
        0xff, 0xf8, 0x90, 0x80, 0x1a, 0xbf, 0xb0, 0x00, 0x00, 0x00, 0x00, 0x01, 0x98, 0xff, 0xff,
        0xc6, 0x7f, 0xff, 0xff, 0xfc, 0x90, 0x80, 0x3f, 0x5d, 0x00, 0x00, 0x00, 0x00, 0x00, 0x03,
        0xf1, 0xff, 0xff, 0xc0, 0x7f, 0xff, 0xff, 0xfe, 0x90, 0x80, 0x3f, 0xf8, 0x00, 0x00, 0x00,
        0x00, 0x00, 0x07, 0xe3, 0xff, 0xff, 0x00, 0xff, 0xff, 0xff, 0xff, 0x90, 0x80, 0x7f, 0xfe,
        0x80, 0x00, 0x00, 0x00, 0x00, 0x0f, 0xc7, 0xff, 0xfe, 0x18, 0xff, 0xef, 0xff, 0xff, 0x90,
        0x80, 0x7f, 0xff, 0xd0, 0x00, 0x00, 0x00, 0x00, 0x0f, 0x8f, 0xff, 0xfc, 0x7f, 0xff, 0xef,
        0xfd, 0xff, 0x90, 0x80, 0xff, 0xff, 0xfa, 0x00, 0x00, 0x00, 0x00, 0x1f, 0x9f, 0xff, 0xf8,
        0xff, 0xff, 0xef, 0xfc, 0xf7, 0x90, 0x80, 0xff, 0xff, 0xff, 0x60, 0x00, 0x00, 0x00, 0x3f,
        0x1f, 0xff, 0xf1, 0xff, 0xff, 0xcf, 0xfc, 0xe1, 0x90, 0x80, 0xff, 0xff, 0xff, 0xf4, 0x00,
        0x00, 0x00, 0x7f, 0x3f, 0xff, 0xe3, 0xff, 0xff, 0xcf, 0xfe, 0x60, 0x90, 0x81, 0xff, 0xff,
        0xff, 0xfe, 0x80, 0x00, 0x00, 0x7f, 0x3f, 0xff, 0xc7, 0xff, 0xff, 0xdf, 0xfe, 0x40, 0x90,
        0x81, 0xff, 0xff, 0xff, 0xff, 0xf8, 0x00, 0x01, 0xfe, 0x3f, 0xff, 0xcf, 0xbf, 0xff, 0xdf,
        0xfe, 0x00, 0x90, 0x81, 0xff, 0xff, 0xff, 0xff, 0x40, 0x00, 0x07, 0xfe, 0x7f, 0xff, 0x8f,
        0x7f, 0xff, 0x9f, 0xfe, 0x00, 0x90, 0x80, 0xff, 0xff, 0xff, 0xe6, 0x00, 0x00, 0x1f, 0xfe,
        0x7f, 0xff, 0x1e, 0xff, 0xff, 0x91, 0xfe, 0x00, 0x90, 0x80, 0xff, 0xff, 0xfe, 0xc0, 0x00,
        0x00, 0x3f, 0xfc, 0x7f, 0xfe, 0x3c, 0xff, 0xff, 0x81, 0xff, 0x00, 0x90, 0x80, 0x7f, 0xff,
        0xec, 0x00, 0x00, 0x3c, 0xff, 0xf8, 0xff, 0xfc, 0x79, 0xfd, 0xff, 0x80, 0xff, 0x00, 0x90,
        0x80, 0x27, 0xff, 0x80, 0x00, 0x00, 0x7f, 0xff, 0xf9, 0xff, 0xfc, 0xf3, 0xfb, 0xff, 0x00,
        0xff, 0x00, 0x90, 0x80, 0x5f, 0xff, 0xd8, 0x00, 0x00, 0xff, 0xff, 0xf1, 0xff, 0xc8, 0xe7,
        0xf3, 0xff, 0x00, 0x7f, 0x00, 0x90, 0x80, 0xff, 0xff, 0xfd, 0x80, 0x01, 0xff, 0xff, 0xe3,
        0xff, 0x81, 0xcf, 0xf7, 0xff, 0x00, 0x7f, 0x00, 0x90, 0x80, 0xff, 0xff, 0xff, 0xd8, 0x03,
        0xff, 0xff, 0x87, 0xff, 0x03, 0x8f, 0xe7, 0xff, 0x00, 0x3f, 0x81, 0x90, 0x81, 0xff, 0xff,
        0xff, 0xfe, 0x83, 0xff, 0xfe, 0x0f, 0xfe, 0x3f, 0xff, 0xcf, 0xff, 0xff, 0xff, 0xff, 0x10,
        0x80, 0x00, 0x00, 0x00, 0x2f, 0xc6, 0x00, 0x00, 0x38, 0x00, 0x60, 0x00, 0x48, 0x00, 0x00,
        0x00, 0x00, 0x10, 0xc0, 0x00, 0x00, 0x00, 0x17, 0xf4, 0x00, 0x00, 0xe0, 0x00, 0xc0, 0x00,
        0x88, 0x00, 0x00, 0x00, 0x00, 0x30, 0xff, 0xff, 0xff, 0xff, 0xff, 0xff, 0xff, 0xff, 0xff,
        0xff, 0xff, 0xff, 0xff, 0xff, 0xff, 0xff, 0xff, 0xf0,
};

const lv_img_dsc_t mountain = {
    .header.cf = LV_IMG_CF_INDEXED_1BIT,
    .header.always_zero = 0,
    .header.reserved = 0,
    .header.w = 140,
    .header.h = 68,
    .data_size = 1232,
    .data = mountain_map,
};


#ifndef LV_ATTRIBUTE_IMG_ANADEN_LAIKA_1_0
#define LV_ATTRIBUTE_IMG_ANADEN_LAIKA_1_0
#endif

const LV_ATTRIBUTE_MEM_ALIGN LV_ATTRIBUTE_LARGE_CONST LV_ATTRIBUTE_IMG_ANADEN_LAIKA_1_0 uint8_t anaden_laika_1_0_map[] = {
#if CONFIG_NICE_VIEW_WIDGET_INVERTED
        0xff, 0xff, 0xff, 0xff, /*Color of index 0*/
        0x00, 0x00, 0x00, 0xff, /*Color of index 1*/
#else
        0x00, 0x00, 0x00, 0xff, /*Color of index 0*/
        0xff, 0xff, 0xff, 0xff, /*Color of index 1*/
#endif

  0x00, 0x00, 0x5c, 0x40, 0x00, 0x00, 0x00, 0x00, 0x00, 0x00, 0x00, 0x60, 0x40, 0x00, 0x00, 0x48, 0x00, 0x00, 
  0x00, 0x00, 0xf4, 0xc0, 0x00, 0x00, 0x00, 0x00, 0x00, 0x00, 0x00, 0x20, 0xc0, 0x00, 0x00, 0x68, 0x00, 0x00, 
  0x00, 0x10, 0x2e, 0xc4, 0x44, 0x44, 0x44, 0x44, 0x44, 0x44, 0x44, 0x60, 0xc4, 0x44, 0x44, 0x64, 0x44, 0x40, 
  0x00, 0x10, 0x7b, 0x80, 0x00, 0x00, 0x00, 0x00, 0x00, 0x00, 0x00, 0xc0, 0x60, 0x00, 0x00, 0x26, 0x00, 0x00, 
  0x00, 0x00, 0x77, 0x00, 0x00, 0x00, 0x00, 0x00, 0x00, 0x00, 0x00, 0x80, 0x20, 0x00, 0x00, 0x22, 0x00, 0x00, 
  0x08, 0x00, 0xfe, 0x00, 0x00, 0x00, 0x00, 0x00, 0x00, 0x00, 0x00, 0xc0, 0x20, 0x00, 0x00, 0xc2, 0x00, 0x00, 
  0x08, 0x00, 0xfc, 0x04, 0x44, 0x04, 0x44, 0x04, 0x44, 0x04, 0x44, 0xc0, 0x34, 0x04, 0x44, 0x83, 0x44, 0x00, 
  0x08, 0x80, 0x50, 0x00, 0x00, 0x00, 0x00, 0x00, 0x00, 0x00, 0x00, 0x60, 0x10, 0x00, 0x00, 0xc1, 0x00, 0x00, 
  0x09, 0x00, 0x70, 0x00, 0x00, 0x00, 0x00, 0x00, 0x00, 0x00, 0x00, 0x20, 0x30, 0x00, 0x00, 0x43, 0x00, 0x00, 
  0x0c, 0x00, 0xc0, 0x00, 0x00, 0x00, 0x00, 0x00, 0x00, 0x00, 0x00, 0x20, 0x60, 0x00, 0x00, 0x43, 0x00, 0x00, 
  0x01, 0x00, 0x34, 0x44, 0x44, 0x44, 0x44, 0x44, 0x44, 0x44, 0x44, 0x60, 0x44, 0x44, 0x44, 0x81, 0xc4, 0x40, 
  0x01, 0x80, 0x60, 0x00, 0x00, 0x06, 0x00, 0x00, 0x00, 0x00, 0x00, 0x20, 0xc0, 0x00, 0x00, 0x80, 0x80, 0x00, 
  0x00, 0x80, 0x60, 0x00, 0x00, 0x1f, 0xc0, 0x00, 0x1c, 0x78, 0x00, 0x20, 0x80, 0x00, 0x00, 0x80, 0x80, 0x00, 
  0x04, 0x00, 0x74, 0x00, 0x00, 0x3d, 0xb0, 0x01, 0xff, 0xd8, 0x00, 0x20, 0x80, 0x00, 0x00, 0x81, 0x80, 0x00, 
  0x04, 0x00, 0x0c, 0x44, 0x04, 0x7b, 0x1c, 0x46, 0x63, 0x04, 0x04, 0x50, 0x84, 0x44, 0x04, 0xc1, 0x04, 0x40, 
  0x04, 0x80, 0x38, 0x00, 0x00, 0x3a, 0x07, 0x0c, 0xe0, 0x04, 0x00, 0x11, 0x80, 0x00, 0x00, 0x47, 0x00, 0x00, 
  0x00, 0x84, 0x70, 0x00, 0x00, 0x1a, 0x00, 0x8d, 0xb9, 0xe8, 0x00, 0x11, 0x00, 0x00, 0x00, 0x44, 0x00, 0x00, 
  0x01, 0x04, 0x1e, 0x00, 0x7f, 0xfe, 0x00, 0xc6, 0x16, 0x18, 0x00, 0x13, 0x00, 0x00, 0x00, 0x44, 0x00, 0x00, 
  0x00, 0x04, 0xf4, 0x45, 0x80, 0x01, 0xf0, 0x27, 0xf0, 0x14, 0x7f, 0xd2, 0x44, 0x44, 0x44, 0x64, 0x44, 0x40, 
  0x02, 0x10, 0x40, 0x06, 0x00, 0x00, 0x1c, 0x1f, 0x0f, 0x3f, 0xc0, 0xfc, 0x00, 0x00, 0x00, 0x24, 0x00, 0x00, 
  0x02, 0x00, 0xc0, 0x38, 0x00, 0x00, 0x00, 0x1c, 0x00, 0xfc, 0x47, 0xb3, 0x80, 0x00, 0x30, 0x28, 0x00, 0x00, 
  0x04, 0x00, 0xd1, 0xc0, 0x00, 0x00, 0x00, 0x28, 0x00, 0x19, 0xb8, 0x48, 0x70, 0x00, 0x78, 0x48, 0x00, 0x00, 
  0x00, 0x00, 0xe6, 0x00, 0x00, 0x00, 0x00, 0x00, 0x00, 0x0c, 0xc4, 0x93, 0xe4, 0x04, 0x4c, 0x4c, 0x44, 0x00, 
  0x00, 0x00, 0x5c, 0x00, 0x00, 0x00, 0x00, 0x10, 0x00, 0x07, 0x09, 0x7c, 0xc0, 0x00, 0x48, 0x58, 0x00, 0x00, 
  0x00, 0x00, 0xf8, 0x00, 0x00, 0x00, 0x00, 0x20, 0x00, 0x02, 0x07, 0x81, 0x00, 0x00, 0xcc, 0x70, 0x00, 0x00, 
  0x00, 0x00, 0xf8, 0x02, 0x00, 0x00, 0x00, 0x00, 0x07, 0x01, 0xf8, 0x06, 0x00, 0x01, 0x84, 0x60, 0x00, 0x00, 
  0x00, 0x20, 0xf0, 0x01, 0x00, 0x00, 0x00, 0x00, 0x0e, 0x80, 0x80, 0x1c, 0x44, 0x45, 0x06, 0x64, 0x44, 0x40, 
  0x01, 0x60, 0xf0, 0x04, 0x00, 0x00, 0x00, 0x00, 0x07, 0x00, 0x80, 0x30, 0x00, 0x01, 0x02, 0x00, 0x00, 0x00, 
  0x00, 0xe0, 0xf0, 0x0e, 0x00, 0x00, 0x00, 0x00, 0x00, 0x00, 0x83, 0xc0, 0x00, 0x01, 0x02, 0x00, 0x00, 0x00, 
  0x00, 0x01, 0xf8, 0x08, 0x00, 0x00, 0x00, 0x00, 0x00, 0x00, 0x7c, 0x00, 0x00, 0x03, 0x02, 0x00, 0x00, 0x00, 
  0x08, 0x40, 0xf8, 0x08, 0x00, 0x00, 0x00, 0x00, 0x40, 0x00, 0x6c, 0x44, 0x04, 0x46, 0x04, 0x44, 0x04, 0x40, 
  0x00, 0x20, 0xfc, 0x14, 0x00, 0x00, 0x00, 0x00, 0x40, 0x00, 0x48, 0x00, 0x00, 0x06, 0x06, 0x00, 0x00, 0x00, 
  0x00, 0x20, 0x6f, 0xf0, 0x00, 0x00, 0x00, 0x00, 0xc0, 0x00, 0x18, 0x00, 0x00, 0x06, 0x03, 0x00, 0x00, 0x00, 
  0x04, 0x00, 0xf0, 0xf0, 0x00, 0x00, 0x00, 0x01, 0x20, 0x00, 0x30, 0x00, 0x00, 0x06, 0x03, 0x00, 0x00, 0x00, 
  0x04, 0x00, 0xc4, 0xf0, 0x00, 0x00, 0x00, 0x01, 0x20, 0x00, 0x34, 0x44, 0x44, 0x44, 0x01, 0xc4, 0x44, 0x40, 
  0x00, 0x00, 0xef, 0xf0, 0x00, 0x00, 0x00, 0x00, 0xc0, 0x00, 0x18, 0x00, 0x00, 0x06, 0x01, 0xc0, 0x00, 0x00, 
  0x00, 0x00, 0xbc, 0x14, 0x00, 0x00, 0x00, 0x00, 0x40, 0x00, 0x48, 0x00, 0x00, 0x06, 0x00, 0x60, 0x00, 0x00, 
  0x00, 0x00, 0xf8, 0x08, 0x00, 0x00, 0x00, 0x00, 0x40, 0x00, 0x68, 0x00, 0x00, 0x0e, 0x00, 0x20, 0x00, 0x00, 
  0x04, 0x00, 0xf8, 0x08, 0x00, 0x00, 0x00, 0x00, 0x00, 0x00, 0x7c, 0x04, 0x44, 0x0e, 0x00, 0x24, 0x44, 0x00, 
  0x00, 0x00, 0xf0, 0x0e, 0x00, 0x00, 0x00, 0x00, 0x00, 0x00, 0x83, 0xc0, 0x00, 0x08, 0x00, 0x20, 0x00, 0x00, 
  0x00, 0x08, 0xf0, 0x04, 0x00, 0x00, 0x00, 0x00, 0x07, 0x00, 0x80, 0x30, 0x00, 0x08, 0x00, 0x60, 0x00, 0x00, 
  0x00, 0x00, 0xf0, 0x01, 0x00, 0x00, 0x00, 0x00, 0x0e, 0x80, 0x80, 0x18, 0x00, 0x08, 0x00, 0x30, 0x00, 0x00, 
  0x00, 0x00, 0xf8, 0x02, 0x00, 0x00, 0x00, 0x00, 0x07, 0x01, 0xf8, 0x06, 0x44, 0x4c, 0x00, 0x14, 0x44, 0x40, 
  0x00, 0x02, 0xf8, 0x00, 0x00, 0x00, 0x00, 0x20, 0x00, 0x02, 0x07, 0x81, 0x00, 0x0c, 0x00, 0x1c, 0x00, 0x00, 
  0x02, 0x02, 0x7c, 0x00, 0x00, 0x00, 0x00, 0x10, 0x00, 0x07, 0x09, 0x7c, 0xc0, 0x08, 0x00, 0x04, 0x00, 0x00, 
  0x00, 0x00, 0xc6, 0x00, 0x00, 0x00, 0x00, 0x00, 0x00, 0x0c, 0xc4, 0x93, 0xe0, 0x18, 0x00, 0x04, 0x00, 0x00, 
  0x00, 0x02, 0x25, 0xc0, 0x00, 0x00, 0x00, 0x28, 0x00, 0x19, 0x3c, 0x48, 0x74, 0x50, 0x00, 0x04, 0x04, 0x40, 
  0x00, 0x82, 0xf0, 0x38, 0x00, 0x00, 0x00, 0x1c, 0x00, 0xfc, 0xc7, 0xb3, 0x80, 0x30, 0x00, 0x06, 0x00, 0x00, 
  0x10, 0x00, 0x40, 0x06, 0x00, 0x00, 0x1c, 0x1f, 0x0f, 0x3f, 0xc0, 0xfc, 0x00, 0x30, 0x00, 0x07, 0x80, 0x00, 
  0x10, 0x82, 0x60, 0x01, 0x80, 0x01, 0xf0, 0x23, 0xf0, 0x10, 0x7f, 0xc0, 0x00, 0x20, 0x00, 0x07, 0x80, 0x00, 
  0x00, 0x42, 0x14, 0x44, 0x7f, 0xfe, 0x00, 0xc6, 0x16, 0x1c, 0x44, 0x44, 0x44, 0x60, 0x00, 0x00, 0xc4, 0x40, 
  0x00, 0x00, 0xf0, 0x00, 0x00, 0x1a, 0x00, 0x8d, 0xb9, 0xe8, 0x00, 0x00, 0x00, 0x20, 0x00, 0x00, 0xe0, 0x00, 
  0x10, 0xa0, 0x78, 0x00, 0x00, 0x3a, 0x07, 0x0c, 0xe0, 0x04, 0x03, 0x00, 0x00, 0x20, 0x00, 0x00, 0x30, 0x00, 
  0x00, 0x60, 0x80, 0x00, 0x00, 0x3b, 0x1c, 0x02, 0x63, 0x04, 0x07, 0x00, 0x00, 0x30, 0x00, 0x00, 0x08, 0x00, 
  0x10, 0x00, 0xdc, 0x04, 0x44, 0x3d, 0xb4, 0x05, 0xff, 0xdc, 0x4d, 0x84, 0x44, 0x30, 0x00, 0x00, 0x34, 0x00, 
  0x01, 0xa0, 0xd8, 0x00, 0x00, 0x1f, 0xc0, 0x00, 0x1c, 0x78, 0x0d, 0x80, 0x00, 0x10, 0x00, 0x00, 0x20, 0x00, 
  0x00, 0x80, 0x5e, 0x00, 0x00, 0x06, 0x00, 0x00, 0x00, 0x00, 0x18, 0xc0, 0x00, 0x18, 0x00, 0x00, 0x10, 0x00, 
  0x00, 0x00, 0x75, 0xe0, 0x00, 0x00, 0x00, 0x00, 0x00, 0x00, 0x10, 0xc0, 0x00, 0x08, 0x00, 0x00, 0x10, 0x00, 
  0x00, 0x00, 0xfd, 0x74, 0x44, 0x44, 0x44, 0x44, 0x44, 0x44, 0x58, 0x44, 0x44, 0x4c, 0x00, 0x00, 0x1c, 0x40, 
  0x00, 0x00, 0x7e, 0xa0, 0x00, 0x00, 0x00, 0x00, 0x00, 0x00, 0x18, 0x60, 0x00, 0x0c, 0x00, 0x00, 0x08, 0x00, 
  0x00, 0x00, 0x2d, 0xc0, 0x00, 0x00, 0x00, 0x00, 0x00, 0x00, 0x10, 0x60, 0x00, 0x0c, 0x00, 0x00, 0x10, 0x00, 
  0x00, 0x00, 0x71, 0x40, 0x00, 0x00, 0x00, 0x00, 0x00, 0x00, 0x10, 0x70, 0x00, 0x18, 0x00, 0x00, 0x30, 0x00, 
  0x00, 0x80, 0x77, 0x64, 0x04, 0x44, 0x04, 0x44, 0x04, 0x44, 0x70, 0x34, 0x04, 0x50, 0x00, 0x07, 0xc4, 0x40, 
  0x00, 0x00, 0xc8, 0xe0, 0x00, 0x00, 0x00, 0x00, 0x00, 0x00, 0x60, 0x10, 0x00, 0x10, 0x00, 0x07, 0x80, 0x00, 
  0x00, 0x40, 0xe0, 0x00, 0x00, 0x00, 0x00, 0x00, 0x00, 0x00, 0x40, 0x0c, 0x00, 0x10, 0x00, 0x06, 0x00, 0x00, 
  0x00, 0x00, 0x10, 0x00, 0x00, 0x00, 0x00, 0x00, 0x00, 0x00, 0x40, 0x04, 0x00, 0x18, 0x00, 0x03, 0x00, 0x00, 
  0x00, 0x40, 0x74, 0x44, 0x44, 0x44, 0x44, 0x44, 0x44, 0x44, 0x60, 0x04, 0x44, 0x4c, 0x00, 0x01, 0x44, 0x40, 
  0x00, 0x00, 0x40, 0x00, 0x00, 0x00, 0x00, 0x00, 0x00, 0x00, 0x60, 0x04, 0x00, 0x1c, 0x00, 0x03, 0x00, 0x00, 
};

const lv_img_dsc_t anaden_laika_1_0 = {
  .header.cf = LV_IMG_CF_INDEXED_1BIT,
  .header.always_zero = 0,
  .header.reserved = 0,
  .header.w = 140,
  .header.h = 68,
  .data_size = 1232,
  .data = anaden_laika_1_0_map,
};

#ifndef LV_ATTRIBUTE_IMG_ANADEN_LAIKA_1_1
#define LV_ATTRIBUTE_IMG_ANADEN_LAIKA_1_1
#endif

const LV_ATTRIBUTE_MEM_ALIGN LV_ATTRIBUTE_LARGE_CONST LV_ATTRIBUTE_IMG_ANADEN_LAIKA_1_1 uint8_t anaden_laika_1_1_map[] = {
#if CONFIG_NICE_VIEW_WIDGET_INVERTED
        0xff, 0xff, 0xff, 0xff, /*Color of index 0*/
        0x00, 0x00, 0x00, 0xff, /*Color of index 1*/
#else
        0x00, 0x00, 0x00, 0xff, /*Color of index 0*/
        0xff, 0xff, 0xff, 0xff, /*Color of index 1*/
#endif

  0x00, 0x00, 0x5c, 0x40, 0x00, 0x00, 0x00, 0x00, 0x00, 0x00, 0x00, 0x60, 0x40, 0x00, 0x00, 0x48, 0x00, 0x00, 
  0x00, 0x00, 0xf4, 0xc0, 0x00, 0x00, 0x00, 0x00, 0x00, 0x00, 0x00, 0x20, 0xc0, 0x00, 0x00, 0x68, 0x00, 0x00, 
  0x00, 0x10, 0x2e, 0xc4, 0x44, 0x44, 0x44, 0x44, 0x44, 0x44, 0x44, 0x60, 0xc4, 0x44, 0x44, 0x64, 0x44, 0x40, 
  0x00, 0x10, 0x7b, 0x80, 0x00, 0x00, 0x00, 0x00, 0x00, 0x00, 0x00, 0xc0, 0x60, 0x00, 0x00, 0x26, 0x00, 0x00, 
  0x00, 0x00, 0x77, 0x00, 0x00, 0x00, 0x00, 0x00, 0x00, 0x00, 0x00, 0x80, 0x20, 0x00, 0x00, 0x22, 0x00, 0x00, 
  0x08, 0x00, 0xfe, 0x00, 0x00, 0x00, 0x00, 0x00, 0x00, 0x00, 0x00, 0xc0, 0x20, 0x00, 0x00, 0xc2, 0x00, 0x00, 
  0x08, 0x00, 0xfc, 0x04, 0x44, 0x04, 0x44, 0x04, 0x44, 0x04, 0x44, 0xc0, 0x34, 0x04, 0x44, 0x83, 0x44, 0x00, 
  0x08, 0x80, 0x50, 0x00, 0x00, 0x00, 0x00, 0x00, 0x00, 0x00, 0x00, 0x60, 0x10, 0x00, 0x00, 0xc1, 0x00, 0x00, 
  0x09, 0x00, 0x70, 0x00, 0x00, 0x00, 0x00, 0x00, 0x00, 0x00, 0x00, 0x20, 0x30, 0x00, 0x00, 0x43, 0x00, 0x00, 
  0x0c, 0x00, 0xc0, 0x00, 0x00, 0x00, 0x00, 0x00, 0x00, 0x00, 0x00, 0x20, 0x60, 0x00, 0x00, 0x43, 0x00, 0x00, 
  0x01, 0x00, 0x34, 0x44, 0x44, 0x44, 0x44, 0x44, 0x44, 0x44, 0x44, 0x60, 0x44, 0x44, 0x44, 0x81, 0xc4, 0x40, 
  0x01, 0x80, 0x60, 0x00, 0x00, 0x06, 0x00, 0x00, 0x00, 0x00, 0x00, 0x20, 0xc0, 0x00, 0x00, 0x80, 0x80, 0x00, 
  0x00, 0x80, 0x60, 0x00, 0x00, 0x1f, 0xc0, 0x00, 0x1c, 0x78, 0x00, 0x20, 0x80, 0x00, 0x00, 0x80, 0x80, 0x00, 
  0x04, 0x00, 0x74, 0x00, 0x00, 0x3d, 0xb0, 0x01, 0xff, 0xd8, 0x00, 0x20, 0x80, 0x00, 0x00, 0x81, 0x80, 0x00, 
  0x04, 0x00, 0x0c, 0x44, 0x04, 0x7b, 0x1c, 0x46, 0x63, 0x04, 0x04, 0x50, 0x84, 0x44, 0x04, 0xc1, 0x04, 0x40, 
  0x04, 0x80, 0x38, 0x00, 0x00, 0x3a, 0x07, 0x0c, 0xe0, 0x04, 0x00, 0x11, 0x80, 0x00, 0x00, 0x47, 0x00, 0x00, 
  0x00, 0x84, 0x70, 0x00, 0x00, 0x1a, 0x00, 0x8d, 0xb9, 0xe8, 0x00, 0x11, 0x00, 0x00, 0x00, 0x44, 0x00, 0x00, 
  0x01, 0x04, 0x1e, 0x00, 0x7f, 0xfe, 0x00, 0xc6, 0x16, 0x18, 0x00, 0x13, 0x00, 0x00, 0x00, 0x44, 0x00, 0x00, 
  0x00, 0x04, 0xf4, 0x45, 0x80, 0x01, 0xf0, 0x27, 0xf0, 0x14, 0x7f, 0xd2, 0x44, 0x44, 0x44, 0x64, 0x44, 0x40, 
  0x02, 0x10, 0x40, 0x06, 0x00, 0x00, 0x1c, 0x1f, 0x0f, 0x3f, 0xc0, 0xfc, 0x00, 0x00, 0x00, 0x24, 0x00, 0x00, 
  0x02, 0x00, 0xc0, 0x38, 0x00, 0x00, 0x00, 0x1c, 0x00, 0xfc, 0x47, 0xb3, 0x80, 0x00, 0x30, 0x28, 0x00, 0x00, 
  0x04, 0x00, 0xd1, 0xc0, 0x00, 0x00, 0x00, 0x28, 0x00, 0x19, 0xb8, 0x48, 0x70, 0x00, 0x78, 0x48, 0x00, 0x00, 
  0x00, 0x00, 0xe6, 0x00, 0x00, 0x00, 0x00, 0x00, 0x00, 0x0c, 0xc4, 0x93, 0xe4, 0x04, 0x4c, 0x4c, 0x44, 0x00, 
  0x00, 0x00, 0x5c, 0x00, 0x00, 0x00, 0x00, 0x10, 0x00, 0x07, 0x09, 0x7c, 0xc0, 0x00, 0x48, 0x58, 0x00, 0x00, 
  0x00, 0x00, 0xf8, 0x00, 0x00, 0x00, 0x00, 0x20, 0x00, 0x02, 0x07, 0x81, 0x00, 0x00, 0xcc, 0x70, 0x00, 0x00, 
  0x00, 0x00, 0xf8, 0x02, 0x00, 0x00, 0x00, 0x00, 0x07, 0x01, 0xf8, 0x06, 0x00, 0x01, 0x84, 0x60, 0x00, 0x00, 
  0x00, 0x20, 0xf0, 0x01, 0x00, 0x00, 0x00, 0x00, 0x0e, 0x80, 0x80, 0x1c, 0x44, 0x45, 0x06, 0x64, 0x44, 0x40, 
  0x01, 0x60, 0xf0, 0x04, 0x00, 0x00, 0x00, 0x00, 0x07, 0x00, 0x80, 0x30, 0x00, 0x01, 0x02, 0x00, 0x00, 0x00, 
  0x00, 0xe0, 0xf0, 0x0e, 0x00, 0x00, 0x00, 0x00, 0x00, 0x00, 0x83, 0xc0, 0x00, 0x01, 0x02, 0x00, 0x00, 0x00, 
  0x00, 0x01, 0xf8, 0x08, 0x00, 0x00, 0x00, 0x00, 0x00, 0x00, 0x7c, 0x00, 0x00, 0x03, 0x02, 0x00, 0x00, 0x00, 
  0x08, 0x40, 0xf8, 0x08, 0x00, 0x00, 0x00, 0x00, 0x40, 0x00, 0x6c, 0x44, 0x04, 0x46, 0x04, 0x44, 0x04, 0x40, 
  0x00, 0x20, 0xfc, 0x14, 0x00, 0x00, 0x00, 0x00, 0x40, 0x00, 0x48, 0x00, 0x00, 0x06, 0x06, 0x00, 0x00, 0x00, 
  0x00, 0x20, 0x6f, 0xf0, 0x00, 0x00, 0x00, 0x00, 0xc0, 0x00, 0x18, 0x00, 0x00, 0x06, 0x03, 0x00, 0x00, 0x00, 
  0x04, 0x00, 0xf0, 0xf0, 0x00, 0x00, 0x00, 0x01, 0x20, 0x00, 0x30, 0x00, 0x00, 0x06, 0x03, 0x00, 0x00, 0x00, 
  0x04, 0x00, 0xc4, 0xf0, 0x00, 0x00, 0x00, 0x01, 0x20, 0x00, 0x34, 0x44, 0x44, 0x44, 0x01, 0xc4, 0x44, 0x40, 
  0x00, 0x00, 0xef, 0xf0, 0x00, 0x00, 0x00, 0x00, 0xc0, 0x00, 0x18, 0x00, 0x00, 0x06, 0x01, 0xc0, 0x00, 0x00, 
  0x00, 0x00, 0xbc, 0x14, 0x00, 0x00, 0x00, 0x00, 0x40, 0x00, 0x48, 0x00, 0x00, 0x06, 0x00, 0x60, 0x00, 0x00, 
  0x00, 0x00, 0xf8, 0x08, 0x00, 0x00, 0x00, 0x00, 0x40, 0x00, 0x68, 0x00, 0x00, 0x0e, 0x00, 0x20, 0x00, 0x00, 
  0x04, 0x00, 0xf8, 0x08, 0x00, 0x00, 0x00, 0x00, 0x00, 0x00, 0x7c, 0x04, 0x44, 0x0e, 0x00, 0x24, 0x44, 0x00, 
  0x00, 0x00, 0xf0, 0x0e, 0x00, 0x00, 0x00, 0x00, 0x00, 0x00, 0x83, 0xc0, 0x00, 0x08, 0x00, 0x20, 0x00, 0x00, 
  0x00, 0x08, 0xf0, 0x04, 0x00, 0x00, 0x00, 0x00, 0x07, 0x00, 0x80, 0x30, 0x00, 0x08, 0x00, 0x60, 0x00, 0x00, 
  0x00, 0x00, 0xf0, 0x01, 0x00, 0x00, 0x00, 0x00, 0x0e, 0x80, 0x80, 0x18, 0x00, 0x08, 0x00, 0x30, 0x00, 0x00, 
  0x00, 0x00, 0xf8, 0x02, 0x00, 0x00, 0x00, 0x00, 0x07, 0x01, 0xf8, 0x06, 0x44, 0x4c, 0x00, 0x14, 0x44, 0x40, 
  0x00, 0x02, 0xf8, 0x00, 0x00, 0x00, 0x00, 0x20, 0x00, 0x02, 0x07, 0x81, 0x00, 0x0c, 0x00, 0x1c, 0x00, 0x00, 
  0x02, 0x02, 0x7c, 0x00, 0x00, 0x00, 0x00, 0x10, 0x00, 0x07, 0x09, 0x7c, 0xc0, 0x08, 0x00, 0x04, 0x00, 0x00, 
  0x00, 0x00, 0xc6, 0x00, 0x00, 0x00, 0x00, 0x00, 0x00, 0x0c, 0xc4, 0x93, 0xe0, 0x18, 0x00, 0x04, 0x00, 0x00, 
  0x00, 0x02, 0x25, 0xc0, 0x00, 0x00, 0x00, 0x28, 0x00, 0x19, 0x3c, 0x48, 0x74, 0x50, 0x00, 0x04, 0x04, 0x40, 
  0x00, 0x82, 0xf0, 0x38, 0x00, 0x00, 0x00, 0x1c, 0x00, 0xfc, 0xc7, 0xb3, 0x80, 0x30, 0x00, 0x06, 0x00, 0x00, 
  0x10, 0x00, 0x40, 0x06, 0x00, 0x00, 0x1c, 0x1f, 0x0f, 0x3f, 0xc0, 0xfc, 0x00, 0x30, 0x00, 0x07, 0x80, 0x00, 
  0x10, 0x82, 0x60, 0x01, 0x80, 0x01, 0xf0, 0x23, 0xf0, 0x10, 0x7f, 0xc0, 0x00, 0x20, 0x00, 0x07, 0x80, 0x00, 
  0x00, 0x42, 0x14, 0x44, 0x7f, 0xfe, 0x00, 0xc6, 0x16, 0x1c, 0x44, 0x44, 0x44, 0x60, 0x00, 0x00, 0xc4, 0x40, 
  0x00, 0x00, 0xf0, 0x00, 0x00, 0x1a, 0x00, 0x8d, 0xb9, 0xe8, 0x00, 0x00, 0x00, 0x20, 0x00, 0x00, 0xe0, 0x00, 
  0x10, 0xa0, 0x78, 0x00, 0x00, 0x3a, 0x07, 0x0c, 0xe0, 0x04, 0x03, 0x00, 0x00, 0x20, 0x00, 0x00, 0x30, 0x00, 
  0x00, 0x60, 0x80, 0x00, 0x00, 0x3b, 0x1c, 0x02, 0x63, 0x04, 0x07, 0x00, 0x00, 0x30, 0x00, 0x00, 0x08, 0x00, 
  0x10, 0x00, 0xdc, 0x04, 0x44, 0x3d, 0xb4, 0x05, 0xff, 0xdc, 0x4d, 0x84, 0x44, 0x30, 0x00, 0x00, 0x34, 0x00, 
  0x01, 0xa0, 0xd8, 0x00, 0x00, 0x1f, 0xc0, 0x00, 0x1c, 0x78, 0x0d, 0x80, 0x00, 0x10, 0x00, 0x00, 0x20, 0x00, 
  0x00, 0x80, 0x5e, 0x00, 0x00, 0x06, 0x00, 0x00, 0x00, 0x00, 0x18, 0xc0, 0x00, 0x18, 0x00, 0x00, 0x10, 0x00, 
  0x00, 0x00, 0x75, 0xe0, 0x00, 0x00, 0x00, 0x00, 0x00, 0x00, 0x10, 0xc0, 0x00, 0x08, 0x00, 0x00, 0x10, 0x00, 
  0x00, 0x00, 0xfd, 0x74, 0x44, 0x44, 0x44, 0x44, 0x44, 0x44, 0x58, 0x44, 0x44, 0x4c, 0x00, 0x00, 0x1c, 0x40, 
  0x00, 0x00, 0x7e, 0xa0, 0x00, 0x00, 0x00, 0x00, 0x00, 0x00, 0x18, 0x60, 0x00, 0x0c, 0x00, 0x00, 0x08, 0x00, 
  0x00, 0x00, 0x2d, 0xc0, 0x00, 0x00, 0x00, 0x00, 0x00, 0x00, 0x10, 0x60, 0x00, 0x0c, 0x00, 0x00, 0x10, 0x00, 
  0x00, 0x00, 0x71, 0x40, 0x00, 0x00, 0x00, 0x00, 0x00, 0x00, 0x10, 0x70, 0x00, 0x18, 0x00, 0x00, 0x30, 0x00, 
  0x00, 0x80, 0x77, 0x64, 0x04, 0x44, 0x04, 0x44, 0x04, 0x44, 0x70, 0x34, 0x04, 0x50, 0x00, 0x07, 0xc4, 0x40, 
  0x00, 0x00, 0xc8, 0xe0, 0x00, 0x00, 0x00, 0x00, 0x00, 0x00, 0x60, 0x10, 0x00, 0x10, 0x00, 0x07, 0x80, 0x00, 
  0x00, 0x40, 0xe0, 0x00, 0x00, 0x00, 0x00, 0x00, 0x00, 0x00, 0x40, 0x0c, 0x00, 0x10, 0x00, 0x06, 0x00, 0x00, 
  0x00, 0x00, 0x10, 0x00, 0x00, 0x00, 0x00, 0x00, 0x00, 0x00, 0x40, 0x04, 0x00, 0x18, 0x00, 0x03, 0x00, 0x00, 
  0x00, 0x40, 0x74, 0x44, 0x44, 0x44, 0x44, 0x44, 0x44, 0x44, 0x60, 0x04, 0x44, 0x4c, 0x00, 0x01, 0x44, 0x40, 
  0x00, 0x00, 0x40, 0x00, 0x00, 0x00, 0x00, 0x00, 0x00, 0x00, 0x60, 0x04, 0x00, 0x1c, 0x00, 0x03, 0x00, 0x00, 
};

const lv_img_dsc_t anaden_laika_1_1 = {
  .header.cf = LV_IMG_CF_INDEXED_1BIT,
  .header.always_zero = 0,
  .header.reserved = 0,
  .header.w = 140,
  .header.h = 68,
  .data_size = 1232,
  .data = anaden_laika_1_1_map,
};

#ifndef LV_ATTRIBUTE_IMG_ANADEN_LAIKA_1_2
#define LV_ATTRIBUTE_IMG_ANADEN_LAIKA_1_2
#endif

const LV_ATTRIBUTE_MEM_ALIGN LV_ATTRIBUTE_LARGE_CONST LV_ATTRIBUTE_IMG_ANADEN_LAIKA_1_2 uint8_t anaden_laika_1_2_map[] = {
#if CONFIG_NICE_VIEW_WIDGET_INVERTED
        0xff, 0xff, 0xff, 0xff, /*Color of index 0*/
        0x00, 0x00, 0x00, 0xff, /*Color of index 1*/
#else
        0x00, 0x00, 0x00, 0xff, /*Color of index 0*/
        0xff, 0xff, 0xff, 0xff, /*Color of index 1*/
#endif

  0x00, 0x00, 0x5c, 0x40, 0x00, 0x00, 0x00, 0x00, 0x00, 0x00, 0x00, 0xc0, 0x60, 0x00, 0x00, 0x26, 0x00, 0x00, 
  0x00, 0x00, 0xf4, 0xc0, 0x00, 0x00, 0x00, 0x00, 0x00, 0x00, 0x00, 0x80, 0x20, 0x00, 0x00, 0x22, 0x00, 0x00, 
  0x00, 0x10, 0x2e, 0xc4, 0x44, 0x44, 0x44, 0x44, 0x44, 0x44, 0x44, 0xc0, 0x24, 0x44, 0x44, 0xc2, 0x44, 0x40, 
  0x00, 0x10, 0x7b, 0x80, 0x00, 0x00, 0x00, 0x00, 0x00, 0x00, 0x00, 0xc0, 0x30, 0x00, 0x00, 0x83, 0x00, 0x00, 
  0x00, 0x00, 0x77, 0x00, 0x00, 0x00, 0x00, 0x00, 0x00, 0x00, 0x00, 0x60, 0x10, 0x00, 0x00, 0xc1, 0x00, 0x00, 
  0x08, 0x00, 0xfe, 0x00, 0x00, 0x00, 0x00, 0x00, 0x00, 0x00, 0x00, 0x20, 0x30, 0x00, 0x00, 0x43, 0x00, 0x00, 
  0x08, 0x00, 0xfc, 0x04, 0x44, 0x04, 0x44, 0x04, 0x44, 0x04, 0x44, 0x20, 0x64, 0x04, 0x44, 0x43, 0x44, 0x00, 
  0x08, 0x80, 0x50, 0x00, 0x00, 0x00, 0x00, 0x00, 0x00, 0x00, 0x00, 0x20, 0x40, 0x00, 0x00, 0x81, 0x80, 0x00, 
  0x09, 0x00, 0x70, 0x00, 0x00, 0x00, 0x00, 0x00, 0x00, 0x00, 0x00, 0x20, 0xc0, 0x00, 0x00, 0x80, 0x80, 0x00, 
  0x0c, 0x00, 0xc0, 0x00, 0x00, 0x07, 0x00, 0x00, 0x00, 0x00, 0x00, 0x20, 0x80, 0x00, 0x00, 0x80, 0x80, 0x00, 
  0x01, 0x00, 0x34, 0x44, 0x44, 0x4f, 0xc4, 0x44, 0x44, 0x44, 0x44, 0x60, 0xc4, 0x44, 0x44, 0x81, 0xc4, 0x40, 
  0x01, 0x80, 0x60, 0x00, 0x00, 0x1e, 0xe0, 0x00, 0x00, 0x00, 0x00, 0x10, 0x80, 0x00, 0x00, 0xc1, 0x00, 0x00, 
  0x00, 0x80, 0x60, 0x00, 0x00, 0x1d, 0xb0, 0x00, 0x31, 0xc0, 0x00, 0x11, 0x80, 0x00, 0x00, 0x47, 0x00, 0x00, 
  0x04, 0x00, 0x74, 0x00, 0x00, 0x1a, 0x18, 0x07, 0x7e, 0x70, 0x00, 0x11, 0x00, 0x00, 0x00, 0x44, 0x00, 0x00, 
  0x04, 0x00, 0x0c, 0x44, 0x04, 0x4c, 0x0c, 0x4b, 0xcc, 0x3c, 0x04, 0x53, 0x04, 0x44, 0x04, 0x44, 0x04, 0x40, 
  0x04, 0x80, 0x38, 0x00, 0x00, 0x0c, 0x06, 0x13, 0xdf, 0x0c, 0x00, 0x12, 0x00, 0x00, 0x00, 0x64, 0x00, 0x00, 
  0x00, 0x84, 0x70, 0x00, 0x00, 0x06, 0x01, 0x16, 0x61, 0xe4, 0x00, 0x0c, 0x00, 0x00, 0x00, 0x24, 0x00, 0x00, 
  0x01, 0x04, 0x1e, 0x00, 0xff, 0xff, 0x00, 0x88, 0x20, 0x38, 0x00, 0x04, 0x00, 0x00, 0x30, 0x28, 0x00, 0x00, 
  0x00, 0x04, 0xf4, 0x4f, 0x00, 0x03, 0xc0, 0x4f, 0xf0, 0x75, 0xfc, 0x44, 0x44, 0x44, 0x78, 0x4c, 0x44, 0x40, 
  0x02, 0x10, 0x40, 0x30, 0x00, 0x00, 0x38, 0x7c, 0x3f, 0xff, 0x8f, 0xc0, 0x00, 0x00, 0x48, 0x48, 0x00, 0x00, 
  0x02, 0x00, 0xc0, 0xe0, 0x00, 0x00, 0x00, 0x30, 0x00, 0x78, 0x46, 0x7c, 0x00, 0x00, 0x48, 0x58, 0x00, 0x00, 
  0x04, 0x00, 0xd1, 0x80, 0x00, 0x00, 0x00, 0x50, 0x00, 0x11, 0xb9, 0xb7, 0x00, 0x00, 0xcc, 0x70, 0x00, 0x00, 
  0x00, 0x00, 0xe6, 0x00, 0x00, 0x00, 0x00, 0x00, 0x00, 0x08, 0xc4, 0x4b, 0xc4, 0x05, 0x84, 0x64, 0x44, 0x00, 
  0x00, 0x00, 0x4c, 0x00, 0x00, 0x00, 0x00, 0x20, 0x00, 0x0b, 0x08, 0x9d, 0x80, 0x01, 0x06, 0x60, 0x00, 0x00, 
  0x00, 0x00, 0xf8, 0x00, 0x00, 0x00, 0x00, 0x40, 0x00, 0x04, 0x01, 0x73, 0x00, 0x01, 0x02, 0x00, 0x00, 0x00, 
  0x00, 0x00, 0xf8, 0x00, 0x00, 0x00, 0x00, 0x00, 0x1c, 0x02, 0x3f, 0x86, 0x00, 0x01, 0x02, 0x00, 0x00, 0x00, 
  0x00, 0x20, 0xf0, 0x00, 0x80, 0x00, 0x00, 0x00, 0x3a, 0x03, 0xf8, 0x1c, 0x44, 0x43, 0x02, 0x44, 0x44, 0x40, 
  0x01, 0x60, 0xf0, 0x06, 0x00, 0x00, 0x00, 0x00, 0x1c, 0x01, 0x00, 0x30, 0x00, 0x06, 0x04, 0x00, 0x00, 0x00, 
  0x00, 0xe0, 0xf0, 0x07, 0x00, 0x00, 0x00, 0x00, 0x00, 0x01, 0x03, 0xc0, 0x00, 0x06, 0x06, 0x00, 0x00, 0x00, 
  0x00, 0x01, 0xf0, 0x05, 0x00, 0x00, 0x00, 0x00, 0x00, 0x01, 0xce, 0x00, 0x00, 0x06, 0x03, 0x00, 0x00, 0x00, 
  0x08, 0x40, 0xf8, 0x0c, 0x00, 0x00, 0x00, 0x00, 0x80, 0x01, 0xb4, 0x44, 0x04, 0x46, 0x03, 0x04, 0x04, 0x40, 
  0x00, 0x20, 0xf8, 0x0a, 0x00, 0x00, 0x00, 0x00, 0x80, 0x01, 0x20, 0x00, 0x00, 0x04, 0x01, 0xc0, 0x00, 0x00, 
  0x00, 0x20, 0x7f, 0x10, 0x00, 0x00, 0x00, 0x01, 0x80, 0x00, 0x60, 0x00, 0x00, 0x06, 0x01, 0xc0, 0x00, 0x00, 
  0x04, 0x00, 0xf3, 0xf0, 0x00, 0x00, 0x00, 0x02, 0x40, 0x00, 0xc0, 0x00, 0x00, 0x06, 0x00, 0x60, 0x00, 0x00, 
  0x04, 0x00, 0xc7, 0xf0, 0x00, 0x00, 0x00, 0x02, 0x40, 0x00, 0xc4, 0x44, 0x44, 0x4e, 0x00, 0x24, 0x44, 0x40, 
  0x00, 0x00, 0xff, 0x10, 0x00, 0x00, 0x00, 0x01, 0x80, 0x00, 0x60, 0x00, 0x00, 0x0e, 0x00, 0x20, 0x00, 0x00, 
  0x00, 0x00, 0xf8, 0x0a, 0x00, 0x00, 0x00, 0x00, 0x80, 0x01, 0x20, 0x00, 0x00, 0x08, 0x00, 0x20, 0x00, 0x00, 
  0x00, 0x00, 0xf8, 0x0c, 0x00, 0x00, 0x00, 0x00, 0x80, 0x01, 0xb0, 0x00, 0x00, 0x08, 0x00, 0x60, 0x00, 0x00, 
  0x04, 0x00, 0xf0, 0x05, 0x00, 0x00, 0x00, 0x00, 0x00, 0x01, 0xce, 0x04, 0x44, 0x08, 0x00, 0x30, 0x44, 0x00, 
  0x00, 0x00, 0xf0, 0x07, 0x00, 0x00, 0x00, 0x00, 0x00, 0x01, 0x03, 0xc0, 0x00, 0x0c, 0x00, 0x10, 0x00, 0x00, 
  0x00, 0x08, 0xf0, 0x06, 0x00, 0x00, 0x00, 0x00, 0x1c, 0x01, 0x00, 0x30, 0x00, 0x0c, 0x00, 0x1c, 0x00, 0x00, 
  0x00, 0x00, 0xf0, 0x00, 0x80, 0x00, 0x00, 0x00, 0x3a, 0x03, 0xf8, 0x18, 0x00, 0x08, 0x00, 0x04, 0x00, 0x00, 
  0x00, 0x00, 0xf8, 0x00, 0x00, 0x00, 0x00, 0x00, 0x1c, 0x02, 0x3f, 0x86, 0x44, 0x58, 0x00, 0x04, 0x44, 0x40, 
  0x00, 0x02, 0xf8, 0x00, 0x00, 0x00, 0x00, 0x40, 0x00, 0x04, 0x01, 0x73, 0x00, 0x10, 0x00, 0x04, 0x00, 0x00, 
  0x02, 0x02, 0x6c, 0x00, 0x00, 0x00, 0x00, 0x20, 0x00, 0x0b, 0x08, 0x9d, 0x80, 0x30, 0x00, 0x06, 0x00, 0x00, 
  0x00, 0x00, 0xc6, 0x00, 0x00, 0x00, 0x00, 0x00, 0x00, 0x08, 0xc4, 0x4b, 0xc0, 0x30, 0x00, 0x07, 0x80, 0x00, 
  0x00, 0x02, 0x25, 0x80, 0x00, 0x00, 0x00, 0x50, 0x00, 0x11, 0xb9, 0xb7, 0x04, 0x60, 0x00, 0x07, 0x84, 0x40, 
  0x00, 0x82, 0xf0, 0xe0, 0x00, 0x00, 0x00, 0x30, 0x00, 0x78, 0x46, 0x7c, 0x00, 0x20, 0x00, 0x00, 0xc0, 0x00, 
  0x10, 0x00, 0x40, 0x30, 0x00, 0x00, 0x38, 0x7c, 0x3f, 0xff, 0x8f, 0xc0, 0x00, 0x20, 0x00, 0x00, 0xe0, 0x00, 
  0x10, 0x82, 0x60, 0x0f, 0x00, 0x03, 0xc0, 0x4f, 0xf0, 0x71, 0xff, 0x00, 0x00, 0x20, 0x00, 0x00, 0x30, 0x00, 
  0x00, 0x42, 0x14, 0x44, 0xff, 0xff, 0x00, 0xc8, 0x20, 0x3c, 0x47, 0x04, 0x44, 0x70, 0x00, 0x00, 0x0c, 0x40, 
  0x00, 0x00, 0xf0, 0x00, 0x00, 0x06, 0x01, 0x96, 0x61, 0xe4, 0x0d, 0x80, 0x00, 0x30, 0x00, 0x00, 0x30, 0x00, 
  0x10, 0xa0, 0x78, 0x00, 0x00, 0x0c, 0x06, 0x13, 0xdf, 0x0c, 0x0d, 0x80, 0x00, 0x10, 0x00, 0x00, 0x20, 0x00, 
  0x00, 0x60, 0x80, 0x00, 0x00, 0x0c, 0x0c, 0x0b, 0xcc, 0x38, 0x18, 0xc0, 0x00, 0x18, 0x00, 0x00, 0x10, 0x00, 
  0x10, 0x00, 0xdc, 0x04, 0x44, 0x1a, 0x1c, 0x07, 0x7e, 0x74, 0x50, 0xc4, 0x44, 0x08, 0x00, 0x00, 0x14, 0x00, 
  0x01, 0xa0, 0xd8, 0x00, 0x00, 0x1d, 0xb0, 0x00, 0x31, 0xc0, 0x18, 0x40, 0x00, 0x0c, 0x00, 0x00, 0x18, 0x00, 
  0x00, 0x80, 0x5e, 0x00, 0x00, 0x1e, 0xe0, 0x00, 0x00, 0x00, 0x18, 0x60, 0x00, 0x0c, 0x00, 0x00, 0x08, 0x00, 
  0x00, 0x00, 0x75, 0xe0, 0x00, 0x0f, 0xc0, 0x00, 0x00, 0x00, 0x10, 0x60, 0x00, 0x0c, 0x00, 0x00, 0x10, 0x00, 
  0x00, 0x00, 0xfd, 0x74, 0x44, 0x47, 0x44, 0x44, 0x44, 0x44, 0x10, 0x70, 0x44, 0x58, 0x00, 0x00, 0x34, 0x40, 
  0x00, 0x00, 0x7e, 0xa0, 0x00, 0x00, 0x00, 0x00, 0x00, 0x00, 0x70, 0x30, 0x00, 0x10, 0x00, 0x07, 0xc0, 0x00, 
  0x00, 0x00, 0x2d, 0xc0, 0x00, 0x00, 0x00, 0x00, 0x00, 0x00, 0x60, 0x10, 0x00, 0x10, 0x00, 0x07, 0x80, 0x00, 
  0x00, 0x00, 0x71, 0x40, 0x00, 0x00, 0x00, 0x00, 0x00, 0x00, 0x40, 0x0c, 0x00, 0x10, 0x00, 0x06, 0x00, 0x00, 
  0x00, 0x80, 0x77, 0x64, 0x04, 0x44, 0x04, 0x44, 0x04, 0x44, 0x40, 0x04, 0x04, 0x58, 0x00, 0x03, 0x04, 0x40, 
  0x00, 0x00, 0xc8, 0xe0, 0x00, 0x00, 0x00, 0x00, 0x00, 0x00, 0x60, 0x04, 0x00, 0x0c, 0x00, 0x01, 0x00, 0x00, 
  0x00, 0x40, 0xe0, 0x00, 0x00, 0x00, 0x00, 0x00, 0x00, 0x00, 0x60, 0x04, 0x00, 0x1c, 0x00, 0x03, 0x00, 0x00, 
  0x00, 0x00, 0x10, 0x00, 0x00, 0x00, 0x00, 0x00, 0x00, 0x00, 0x20, 0x04, 0x00, 0x20, 0x00, 0x02, 0x00, 0x00, 
  0x00, 0x40, 0x74, 0x44, 0x44, 0x44, 0x44, 0x44, 0x44, 0x44, 0x60, 0x04, 0x44, 0x60, 0x00, 0x03, 0xc4, 0x40, 
  0x00, 0x00, 0x40, 0x00, 0x00, 0x00, 0x00, 0x00, 0x00, 0x00, 0x40, 0x08, 0x00, 0x20, 0x00, 0x01, 0x80, 0x00, 
};

const lv_img_dsc_t anaden_laika_1_2 = {
  .header.cf = LV_IMG_CF_INDEXED_1BIT,
  .header.always_zero = 0,
  .header.reserved = 0,
  .header.w = 140,
  .header.h = 68,
  .data_size = 1232,
  .data = anaden_laika_1_2_map,
};

#ifndef LV_ATTRIBUTE_IMG_ANADEN_LAIKA_1_3
#define LV_ATTRIBUTE_IMG_ANADEN_LAIKA_1_3
#endif

const LV_ATTRIBUTE_MEM_ALIGN LV_ATTRIBUTE_LARGE_CONST LV_ATTRIBUTE_IMG_ANADEN_LAIKA_1_3 uint8_t anaden_laika_1_3_map[] = {
#if CONFIG_NICE_VIEW_WIDGET_INVERTED
        0xff, 0xff, 0xff, 0xff, /*Color of index 0*/
        0x00, 0x00, 0x00, 0xff, /*Color of index 1*/
#else
        0x00, 0x00, 0x00, 0xff, /*Color of index 0*/
        0xff, 0xff, 0xff, 0xff, /*Color of index 1*/
#endif

  0x00, 0x00, 0x5c, 0x40, 0x00, 0x00, 0x00, 0x00, 0x00, 0x00, 0x00, 0x60, 0x10, 0x00, 0x00, 0xc1, 0x00, 0x00, 
  0x00, 0x00, 0xf4, 0xc0, 0x00, 0x00, 0x00, 0x00, 0x00, 0x00, 0x00, 0x20, 0x30, 0x00, 0x00, 0x43, 0x00, 0x00, 
  0x00, 0x10, 0x2e, 0xc4, 0x44, 0x44, 0x44, 0x44, 0x44, 0x44, 0x44, 0x60, 0x64, 0x44, 0x44, 0x43, 0x44, 0x40, 
  0x00, 0x10, 0x7b, 0x80, 0x00, 0x00, 0x00, 0x00, 0x00, 0x00, 0x00, 0x20, 0x40, 0x00, 0x00, 0x81, 0x80, 0x00, 
  0x00, 0x00, 0x77, 0x00, 0x00, 0x00, 0x00, 0x00, 0x00, 0x00, 0x00, 0x20, 0xc0, 0x00, 0x00, 0x80, 0x80, 0x00, 
  0x08, 0x00, 0xfe, 0x00, 0x00, 0x00, 0x00, 0x00, 0x00, 0x00, 0x00, 0x20, 0x80, 0x00, 0x00, 0x80, 0x80, 0x00, 
  0x08, 0x00, 0xfc, 0x04, 0x44, 0x04, 0x44, 0x04, 0x44, 0x04, 0x44, 0x20, 0xc4, 0x04, 0x44, 0x81, 0xc4, 0x00, 
  0x08, 0x80, 0x50, 0x00, 0x00, 0x00, 0x00, 0x00, 0x00, 0x00, 0x00, 0x10, 0x80, 0x00, 0x00, 0xc1, 0x00, 0x00, 
  0x09, 0x00, 0x70, 0x00, 0x00, 0x00, 0x00, 0x00, 0x00, 0x00, 0x00, 0x11, 0x80, 0x00, 0x00, 0x47, 0x00, 0x00, 
  0x0c, 0x00, 0xc0, 0x00, 0x00, 0x07, 0x00, 0x00, 0x00, 0x00, 0x00, 0x11, 0x00, 0x00, 0x00, 0x44, 0x00, 0x00, 
  0x01, 0x00, 0x34, 0x44, 0x44, 0x4f, 0xc4, 0x44, 0x44, 0x44, 0x44, 0x53, 0x44, 0x44, 0x44, 0x44, 0x44, 0x40, 
  0x01, 0x80, 0x60, 0x00, 0x00, 0x1e, 0xe0, 0x00, 0x00, 0x00, 0x00, 0x12, 0x00, 0x00, 0x00, 0x64, 0x00, 0x00, 
  0x00, 0x80, 0x60, 0x00, 0x00, 0x1d, 0xb0, 0x00, 0x31, 0xc0, 0x00, 0x0c, 0x00, 0x00, 0x00, 0x24, 0x00, 0x00, 
  0x04, 0x00, 0x74, 0x00, 0x00, 0x1a, 0x18, 0x07, 0x7e, 0x70, 0x00, 0x04, 0x00, 0x00, 0x30, 0x28, 0x00, 0x00, 
  0x04, 0x00, 0x0c, 0x44, 0x04, 0x4c, 0x0c, 0x4b, 0xcc, 0x3c, 0x04, 0x44, 0x04, 0x44, 0x7c, 0x4c, 0x04, 0x40, 
  0x04, 0x80, 0x38, 0x00, 0x00, 0x0c, 0x06, 0x13, 0xdf, 0x0c, 0x00, 0x00, 0x00, 0x00, 0x48, 0x48, 0x00, 0x00, 
  0x00, 0x84, 0x70, 0x00, 0x00, 0x06, 0x01, 0x16, 0x61, 0xe4, 0x00, 0x00, 0x00, 0x00, 0x48, 0x58, 0x00, 0x00, 
  0x01, 0x04, 0x1e, 0x00, 0xff, 0xff, 0x00, 0x88, 0x20, 0x38, 0x00, 0x00, 0x00, 0x00, 0xcc, 0x70, 0x00, 0x00, 
  0x00, 0x04, 0xf4, 0x4f, 0x00, 0x03, 0xc0, 0x4f, 0xf0, 0x75, 0xfc, 0x44, 0x44, 0x45, 0x84, 0x64, 0x44, 0x40, 
  0x02, 0x10, 0x40, 0x30, 0x00, 0x00, 0x38, 0x7c, 0x3f, 0xff, 0x8f, 0xc0, 0x00, 0x01, 0x06, 0x60, 0x00, 0x00, 
  0x02, 0x00, 0xc0, 0xe0, 0x00, 0x00, 0x00, 0x30, 0x00, 0x78, 0x46, 0x7c, 0x00, 0x01, 0x02, 0x00, 0x00, 0x00, 
  0x04, 0x00, 0xd1, 0x80, 0x00, 0x00, 0x00, 0x50, 0x00, 0x11, 0xb9, 0xb7, 0x00, 0x01, 0x02, 0x00, 0x00, 0x00, 
  0x00, 0x00, 0xe6, 0x00, 0x00, 0x00, 0x00, 0x00, 0x00, 0x08, 0xc4, 0x4b, 0xc4, 0x07, 0x02, 0x04, 0x44, 0x00, 
  0x00, 0x00, 0x4c, 0x00, 0x00, 0x00, 0x00, 0x20, 0x00, 0x0b, 0x08, 0x9d, 0x80, 0x06, 0x04, 0x00, 0x00, 0x00, 
  0x00, 0x00, 0xf8, 0x00, 0x00, 0x00, 0x00, 0x40, 0x00, 0x04, 0x01, 0x73, 0x00, 0x06, 0x06, 0x00, 0x00, 0x00, 
  0x00, 0x00, 0xf8, 0x00, 0x00, 0x00, 0x00, 0x00, 0x1c, 0x02, 0x3f, 0x86, 0x00, 0x06, 0x03, 0x00, 0x00, 0x00, 
  0x00, 0x20, 0xf0, 0x00, 0x80, 0x00, 0x00, 0x00, 0x3a, 0x03, 0xf8, 0x1c, 0x44, 0x46, 0x03, 0x44, 0x44, 0x40, 
  0x01, 0x60, 0xf0, 0x06, 0x00, 0x00, 0x00, 0x00, 0x1c, 0x01, 0x00, 0x30, 0x00, 0x04, 0x01, 0xc0, 0x00, 0x00, 
  0x00, 0xe0, 0xf0, 0x07, 0x00, 0x00, 0x00, 0x00, 0x00, 0x01, 0x03, 0xc0, 0x00, 0x06, 0x01, 0xc0, 0x00, 0x00, 
  0x00, 0x01, 0xf0, 0x05, 0x00, 0x00, 0x00, 0x00, 0x00, 0x01, 0xce, 0x00, 0x00, 0x06, 0x00, 0x60, 0x00, 0x00, 
  0x08, 0x40, 0xf8, 0x0c, 0x00, 0x00, 0x00, 0x00, 0x80, 0x01, 0xb4, 0x44, 0x04, 0x4e, 0x00, 0x24, 0x04, 0x40, 
  0x00, 0x20, 0xf8, 0x0a, 0x00, 0x00, 0x00, 0x00, 0x80, 0x01, 0x20, 0x00, 0x00, 0x0e, 0x00, 0x20, 0x00, 0x00, 
  0x00, 0x20, 0x7f, 0x10, 0x00, 0x00, 0x00, 0x01, 0x80, 0x00, 0x60, 0x00, 0x00, 0x08, 0x00, 0x20, 0x00, 0x00, 
  0x04, 0x00, 0xf3, 0xf0, 0x00, 0x00, 0x00, 0x02, 0x40, 0x00, 0xc0, 0x00, 0x00, 0x08, 0x00, 0x60, 0x00, 0x00, 
  0x04, 0x00, 0xc7, 0xf0, 0x00, 0x00, 0x00, 0x02, 0x40, 0x00, 0xc4, 0x44, 0x44, 0x48, 0x00, 0x34, 0x44, 0x40, 
  0x00, 0x00, 0xff, 0x10, 0x00, 0x00, 0x00, 0x01, 0x80, 0x00, 0x60, 0x00, 0x00, 0x0c, 0x00, 0x10, 0x00, 0x00, 
  0x00, 0x00, 0xf8, 0x0a, 0x00, 0x00, 0x00, 0x00, 0x80, 0x01, 0x20, 0x00, 0x00, 0x0c, 0x00, 0x1c, 0x00, 0x00, 
  0x00, 0x00, 0xf8, 0x0c, 0x00, 0x00, 0x00, 0x00, 0x80, 0x01, 0xb0, 0x00, 0x00, 0x08, 0x00, 0x04, 0x00, 0x00, 
  0x04, 0x00, 0xf0, 0x05, 0x00, 0x00, 0x00, 0x00, 0x00, 0x01, 0xce, 0x04, 0x44, 0x18, 0x00, 0x04, 0x44, 0x00, 
  0x00, 0x00, 0xf0, 0x07, 0x00, 0x00, 0x00, 0x00, 0x00, 0x01, 0x03, 0xc0, 0x00, 0x10, 0x00, 0x04, 0x00, 0x00, 
  0x00, 0x08, 0xf0, 0x06, 0x00, 0x00, 0x00, 0x00, 0x1c, 0x01, 0x00, 0x30, 0x00, 0x30, 0x00, 0x06, 0x00, 0x00, 
  0x00, 0x00, 0xf0, 0x00, 0x80, 0x00, 0x00, 0x00, 0x3a, 0x03, 0xf8, 0x18, 0x00, 0x30, 0x00, 0x07, 0x80, 0x00, 
  0x00, 0x00, 0xf8, 0x00, 0x00, 0x00, 0x00, 0x00, 0x1c, 0x02, 0x3f, 0x86, 0x44, 0x60, 0x00, 0x07, 0xc4, 0x40, 
  0x00, 0x02, 0xf8, 0x00, 0x00, 0x00, 0x00, 0x40, 0x00, 0x04, 0x01, 0x73, 0x00, 0x20, 0x00, 0x00, 0xc0, 0x00, 
  0x02, 0x02, 0x6c, 0x00, 0x00, 0x00, 0x00, 0x20, 0x00, 0x0b, 0x08, 0x9d, 0x80, 0x20, 0x00, 0x00, 0xe0, 0x00, 
  0x00, 0x00, 0xc6, 0x00, 0x00, 0x00, 0x00, 0x00, 0x00, 0x08, 0xc4, 0x4b, 0xc0, 0x20, 0x00, 0x00, 0x30, 0x00, 
  0x00, 0x02, 0x25, 0x80, 0x00, 0x00, 0x00, 0x50, 0x00, 0x11, 0xb9, 0xb7, 0x04, 0x70, 0x00, 0x00, 0x0c, 0x40, 
  0x00, 0x82, 0xf0, 0xe0, 0x00, 0x00, 0x00, 0x30, 0x00, 0x78, 0x46, 0x7c, 0x00, 0x30, 0x00, 0x00, 0x30, 0x00, 
  0x10, 0x00, 0x40, 0x30, 0x00, 0x00, 0x38, 0x7c, 0x3f, 0xff, 0x8f, 0xc0, 0x00, 0x10, 0x00, 0x00, 0x20, 0x00, 
  0x10, 0x82, 0x60, 0x0f, 0x00, 0x03, 0xc0, 0x4f, 0xf0, 0x71, 0xfc, 0xc0, 0x00, 0x18, 0x00, 0x00, 0x10, 0x00, 
  0x00, 0x42, 0x14, 0x44, 0xff, 0xff, 0x00, 0xc8, 0x20, 0x3c, 0x50, 0xc4, 0x44, 0x48, 0x00, 0x00, 0x14, 0x40, 
  0x00, 0x00, 0xf0, 0x00, 0x00, 0x06, 0x01, 0x96, 0x61, 0xe4, 0x18, 0x40, 0x00, 0x0c, 0x00, 0x00, 0x18, 0x00, 
  0x10, 0xa0, 0x78, 0x00, 0x00, 0x0c, 0x06, 0x13, 0xdf, 0x0c, 0x18, 0x60, 0x00, 0x0c, 0x00, 0x00, 0x08, 0x00, 
  0x00, 0x60, 0x80, 0x00, 0x00, 0x0c, 0x0c, 0x0b, 0xcc, 0x38, 0x10, 0x60, 0x00, 0x0c, 0x00, 0x00, 0x10, 0x00, 
  0x10, 0x00, 0xdc, 0x04, 0x44, 0x1a, 0x1c, 0x07, 0x7e, 0x74, 0x50, 0x74, 0x44, 0x18, 0x00, 0x00, 0x34, 0x00, 
  0x01, 0xa0, 0xd8, 0x00, 0x00, 0x1d, 0xb0, 0x00, 0x31, 0xc0, 0x70, 0x30, 0x00, 0x10, 0x00, 0x07, 0xc0, 0x00, 
  0x00, 0x80, 0x5e, 0x00, 0x00, 0x1e, 0xe0, 0x00, 0x00, 0x00, 0x60, 0x10, 0x00, 0x10, 0x00, 0x07, 0x80, 0x00, 
  0x00, 0x00, 0x75, 0xe0, 0x00, 0x0f, 0xc0, 0x00, 0x00, 0x00, 0x40, 0x0c, 0x00, 0x10, 0x00, 0x06, 0x00, 0x00, 
  0x00, 0x00, 0xfd, 0x74, 0x44, 0x47, 0x44, 0x44, 0x44, 0x44, 0x40, 0x04, 0x44, 0x58, 0x00, 0x03, 0x44, 0x40, 
  0x00, 0x00, 0x7e, 0xa0, 0x00, 0x00, 0x00, 0x00, 0x00, 0x00, 0x60, 0x04, 0x00, 0x0c, 0x00, 0x01, 0x00, 0x00, 
  0x00, 0x00, 0x2d, 0xc0, 0x00, 0x00, 0x00, 0x00, 0x00, 0x00, 0x60, 0x04, 0x00, 0x1c, 0x00, 0x03, 0x00, 0x00, 
  0x00, 0x00, 0x71, 0x40, 0x00, 0x00, 0x00, 0x00, 0x00, 0x00, 0x20, 0x04, 0x00, 0x20, 0x00, 0x02, 0x00, 0x00, 
  0x00, 0x80, 0x77, 0x64, 0x04, 0x44, 0x04, 0x44, 0x04, 0x44, 0x60, 0x04, 0x04, 0x60, 0x00, 0x03, 0x84, 0x40, 
  0x00, 0x00, 0xc8, 0xe0, 0x00, 0x00, 0x00, 0x00, 0x00, 0x00, 0x40, 0x08, 0x00, 0x20, 0x00, 0x01, 0x80, 0x00, 
  0x00, 0x40, 0xe0, 0x00, 0x00, 0x00, 0x00, 0x00, 0x00, 0x00, 0x60, 0x08, 0x00, 0x60, 0x00, 0x00, 0x80, 0x00, 
  0x00, 0x00, 0x10, 0x00, 0x00, 0x00, 0x00, 0x00, 0x00, 0x00, 0x60, 0x08, 0x00, 0x40, 0x00, 0x00, 0xc0, 0x00, 
  0x00, 0x40, 0x74, 0x44, 0x44, 0x44, 0x44, 0x44, 0x44, 0x44, 0x50, 0x14, 0x44, 0x60, 0x00, 0x01, 0xc4, 0x40, 
  0x00, 0x00, 0x40, 0x00, 0x00, 0x00, 0x00, 0x00, 0x00, 0x00, 0x10, 0x10, 0x00, 0x10, 0x00, 0x01, 0xc0, 0x00, 
};

const lv_img_dsc_t anaden_laika_1_3 = {
  .header.cf = LV_IMG_CF_INDEXED_1BIT,
  .header.always_zero = 0,
  .header.reserved = 0,
  .header.w = 140,
  .header.h = 68,
  .data_size = 1232,
  .data = anaden_laika_1_3_map,
};

#ifndef LV_ATTRIBUTE_IMG_ANADEN_LAIKA_1_4
#define LV_ATTRIBUTE_IMG_ANADEN_LAIKA_1_4
#endif

const LV_ATTRIBUTE_MEM_ALIGN LV_ATTRIBUTE_LARGE_CONST LV_ATTRIBUTE_IMG_ANADEN_LAIKA_1_4 uint8_t anaden_laika_1_4_map[] = {
#if CONFIG_NICE_VIEW_WIDGET_INVERTED
        0xff, 0xff, 0xff, 0xff, /*Color of index 0*/
        0x00, 0x00, 0x00, 0xff, /*Color of index 1*/
#else
        0x00, 0x00, 0x00, 0xff, /*Color of index 0*/
        0xff, 0xff, 0xff, 0xff, /*Color of index 1*/
#endif

  0x00, 0x00, 0x5c, 0x40, 0x00, 0x00, 0x00, 0x00, 0x00, 0x00, 0x00, 0x60, 0x10, 0x00, 0x00, 0xc1, 0x00, 0x00, 
  0x00, 0x00, 0xf4, 0xc0, 0x00, 0x00, 0x00, 0x00, 0x00, 0x00, 0x00, 0x20, 0x30, 0x00, 0x00, 0x43, 0x00, 0x00, 
  0x00, 0x10, 0x2e, 0xc4, 0x44, 0x44, 0x44, 0x44, 0x44, 0x44, 0x44, 0x60, 0x64, 0x44, 0x44, 0x43, 0x44, 0x40, 
  0x00, 0x10, 0x7b, 0x80, 0x00, 0x00, 0x00, 0x00, 0x00, 0x00, 0x00, 0x20, 0x40, 0x00, 0x00, 0x81, 0x80, 0x00, 
  0x00, 0x00, 0x77, 0x00, 0x00, 0x00, 0x00, 0x00, 0x00, 0x00, 0x00, 0x20, 0xc0, 0x00, 0x00, 0x80, 0x80, 0x00, 
  0x08, 0x00, 0xfe, 0x00, 0x00, 0x00, 0x00, 0x00, 0x00, 0x00, 0x00, 0x20, 0x80, 0x00, 0x00, 0x80, 0x80, 0x00, 
  0x08, 0x00, 0xfc, 0x04, 0x44, 0x04, 0x44, 0x04, 0x44, 0x04, 0x44, 0x20, 0xc4, 0x04, 0x44, 0x81, 0xc4, 0x00, 
  0x08, 0x80, 0x50, 0x00, 0x00, 0x00, 0x00, 0x00, 0x00, 0x00, 0x00, 0x10, 0x80, 0x00, 0x00, 0xc1, 0x00, 0x00, 
  0x09, 0x00, 0x70, 0x00, 0x00, 0x01, 0xe0, 0x00, 0x00, 0x00, 0x00, 0x11, 0x80, 0x00, 0x00, 0x47, 0x00, 0x00, 
  0x0c, 0x00, 0xc0, 0x00, 0x00, 0x03, 0xf0, 0x00, 0x00, 0x00, 0x00, 0x11, 0x00, 0x00, 0x00, 0x44, 0x00, 0x00, 
  0x01, 0x00, 0x34, 0x44, 0x44, 0x47, 0xdc, 0x44, 0x44, 0x44, 0x44, 0x53, 0x44, 0x44, 0x44, 0x44, 0x44, 0x40, 
  0x01, 0x80, 0x60, 0x00, 0x00, 0x07, 0xa8, 0x00, 0x00, 0x00, 0x00, 0x12, 0x00, 0x00, 0x00, 0x64, 0x00, 0x00, 
  0x00, 0x80, 0x60, 0x00, 0x00, 0x07, 0x44, 0x00, 0x60, 0x00, 0x00, 0x0c, 0x00, 0x00, 0x00, 0x24, 0x00, 0x00, 
  0x04, 0x00, 0x74, 0x00, 0x00, 0x06, 0x82, 0x0e, 0xff, 0xe0, 0x00, 0x04, 0x00, 0x00, 0x30, 0x28, 0x00, 0x00, 
  0x04, 0x00, 0x0c, 0x44, 0x04, 0x47, 0x03, 0x57, 0x98, 0x74, 0x04, 0x44, 0x04, 0x44, 0x7c, 0x4c, 0x04, 0x40, 
  0x04, 0x80, 0x38, 0x00, 0x00, 0x03, 0x01, 0x2f, 0x6f, 0x18, 0x00, 0x00, 0x00, 0x00, 0x48, 0x48, 0x00, 0x00, 
  0x00, 0x84, 0x70, 0x00, 0x7f, 0x81, 0x00, 0xa9, 0x81, 0xe8, 0x00, 0x00, 0x00, 0x00, 0x48, 0x58, 0x00, 0x00, 
  0x01, 0x04, 0x1e, 0x03, 0x80, 0xfd, 0x80, 0xb0, 0x80, 0x78, 0x00, 0x00, 0x00, 0x00, 0xcc, 0x70, 0x00, 0x00, 
  0x00, 0x04, 0xf4, 0x4c, 0x00, 0x03, 0xc0, 0x7f, 0x83, 0xf4, 0x44, 0x44, 0x44, 0x45, 0x84, 0x64, 0x44, 0x40, 
  0x02, 0x10, 0x40, 0x30, 0x00, 0x00, 0x38, 0x78, 0x7f, 0xff, 0xe0, 0x00, 0x00, 0x01, 0x06, 0x60, 0x00, 0x00, 
  0x02, 0x00, 0xc0, 0xe0, 0x00, 0x00, 0x00, 0x60, 0x00, 0xf8, 0x7f, 0x80, 0x00, 0x01, 0x02, 0x00, 0x00, 0x00, 
  0x04, 0x00, 0xd3, 0x80, 0x00, 0x00, 0x00, 0x80, 0x00, 0x20, 0x80, 0xf0, 0x00, 0x01, 0x02, 0x00, 0x00, 0x00, 
  0x00, 0x00, 0xec, 0x00, 0x00, 0x00, 0x00, 0x00, 0x00, 0x13, 0x4c, 0x0c, 0x44, 0x07, 0x02, 0x04, 0x44, 0x00, 
  0x00, 0x00, 0x5c, 0x00, 0x00, 0x00, 0x00, 0x40, 0x00, 0x19, 0xb3, 0x67, 0x00, 0x06, 0x04, 0x00, 0x00, 0x00, 
  0x00, 0x00, 0xf8, 0x01, 0x00, 0x00, 0x00, 0x80, 0x00, 0x0e, 0x08, 0x9b, 0xc0, 0x06, 0x06, 0x00, 0x00, 0x00, 
  0x00, 0x00, 0xf0, 0x01, 0x00, 0x00, 0x00, 0x00, 0x38, 0x04, 0x31, 0xf7, 0x80, 0x06, 0x03, 0x00, 0x00, 0x00, 
  0x00, 0x20, 0xf0, 0x02, 0x80, 0x00, 0x00, 0x00, 0x74, 0x07, 0xff, 0x46, 0x44, 0x46, 0x03, 0x44, 0x44, 0x40, 
  0x01, 0x60, 0xf0, 0x02, 0x00, 0x00, 0x00, 0x00, 0x38, 0x02, 0xf0, 0x0c, 0x00, 0x04, 0x01, 0xc0, 0x00, 0x00, 
  0x00, 0xe0, 0xf0, 0x03, 0x00, 0x00, 0x00, 0x00, 0x00, 0x02, 0x00, 0x30, 0x00, 0x06, 0x01, 0xc0, 0x00, 0x00, 
  0x00, 0x01, 0xf0, 0x07, 0x00, 0x00, 0x00, 0x00, 0x00, 0x03, 0x81, 0xc0, 0x00, 0x06, 0x00, 0x60, 0x00, 0x00, 
  0x08, 0x40, 0xf0, 0x06, 0x00, 0x00, 0x00, 0x01, 0x00, 0x03, 0x4e, 0x44, 0x04, 0x4e, 0x00, 0x24, 0x04, 0x40, 
  0x00, 0x20, 0xf8, 0x04, 0x00, 0x00, 0x00, 0x01, 0x00, 0x02, 0x70, 0x00, 0x00, 0x0e, 0x00, 0x20, 0x00, 0x00, 
  0x00, 0x20, 0x7f, 0x08, 0x00, 0x00, 0x00, 0x03, 0x00, 0x00, 0xc0, 0x00, 0x00, 0x08, 0x00, 0x20, 0x00, 0x00, 
  0x04, 0x00, 0xf3, 0xfc, 0x00, 0x00, 0x00, 0x04, 0x80, 0x01, 0x80, 0x00, 0x00, 0x08, 0x00, 0x60, 0x00, 0x00, 
  0x04, 0x00, 0xc7, 0xfc, 0x00, 0x00, 0x00, 0x04, 0x80, 0x01, 0xc4, 0x44, 0x44, 0x48, 0x00, 0x34, 0x44, 0x40, 
  0x00, 0x00, 0xff, 0x08, 0x00, 0x00, 0x00, 0x03, 0x00, 0x00, 0xc0, 0x00, 0x00, 0x0c, 0x00, 0x10, 0x00, 0x00, 
  0x00, 0x00, 0xf8, 0x04, 0x00, 0x00, 0x00, 0x01, 0x00, 0x02, 0x70, 0x00, 0x00, 0x0c, 0x00, 0x1c, 0x00, 0x00, 
  0x00, 0x00, 0xf0, 0x06, 0x00, 0x00, 0x00, 0x01, 0x00, 0x03, 0x4e, 0x00, 0x00, 0x08, 0x00, 0x04, 0x00, 0x00, 
  0x04, 0x00, 0xf0, 0x07, 0x00, 0x00, 0x00, 0x00, 0x00, 0x03, 0x81, 0xc4, 0x44, 0x18, 0x00, 0x04, 0x44, 0x00, 
  0x00, 0x00, 0xf0, 0x03, 0x00, 0x00, 0x00, 0x00, 0x00, 0x02, 0x00, 0x30, 0x00, 0x10, 0x00, 0x04, 0x00, 0x00, 
  0x00, 0x08, 0xf0, 0x02, 0x00, 0x00, 0x00, 0x00, 0x38, 0x02, 0xf0, 0x0c, 0x00, 0x30, 0x00, 0x06, 0x00, 0x00, 
  0x00, 0x00, 0xf0, 0x02, 0x80, 0x00, 0x00, 0x00, 0x74, 0x07, 0xff, 0x06, 0x00, 0x30, 0x00, 0x07, 0x80, 0x00, 
  0x00, 0x00, 0xf0, 0x00, 0x00, 0x00, 0x00, 0x00, 0x38, 0x04, 0x31, 0xe7, 0xc4, 0x60, 0x00, 0x07, 0xc4, 0x40, 
  0x00, 0x02, 0xf8, 0x01, 0x00, 0x00, 0x00, 0x80, 0x00, 0x0e, 0x08, 0x9b, 0xc0, 0x20, 0x00, 0x00, 0xc0, 0x00, 
  0x02, 0x02, 0x7c, 0x00, 0x00, 0x00, 0x00, 0x40, 0x00, 0x19, 0xb3, 0x67, 0x00, 0x20, 0x00, 0x00, 0xe0, 0x00, 
  0x00, 0x00, 0xcc, 0x00, 0x00, 0x00, 0x00, 0x00, 0x00, 0x13, 0x4c, 0x0c, 0x00, 0x20, 0x00, 0x00, 0x30, 0x00, 
  0x00, 0x02, 0x27, 0x80, 0x00, 0x00, 0x00, 0x80, 0x00, 0x20, 0x80, 0xf4, 0x04, 0x70, 0x00, 0x00, 0x0c, 0x40, 
  0x00, 0x82, 0xf0, 0xe0, 0x00, 0x00, 0x00, 0x60, 0x00, 0xf8, 0x7f, 0x80, 0x00, 0x30, 0x00, 0x00, 0x30, 0x00, 
  0x10, 0x00, 0x40, 0x30, 0x00, 0x00, 0x38, 0x78, 0x7f, 0xff, 0xed, 0x80, 0x00, 0x10, 0x00, 0x00, 0x20, 0x00, 
  0x10, 0x82, 0x60, 0x0c, 0x00, 0x03, 0xc0, 0x7f, 0x83, 0xf0, 0x18, 0xc0, 0x00, 0x18, 0x00, 0x00, 0x10, 0x00, 
  0x00, 0x42, 0x14, 0x47, 0x80, 0xfd, 0x80, 0xf0, 0x80, 0x7c, 0x50, 0xc4, 0x44, 0x48, 0x00, 0x00, 0x14, 0x40, 
  0x00, 0x00, 0xf0, 0x00, 0x7f, 0x81, 0x00, 0xa9, 0x81, 0xe8, 0x18, 0x40, 0x00, 0x0c, 0x00, 0x00, 0x18, 0x00, 
  0x10, 0xa0, 0x78, 0x00, 0x00, 0x03, 0x01, 0x2f, 0x6f, 0x18, 0x18, 0x60, 0x00, 0x0c, 0x00, 0x00, 0x08, 0x00, 
  0x00, 0x60, 0x80, 0x00, 0x00, 0x03, 0x03, 0x17, 0x98, 0x70, 0x10, 0x60, 0x00, 0x0c, 0x00, 0x00, 0x10, 0x00, 
  0x10, 0x00, 0xdc, 0x04, 0x44, 0x06, 0x82, 0x0e, 0xff, 0xe4, 0x50, 0x74, 0x44, 0x18, 0x00, 0x00, 0x34, 0x00, 
  0x01, 0xa0, 0xd8, 0x00, 0x00, 0x07, 0x44, 0x00, 0x60, 0x00, 0x70, 0x30, 0x00, 0x10, 0x00, 0x07, 0xc0, 0x00, 
  0x00, 0x80, 0x5e, 0x00, 0x00, 0x07, 0xa8, 0x00, 0x00, 0x00, 0x60, 0x10, 0x00, 0x10, 0x00, 0x07, 0x80, 0x00, 
  0x00, 0x00, 0x75, 0xe0, 0x00, 0x07, 0xd8, 0x00, 0x00, 0x00, 0x40, 0x0c, 0x00, 0x10, 0x00, 0x06, 0x00, 0x00, 
  0x00, 0x00, 0xfd, 0x74, 0x44, 0x47, 0xf4, 0x44, 0x44, 0x44, 0x40, 0x04, 0x44, 0x58, 0x00, 0x03, 0x44, 0x40, 
  0x00, 0x00, 0x7e, 0xa0, 0x00, 0x01, 0xe0, 0x00, 0x00, 0x00, 0x60, 0x04, 0x00, 0x0c, 0x00, 0x01, 0x00, 0x00, 
  0x00, 0x00, 0x2d, 0xc0, 0x00, 0x00, 0x00, 0x00, 0x00, 0x00, 0x60, 0x04, 0x00, 0x1c, 0x00, 0x03, 0x00, 0x00, 
  0x00, 0x00, 0x71, 0x40, 0x00, 0x00, 0x00, 0x00, 0x00, 0x00, 0x20, 0x04, 0x00, 0x20, 0x00, 0x02, 0x00, 0x00, 
  0x00, 0x80, 0x77, 0x64, 0x04, 0x44, 0x04, 0x44, 0x04, 0x44, 0x60, 0x04, 0x04, 0x60, 0x00, 0x03, 0x84, 0x40, 
  0x00, 0x00, 0xc8, 0xe0, 0x00, 0x00, 0x00, 0x00, 0x00, 0x00, 0x40, 0x08, 0x00, 0x20, 0x00, 0x01, 0x80, 0x00, 
  0x00, 0x40, 0xe0, 0x00, 0x00, 0x00, 0x00, 0x00, 0x00, 0x00, 0x60, 0x08, 0x00, 0x60, 0x00, 0x00, 0x80, 0x00, 
  0x00, 0x00, 0x10, 0x00, 0x00, 0x00, 0x00, 0x00, 0x00, 0x00, 0x60, 0x08, 0x00, 0x40, 0x00, 0x00, 0xc0, 0x00, 
  0x00, 0x40, 0x74, 0x44, 0x44, 0x44, 0x44, 0x44, 0x44, 0x44, 0x50, 0x14, 0x44, 0x60, 0x00, 0x01, 0xc4, 0x40, 
  0x00, 0x00, 0x40, 0x00, 0x00, 0x00, 0x00, 0x00, 0x00, 0x00, 0x10, 0x10, 0x00, 0x10, 0x00, 0x01, 0xc0, 0x00, 
};

const lv_img_dsc_t anaden_laika_1_4 = {
  .header.cf = LV_IMG_CF_INDEXED_1BIT,
  .header.always_zero = 0,
  .header.reserved = 0,
  .header.w = 140,
  .header.h = 68,
  .data_size = 1232,
  .data = anaden_laika_1_4_map,
};

#ifndef LV_ATTRIBUTE_IMG_ANADEN_LAIKA_1_5
#define LV_ATTRIBUTE_IMG_ANADEN_LAIKA_1_5
#endif

const LV_ATTRIBUTE_MEM_ALIGN LV_ATTRIBUTE_LARGE_CONST LV_ATTRIBUTE_IMG_ANADEN_LAIKA_1_5 uint8_t anaden_laika_1_5_map[] = {
#if CONFIG_NICE_VIEW_WIDGET_INVERTED
        0xff, 0xff, 0xff, 0xff, /*Color of index 0*/
        0x00, 0x00, 0x00, 0xff, /*Color of index 1*/
#else
        0x00, 0x00, 0x00, 0xff, /*Color of index 0*/
        0xff, 0xff, 0xff, 0xff, /*Color of index 1*/
#endif

  0x00, 0x00, 0x5c, 0x40, 0x00, 0x00, 0x00, 0x00, 0x00, 0x00, 0x00, 0x20, 0x80, 0x00, 0x00, 0x80, 0x80, 0x00, 
  0x00, 0x00, 0xf4, 0xc0, 0x00, 0x00, 0x00, 0x00, 0x00, 0x00, 0x00, 0x20, 0x80, 0x00, 0x00, 0x81, 0x80, 0x00, 
  0x00, 0x10, 0x2e, 0xc4, 0x44, 0x44, 0x44, 0x44, 0x44, 0x44, 0x44, 0x50, 0xc4, 0x44, 0x44, 0xc1, 0x44, 0x40, 
  0x00, 0x10, 0x7b, 0x80, 0x00, 0x00, 0x00, 0x00, 0x00, 0x00, 0x00, 0x11, 0x80, 0x00, 0x00, 0x47, 0x00, 0x00, 
  0x00, 0x00, 0x77, 0x00, 0x00, 0x00, 0x00, 0x00, 0x00, 0x00, 0x00, 0x11, 0x00, 0x00, 0x00, 0x44, 0x00, 0x00, 
  0x08, 0x00, 0xfe, 0x00, 0x00, 0x00, 0x00, 0x00, 0x00, 0x00, 0x00, 0x13, 0x00, 0x00, 0x00, 0x44, 0x00, 0x00, 
  0x08, 0x00, 0xfc, 0x04, 0x44, 0x04, 0x44, 0x04, 0x44, 0x04, 0x44, 0x12, 0x44, 0x04, 0x44, 0x64, 0x44, 0x00, 
  0x08, 0x80, 0x50, 0x00, 0x00, 0x00, 0x00, 0x00, 0x00, 0x00, 0x00, 0x0c, 0x00, 0x00, 0x00, 0x24, 0x00, 0x00, 
  0x09, 0x00, 0x70, 0x00, 0x00, 0x01, 0xe0, 0x00, 0x00, 0x00, 0x00, 0x04, 0x00, 0x00, 0x30, 0x28, 0x00, 0x00, 
  0x0c, 0x00, 0xc0, 0x00, 0x00, 0x03, 0xf0, 0x00, 0x00, 0x00, 0x00, 0x00, 0x00, 0x00, 0x78, 0x48, 0x00, 0x00, 
  0x01, 0x00, 0x34, 0x44, 0x44, 0x47, 0xdc, 0x44, 0x44, 0x44, 0x44, 0x44, 0x44, 0x44, 0x48, 0x4c, 0x44, 0x40, 
  0x01, 0x80, 0x60, 0x00, 0x00, 0x07, 0xa8, 0x00, 0x00, 0x00, 0x00, 0x00, 0x00, 0x00, 0x48, 0x58, 0x00, 0x00, 
  0x00, 0x80, 0x60, 0x00, 0x00, 0x07, 0x44, 0x00, 0x60, 0x00, 0x00, 0x00, 0x00, 0x00, 0xcc, 0x70, 0x00, 0x00, 
  0x04, 0x00, 0x74, 0x00, 0x00, 0x06, 0x82, 0x0e, 0xff, 0xe0, 0x00, 0x00, 0x00, 0x01, 0x84, 0x60, 0x00, 0x00, 
  0x04, 0x00, 0x0c, 0x44, 0x04, 0x47, 0x03, 0x57, 0x98, 0x74, 0x04, 0x44, 0x04, 0x45, 0x06, 0x64, 0x04, 0x40, 
  0x04, 0x80, 0x38, 0x00, 0x00, 0x03, 0x01, 0x2f, 0x6f, 0x18, 0x00, 0x00, 0x00, 0x01, 0x02, 0x00, 0x00, 0x00, 
  0x00, 0x84, 0x70, 0x00, 0x7f, 0x81, 0x00, 0xa9, 0x81, 0xe8, 0x00, 0x00, 0x00, 0x01, 0x02, 0x00, 0x00, 0x00, 
  0x01, 0x04, 0x1e, 0x03, 0x80, 0xfd, 0x80, 0xb0, 0x80, 0x78, 0x00, 0x00, 0x00, 0x03, 0x02, 0x00, 0x00, 0x00, 
  0x00, 0x04, 0xf4, 0x4c, 0x00, 0x03, 0xc0, 0x7f, 0x83, 0xf4, 0x44, 0x44, 0x44, 0x46, 0x04, 0x44, 0x44, 0x40, 
  0x02, 0x10, 0x40, 0x30, 0x00, 0x00, 0x38, 0x78, 0x7f, 0xff, 0xe0, 0x00, 0x00, 0x06, 0x06, 0x00, 0x00, 0x00, 
  0x02, 0x00, 0xc0, 0xe0, 0x00, 0x00, 0x00, 0x60, 0x00, 0xf8, 0x7f, 0x80, 0x00, 0x06, 0x03, 0x00, 0x00, 0x00, 
  0x04, 0x00, 0xd3, 0x80, 0x00, 0x00, 0x00, 0x80, 0x00, 0x20, 0x80, 0xf0, 0x00, 0x06, 0x03, 0x00, 0x00, 0x00, 
  0x00, 0x00, 0xec, 0x00, 0x00, 0x00, 0x00, 0x00, 0x00, 0x13, 0x4c, 0x0c, 0x44, 0x04, 0x01, 0xc4, 0x44, 0x00, 
  0x00, 0x00, 0x5c, 0x00, 0x00, 0x00, 0x00, 0x40, 0x00, 0x19, 0xb3, 0x67, 0x00, 0x06, 0x01, 0xc0, 0x00, 0x00, 
  0x00, 0x00, 0xf8, 0x01, 0x00, 0x00, 0x00, 0x80, 0x00, 0x0e, 0x08, 0x9b, 0xc0, 0x06, 0x00, 0x60, 0x00, 0x00, 
  0x00, 0x00, 0xf0, 0x01, 0x00, 0x00, 0x00, 0x00, 0x38, 0x04, 0x31, 0xf7, 0x80, 0x0e, 0x00, 0x20, 0x00, 0x00, 
  0x00, 0x20, 0xf0, 0x02, 0x80, 0x00, 0x00, 0x00, 0x74, 0x07, 0xff, 0x46, 0x44, 0x4e, 0x00, 0x24, 0x44, 0x40, 
  0x01, 0x60, 0xf0, 0x02, 0x00, 0x00, 0x00, 0x00, 0x38, 0x02, 0xf0, 0x0c, 0x00, 0x08, 0x00, 0x20, 0x00, 0x00, 
  0x00, 0xe0, 0xf0, 0x03, 0x00, 0x00, 0x00, 0x00, 0x00, 0x02, 0x00, 0x30, 0x00, 0x08, 0x00, 0x60, 0x00, 0x00, 
  0x00, 0x01, 0xf0, 0x07, 0x00, 0x00, 0x00, 0x00, 0x00, 0x03, 0x81, 0xc0, 0x00, 0x08, 0x00, 0x30, 0x00, 0x00, 
  0x08, 0x40, 0xf0, 0x06, 0x00, 0x00, 0x00, 0x01, 0x00, 0x03, 0x4e, 0x44, 0x04, 0x4c, 0x00, 0x10, 0x04, 0x40, 
  0x00, 0x20, 0xf8, 0x04, 0x00, 0x00, 0x00, 0x01, 0x00, 0x02, 0x70, 0x00, 0x00, 0x0c, 0x00, 0x1c, 0x00, 0x00, 
  0x00, 0x20, 0x7f, 0x08, 0x00, 0x00, 0x00, 0x03, 0x00, 0x00, 0xc0, 0x00, 0x00, 0x08, 0x00, 0x04, 0x00, 0x00, 
  0x04, 0x00, 0xf3, 0xfc, 0x00, 0x00, 0x00, 0x04, 0x80, 0x01, 0x80, 0x00, 0x00, 0x18, 0x00, 0x04, 0x00, 0x00, 
  0x04, 0x00, 0xc7, 0xfc, 0x00, 0x00, 0x00, 0x04, 0x80, 0x01, 0xc4, 0x44, 0x44, 0x50, 0x00, 0x04, 0x44, 0x40, 
  0x00, 0x00, 0xff, 0x08, 0x00, 0x00, 0x00, 0x03, 0x00, 0x00, 0xc0, 0x00, 0x00, 0x30, 0x00, 0x06, 0x00, 0x00, 
  0x00, 0x00, 0xf8, 0x04, 0x00, 0x00, 0x00, 0x01, 0x00, 0x02, 0x70, 0x00, 0x00, 0x30, 0x00, 0x07, 0x80, 0x00, 
  0x00, 0x00, 0xf0, 0x06, 0x00, 0x00, 0x00, 0x01, 0x00, 0x03, 0x4e, 0x00, 0x00, 0x20, 0x00, 0x07, 0x80, 0x00, 
  0x04, 0x00, 0xf0, 0x07, 0x00, 0x00, 0x00, 0x00, 0x00, 0x03, 0x81, 0xc4, 0x44, 0x20, 0x00, 0x00, 0xc4, 0x00, 
  0x00, 0x00, 0xf0, 0x03, 0x00, 0x00, 0x00, 0x00, 0x00, 0x02, 0x00, 0x30, 0x00, 0x20, 0x00, 0x00, 0xe0, 0x00, 
  0x00, 0x08, 0xf0, 0x02, 0x00, 0x00, 0x00, 0x00, 0x38, 0x02, 0xf0, 0x0c, 0x00, 0x20, 0x00, 0x00, 0x30, 0x00, 
  0x00, 0x00, 0xf0, 0x02, 0x80, 0x00, 0x00, 0x00, 0x74, 0x07, 0xff, 0x06, 0x00, 0x30, 0x00, 0x00, 0x08, 0x00, 
  0x00, 0x00, 0xf0, 0x00, 0x00, 0x00, 0x00, 0x00, 0x38, 0x04, 0x31, 0xe7, 0xc4, 0x70, 0x00, 0x00, 0x34, 0x40, 
  0x00, 0x02, 0xf8, 0x01, 0x00, 0x00, 0x00, 0x80, 0x00, 0x0e, 0x08, 0x9b, 0xc0, 0x10, 0x00, 0x00, 0x20, 0x00, 
  0x02, 0x02, 0x7c, 0x00, 0x00, 0x00, 0x00, 0x40, 0x00, 0x19, 0xb3, 0x67, 0x00, 0x18, 0x00, 0x00, 0x10, 0x00, 
  0x00, 0x00, 0xcc, 0x00, 0x00, 0x00, 0x00, 0x00, 0x00, 0x13, 0x4c, 0x0c, 0x00, 0x08, 0x00, 0x00, 0x10, 0x00, 
  0x00, 0x02, 0x27, 0x80, 0x00, 0x00, 0x00, 0x80, 0x00, 0x20, 0x80, 0xf4, 0x04, 0x4c, 0x00, 0x00, 0x1c, 0x40, 
  0x00, 0x82, 0xf0, 0xe0, 0x00, 0x00, 0x00, 0x60, 0x00, 0xf8, 0x7f, 0xe0, 0x00, 0x0c, 0x00, 0x00, 0x08, 0x00, 
  0x10, 0x00, 0x40, 0x30, 0x00, 0x00, 0x38, 0x78, 0x7f, 0xff, 0xf0, 0x60, 0x00, 0x0c, 0x00, 0x00, 0x10, 0x00, 
  0x10, 0x82, 0x60, 0x0c, 0x00, 0x03, 0xc0, 0x7f, 0x83, 0xf0, 0x10, 0x70, 0x00, 0x18, 0x00, 0x00, 0x30, 0x00, 
  0x00, 0x42, 0x14, 0x47, 0x80, 0xfd, 0x80, 0xf0, 0x80, 0x7c, 0x70, 0x30, 0x44, 0x50, 0x00, 0x07, 0xc4, 0x40, 
  0x00, 0x00, 0xf0, 0x00, 0x7f, 0x81, 0x00, 0xa9, 0x81, 0xe8, 0x60, 0x10, 0x00, 0x10, 0x00, 0x07, 0x80, 0x00, 
  0x10, 0xa0, 0x78, 0x00, 0x00, 0x03, 0x01, 0x2f, 0x6f, 0x18, 0x40, 0x0c, 0x00, 0x10, 0x00, 0x06, 0x00, 0x00, 
  0x00, 0x60, 0x80, 0x00, 0x00, 0x03, 0x03, 0x17, 0x98, 0x70, 0x40, 0x04, 0x00, 0x18, 0x00, 0x03, 0x00, 0x00, 
  0x10, 0x00, 0xdc, 0x04, 0x44, 0x06, 0x82, 0x0e, 0xff, 0xe4, 0x60, 0x04, 0x44, 0x0c, 0x00, 0x01, 0x44, 0x00, 
  0x01, 0xa0, 0xd8, 0x00, 0x00, 0x07, 0x44, 0x00, 0x60, 0x00, 0x60, 0x04, 0x00, 0x1c, 0x00, 0x03, 0x00, 0x00, 
  0x00, 0x80, 0x5e, 0x00, 0x00, 0x07, 0xa8, 0x00, 0x00, 0x00, 0x20, 0x04, 0x00, 0x20, 0x00, 0x02, 0x00, 0x00, 
  0x00, 0x00, 0x75, 0xe0, 0x00, 0x07, 0xd8, 0x00, 0x00, 0x00, 0x60, 0x04, 0x00, 0x20, 0x00, 0x03, 0x80, 0x00, 
  0x00, 0x00, 0xfd, 0x74, 0x44, 0x47, 0xf4, 0x44, 0x44, 0x44, 0x40, 0x0c, 0x44, 0x60, 0x00, 0x01, 0xc4, 0x40, 
  0x00, 0x00, 0x7e, 0xa0, 0x00, 0x01, 0xe0, 0x00, 0x00, 0x00, 0x60, 0x08, 0x00, 0x60, 0x00, 0x00, 0x80, 0x00, 
  0x00, 0x00, 0x2d, 0xc0, 0x00, 0x00, 0x00, 0x00, 0x00, 0x00, 0x60, 0x08, 0x00, 0x40, 0x00, 0x00, 0xc0, 0x00, 
  0x00, 0x00, 0x71, 0x40, 0x00, 0x00, 0x00, 0x00, 0x00, 0x00, 0x10, 0x10, 0x00, 0x20, 0x00, 0x01, 0xc0, 0x00, 
  0x00, 0x80, 0x77, 0x64, 0x04, 0x44, 0x04, 0x44, 0x04, 0x44, 0x10, 0x14, 0x04, 0x50, 0x00, 0x01, 0xc4, 0x40, 
  0x00, 0x00, 0xc8, 0xe0, 0x00, 0x00, 0x00, 0x00, 0x00, 0x00, 0x10, 0x20, 0x00, 0x10, 0x00, 0x01, 0x80, 0x00, 
  0x00, 0x40, 0xe0, 0x00, 0x00, 0x00, 0x00, 0x00, 0x00, 0x00, 0x30, 0x20, 0x00, 0x10, 0x00, 0x01, 0x00, 0x00, 
  0x00, 0x00, 0x10, 0x00, 0x00, 0x00, 0x00, 0x00, 0x00, 0x00, 0x20, 0x20, 0x00, 0x10, 0x00, 0x03, 0x00, 0x00, 
  0x00, 0x40, 0x74, 0x44, 0x44, 0x44, 0x44, 0x44, 0x44, 0x44, 0x60, 0x44, 0x44, 0x48, 0x00, 0x06, 0x44, 0x40, 
  0x00, 0x00, 0x40, 0x00, 0x00, 0x00, 0x00, 0x00, 0x00, 0x00, 0x20, 0x60, 0x00, 0x0c, 0x00, 0x04, 0x00, 0x00, 
};

const lv_img_dsc_t anaden_laika_1_5 = {
  .header.cf = LV_IMG_CF_INDEXED_1BIT,
  .header.always_zero = 0,
  .header.reserved = 0,
  .header.w = 140,
  .header.h = 68,
  .data_size = 1232,
  .data = anaden_laika_1_5_map,
};

#ifndef LV_ATTRIBUTE_IMG_ANADEN_LAIKA_1_6
#define LV_ATTRIBUTE_IMG_ANADEN_LAIKA_1_6
#endif

const LV_ATTRIBUTE_MEM_ALIGN LV_ATTRIBUTE_LARGE_CONST LV_ATTRIBUTE_IMG_ANADEN_LAIKA_1_6 uint8_t anaden_laika_1_6_map[] = {
#if CONFIG_NICE_VIEW_WIDGET_INVERTED
        0xff, 0xff, 0xff, 0xff, /*Color of index 0*/
        0x00, 0x00, 0x00, 0xff, /*Color of index 1*/
#else
        0x00, 0x00, 0x00, 0xff, /*Color of index 0*/
        0xff, 0xff, 0xff, 0xff, /*Color of index 1*/
#endif

  0x00, 0x00, 0x5c, 0x40, 0x00, 0x00, 0x00, 0x00, 0x00, 0x00, 0x00, 0x11, 0x80, 0x00, 0x00, 0x47, 0x00, 0x00, 
  0x00, 0x00, 0xf4, 0xc0, 0x00, 0x00, 0x00, 0x00, 0x00, 0x00, 0x00, 0x11, 0x00, 0x00, 0x00, 0x44, 0x00, 0x00, 
  0x00, 0x10, 0x2e, 0xc4, 0x44, 0x44, 0x44, 0x44, 0x44, 0x44, 0x44, 0x53, 0x44, 0x44, 0x44, 0x44, 0x44, 0x40, 
  0x00, 0x10, 0x7b, 0x80, 0x00, 0x00, 0x00, 0x00, 0x00, 0x00, 0x00, 0x12, 0x00, 0x00, 0x00, 0x64, 0x00, 0x00, 
  0x00, 0x00, 0x77, 0x00, 0x00, 0x00, 0x00, 0x00, 0x00, 0x00, 0x00, 0x0c, 0x00, 0x00, 0x00, 0x24, 0x00, 0x00, 
  0x08, 0x00, 0xfe, 0x00, 0x00, 0x00, 0x00, 0x00, 0x00, 0x00, 0x00, 0x04, 0x00, 0x00, 0x30, 0x28, 0x00, 0x00, 
  0x08, 0x00, 0xfc, 0x04, 0x44, 0x04, 0x44, 0x04, 0x44, 0x04, 0x44, 0x04, 0x44, 0x04, 0x7c, 0x4c, 0x44, 0x00, 
  0x08, 0x80, 0x50, 0x00, 0x00, 0x00, 0x00, 0x00, 0x00, 0x00, 0x00, 0x00, 0x00, 0x00, 0x48, 0x48, 0x00, 0x00, 
  0x09, 0x00, 0x70, 0x00, 0x00, 0x01, 0xe0, 0x00, 0x00, 0x00, 0x00, 0x00, 0x00, 0x00, 0x48, 0x58, 0x00, 0x00, 
  0x0c, 0x00, 0xc0, 0x00, 0x00, 0x03, 0xf0, 0x00, 0x00, 0x00, 0x00, 0x00, 0x00, 0x00, 0xcc, 0x70, 0x00, 0x00, 
  0x01, 0x00, 0x34, 0x44, 0x44, 0x47, 0xdc, 0x44, 0x44, 0x44, 0x44, 0x44, 0x44, 0x45, 0x84, 0x64, 0x44, 0x40, 
  0x01, 0x80, 0x60, 0x00, 0x00, 0x07, 0xa8, 0x00, 0x00, 0x00, 0x00, 0x00, 0x00, 0x01, 0x06, 0x60, 0x00, 0x00, 
  0x00, 0x80, 0x60, 0x00, 0x00, 0x07, 0x44, 0x00, 0x60, 0x00, 0x00, 0x00, 0x00, 0x01, 0x02, 0x00, 0x00, 0x00, 
  0x04, 0x00, 0x74, 0x00, 0x00, 0x06, 0x82, 0x0e, 0xff, 0xe0, 0x00, 0x00, 0x00, 0x01, 0x02, 0x00, 0x00, 0x00, 
  0x04, 0x00, 0x0c, 0x44, 0x04, 0x47, 0x03, 0x57, 0x98, 0x74, 0x04, 0x44, 0x04, 0x47, 0x02, 0x44, 0x04, 0x40, 
  0x04, 0x80, 0x38, 0x00, 0x00, 0x03, 0x01, 0x2f, 0x6f, 0x18, 0x00, 0x00, 0x00, 0x06, 0x04, 0x00, 0x00, 0x00, 
  0x00, 0x84, 0x70, 0x00, 0x7f, 0x81, 0x00, 0xa9, 0x81, 0xe8, 0x00, 0x00, 0x00, 0x06, 0x06, 0x00, 0x00, 0x00, 
  0x01, 0x04, 0x1e, 0x03, 0x80, 0xfd, 0x80, 0xb0, 0x80, 0x78, 0x00, 0x00, 0x00, 0x06, 0x03, 0x00, 0x00, 0x00, 
  0x00, 0x04, 0xf4, 0x4c, 0x00, 0x03, 0xc0, 0x7f, 0x83, 0xf4, 0x44, 0x44, 0x44, 0x46, 0x03, 0x44, 0x44, 0x40, 
  0x02, 0x10, 0x40, 0x30, 0x00, 0x00, 0x38, 0x78, 0x7f, 0xff, 0xe0, 0x00, 0x00, 0x04, 0x01, 0xc0, 0x00, 0x00, 
  0x02, 0x00, 0xc0, 0xe0, 0x00, 0x00, 0x00, 0x60, 0x00, 0xf8, 0x7f, 0x80, 0x00, 0x06, 0x01, 0xc0, 0x00, 0x00, 
  0x04, 0x00, 0xd3, 0x80, 0x00, 0x00, 0x00, 0x80, 0x00, 0x20, 0x80, 0xf0, 0x00, 0x06, 0x00, 0x60, 0x00, 0x00, 
  0x00, 0x00, 0xec, 0x00, 0x00, 0x00, 0x00, 0x00, 0x00, 0x13, 0x4c, 0x0c, 0x44, 0x0e, 0x00, 0x24, 0x44, 0x00, 
  0x00, 0x00, 0x5c, 0x00, 0x00, 0x00, 0x00, 0x40, 0x00, 0x19, 0xb3, 0x67, 0x00, 0x0e, 0x00, 0x20, 0x00, 0x00, 
  0x00, 0x00, 0xf8, 0x01, 0x00, 0x00, 0x00, 0x80, 0x00, 0x0e, 0x08, 0x9b, 0xc0, 0x08, 0x00, 0x20, 0x00, 0x00, 
  0x00, 0x00, 0xf0, 0x01, 0x00, 0x00, 0x00, 0x00, 0x38, 0x04, 0x31, 0xf7, 0x80, 0x08, 0x00, 0x60, 0x00, 0x00, 
  0x00, 0x20, 0xf0, 0x02, 0x80, 0x00, 0x00, 0x00, 0x74, 0x07, 0xff, 0x46, 0x44, 0x48, 0x00, 0x34, 0x44, 0x40, 
  0x01, 0x60, 0xf0, 0x02, 0x00, 0x00, 0x00, 0x00, 0x38, 0x02, 0xf0, 0x0c, 0x00, 0x0c, 0x00, 0x10, 0x00, 0x00, 
  0x00, 0xe0, 0xf0, 0x03, 0x00, 0x00, 0x00, 0x00, 0x00, 0x02, 0x00, 0x30, 0x00, 0x0c, 0x00, 0x1c, 0x00, 0x00, 
  0x00, 0x01, 0xf0, 0x07, 0x00, 0x00, 0x00, 0x00, 0x00, 0x03, 0x81, 0xc0, 0x00, 0x08, 0x00, 0x04, 0x00, 0x00, 
  0x08, 0x40, 0xf0, 0x06, 0x00, 0x00, 0x00, 0x01, 0x00, 0x03, 0x4e, 0x44, 0x04, 0x58, 0x00, 0x04, 0x04, 0x40, 
  0x00, 0x20, 0xf8, 0x04, 0x00, 0x00, 0x00, 0x01, 0x00, 0x02, 0x70, 0x00, 0x00, 0x10, 0x00, 0x04, 0x00, 0x00, 
  0x00, 0x20, 0x7f, 0x08, 0x00, 0x00, 0x00, 0x03, 0x00, 0x00, 0xc0, 0x00, 0x00, 0x30, 0x00, 0x06, 0x00, 0x00, 
  0x04, 0x00, 0xf3, 0xfc, 0x00, 0x00, 0x00, 0x04, 0x80, 0x01, 0x80, 0x00, 0x00, 0x30, 0x00, 0x07, 0x80, 0x00, 
  0x04, 0x00, 0xc7, 0xfc, 0x00, 0x00, 0x00, 0x04, 0x80, 0x01, 0xc4, 0x44, 0x44, 0x60, 0x00, 0x07, 0xc4, 0x40, 
  0x00, 0x00, 0xff, 0x08, 0x00, 0x00, 0x00, 0x03, 0x00, 0x00, 0xc0, 0x00, 0x00, 0x20, 0x00, 0x00, 0xc0, 0x00, 
  0x00, 0x00, 0xf8, 0x04, 0x00, 0x00, 0x00, 0x01, 0x00, 0x02, 0x70, 0x00, 0x00, 0x20, 0x00, 0x00, 0xe0, 0x00, 
  0x00, 0x00, 0xf0, 0x06, 0x00, 0x00, 0x00, 0x01, 0x00, 0x03, 0x4f, 0x00, 0x00, 0x20, 0x00, 0x00, 0x30, 0x00, 
  0x04, 0x00, 0xf0, 0x07, 0x00, 0x00, 0x00, 0x00, 0x00, 0x03, 0x81, 0xc4, 0x44, 0x30, 0x00, 0x00, 0x0c, 0x00, 
  0x00, 0x00, 0xf0, 0x03, 0x00, 0x00, 0x00, 0x00, 0x00, 0x02, 0x00, 0x30, 0x00, 0x30, 0x00, 0x00, 0x30, 0x00, 
  0x00, 0x08, 0xf0, 0x02, 0x00, 0x00, 0x00, 0x00, 0x38, 0x02, 0xf0, 0x0c, 0x00, 0x10, 0x00, 0x00, 0x20, 0x00, 
  0x00, 0x00, 0xf0, 0x02, 0x80, 0x00, 0x00, 0x00, 0x74, 0x07, 0xff, 0x06, 0x00, 0x18, 0x00, 0x00, 0x10, 0x00, 
  0x00, 0x00, 0xf0, 0x00, 0x00, 0x00, 0x00, 0x00, 0x38, 0x04, 0x31, 0xe7, 0xc4, 0x48, 0x00, 0x00, 0x14, 0x40, 
  0x00, 0x02, 0xf8, 0x01, 0x00, 0x00, 0x00, 0x80, 0x00, 0x0e, 0x08, 0x9b, 0xc0, 0x0c, 0x00, 0x00, 0x18, 0x00, 
  0x02, 0x02, 0x7c, 0x00, 0x00, 0x00, 0x00, 0x40, 0x00, 0x19, 0xb3, 0x67, 0x00, 0x0c, 0x00, 0x00, 0x08, 0x00, 
  0x00, 0x00, 0xcc, 0x00, 0x00, 0x00, 0x00, 0x00, 0x00, 0x13, 0x4c, 0x0c, 0x00, 0x0c, 0x00, 0x00, 0x10, 0x00, 
  0x00, 0x02, 0x27, 0x80, 0x00, 0x00, 0x00, 0x80, 0x00, 0x20, 0x80, 0xf4, 0x04, 0x58, 0x00, 0x00, 0x34, 0x40, 
  0x00, 0x82, 0xf0, 0xe0, 0x00, 0x00, 0x00, 0x60, 0x00, 0xf8, 0x7f, 0xb0, 0x00, 0x10, 0x00, 0x07, 0xc0, 0x00, 
  0x10, 0x00, 0x40, 0x30, 0x00, 0x00, 0x38, 0x78, 0x7f, 0xff, 0xe0, 0x10, 0x00, 0x10, 0x00, 0x07, 0x80, 0x00, 
  0x10, 0x82, 0x60, 0x0c, 0x00, 0x03, 0xc0, 0x7f, 0x83, 0xf0, 0x40, 0x0c, 0x00, 0x10, 0x00, 0x06, 0x00, 0x00, 
  0x00, 0x42, 0x14, 0x47, 0x80, 0xfd, 0x80, 0xf0, 0x80, 0x7c, 0x40, 0x04, 0x44, 0x58, 0x00, 0x03, 0x44, 0x40, 
  0x00, 0x00, 0xf0, 0x00, 0x7f, 0x81, 0x00, 0xa9, 0x81, 0xe8, 0x60, 0x04, 0x00, 0x0c, 0x00, 0x01, 0x00, 0x00, 
  0x10, 0xa0, 0x78, 0x00, 0x00, 0x03, 0x01, 0x2f, 0x6f, 0x18, 0x60, 0x04, 0x00, 0x1c, 0x00, 0x03, 0x00, 0x00, 
  0x00, 0x60, 0x80, 0x00, 0x00, 0x03, 0x03, 0x17, 0x98, 0x70, 0x20, 0x04, 0x00, 0x20, 0x00, 0x02, 0x00, 0x00, 
  0x10, 0x00, 0xdc, 0x04, 0x44, 0x06, 0x82, 0x0e, 0xff, 0xe4, 0x60, 0x04, 0x44, 0x20, 0x00, 0x03, 0xc4, 0x00, 
  0x01, 0xa0, 0xd8, 0x00, 0x00, 0x07, 0x44, 0x00, 0x60, 0x00, 0x40, 0x08, 0x00, 0x20, 0x00, 0x01, 0x80, 0x00, 
  0x00, 0x80, 0x5e, 0x00, 0x00, 0x07, 0xa8, 0x00, 0x00, 0x00, 0x60, 0x08, 0x00, 0x60, 0x00, 0x00, 0x80, 0x00, 
  0x00, 0x00, 0x75, 0xe0, 0x00, 0x07, 0xd8, 0x00, 0x00, 0x00, 0x60, 0x08, 0x00, 0x40, 0x00, 0x00, 0xc0, 0x00, 
  0x00, 0x00, 0xfd, 0x74, 0x44, 0x47, 0xf4, 0x44, 0x44, 0x44, 0x50, 0x14, 0x44, 0x60, 0x00, 0x01, 0xc4, 0x40, 
  0x00, 0x00, 0x7e, 0xa0, 0x00, 0x01, 0xe0, 0x00, 0x00, 0x00, 0x10, 0x10, 0x00, 0x10, 0x00, 0x01, 0xc0, 0x00, 
  0x00, 0x00, 0x2d, 0xc0, 0x00, 0x00, 0x00, 0x00, 0x00, 0x00, 0x10, 0x20, 0x00, 0x10, 0x00, 0x01, 0x80, 0x00, 
  0x00, 0x00, 0x71, 0x40, 0x00, 0x00, 0x00, 0x00, 0x00, 0x00, 0x30, 0x20, 0x00, 0x10, 0x00, 0x01, 0x00, 0x00, 
  0x00, 0x80, 0x77, 0x64, 0x04, 0x44, 0x04, 0x44, 0x04, 0x44, 0x20, 0x24, 0x04, 0x50, 0x00, 0x03, 0x04, 0x40, 
  0x00, 0x00, 0xc8, 0xe0, 0x00, 0x00, 0x00, 0x00, 0x00, 0x00, 0x20, 0x40, 0x00, 0x08, 0x00, 0x06, 0x00, 0x00, 
  0x00, 0x40, 0xe0, 0x00, 0x00, 0x00, 0x00, 0x00, 0x00, 0x00, 0x20, 0x60, 0x00, 0x0c, 0x00, 0x04, 0x00, 0x00, 
  0x00, 0x00, 0x10, 0x00, 0x00, 0x00, 0x00, 0x00, 0x00, 0x00, 0x10, 0x60, 0x00, 0x06, 0x00, 0x04, 0x00, 0x00, 
  0x00, 0x40, 0x74, 0x44, 0x44, 0x44, 0x44, 0x44, 0x44, 0x44, 0x50, 0x24, 0x44, 0x46, 0x00, 0x0c, 0x44, 0x40, 
  0x00, 0x00, 0x40, 0x00, 0x00, 0x00, 0x00, 0x00, 0x00, 0x00, 0x08, 0x40, 0x00, 0x03, 0x00, 0x18, 0x00, 0x00, 
};

const lv_img_dsc_t anaden_laika_1_6 = {
  .header.cf = LV_IMG_CF_INDEXED_1BIT,
  .header.always_zero = 0,
  .header.reserved = 0,
  .header.w = 140,
  .header.h = 68,
  .data_size = 1232,
  .data = anaden_laika_1_6_map,
};

#ifndef LV_ATTRIBUTE_IMG_ANADEN_LAIKA_1_7
#define LV_ATTRIBUTE_IMG_ANADEN_LAIKA_1_7
#endif

const LV_ATTRIBUTE_MEM_ALIGN LV_ATTRIBUTE_LARGE_CONST LV_ATTRIBUTE_IMG_ANADEN_LAIKA_1_7 uint8_t anaden_laika_1_7_map[] = {
#if CONFIG_NICE_VIEW_WIDGET_INVERTED
        0xff, 0xff, 0xff, 0xff, /*Color of index 0*/
        0x00, 0x00, 0x00, 0xff, /*Color of index 1*/
#else
        0x00, 0x00, 0x00, 0xff, /*Color of index 0*/
        0xff, 0xff, 0xff, 0xff, /*Color of index 1*/
#endif

  0x00, 0x00, 0x5c, 0x40, 0x00, 0x00, 0x00, 0x00, 0x00, 0x00, 0x00, 0x11, 0x80, 0x00, 0x00, 0x47, 0x00, 0x00, 
  0x00, 0x00, 0xf4, 0xc0, 0x00, 0x00, 0x00, 0x00, 0x00, 0x00, 0x00, 0x11, 0x00, 0x00, 0x00, 0x44, 0x00, 0x00, 
  0x00, 0x10, 0x2e, 0xc4, 0x44, 0x44, 0x44, 0x44, 0x44, 0x44, 0x44, 0x53, 0x44, 0x44, 0x44, 0x44, 0x44, 0x40, 
  0x00, 0x10, 0x7b, 0x80, 0x00, 0x00, 0x00, 0x00, 0x00, 0x00, 0x00, 0x12, 0x00, 0x00, 0x00, 0x64, 0x00, 0x00, 
  0x00, 0x00, 0x77, 0x00, 0x00, 0x00, 0x00, 0x00, 0x00, 0x00, 0x00, 0x0c, 0x00, 0x00, 0x00, 0x24, 0x00, 0x00, 
  0x08, 0x00, 0xfe, 0x00, 0x00, 0x00, 0x00, 0x00, 0x00, 0x00, 0x00, 0x04, 0x00, 0x00, 0x30, 0x28, 0x00, 0x00, 
  0x08, 0x00, 0xfc, 0x04, 0x44, 0x04, 0x44, 0x04, 0x44, 0x04, 0x44, 0x04, 0x44, 0x04, 0x7c, 0x4c, 0x44, 0x00, 
  0x08, 0x80, 0x50, 0x00, 0x00, 0x00, 0x00, 0x00, 0x00, 0x00, 0x00, 0x00, 0x00, 0x00, 0x48, 0x48, 0x00, 0x00, 
  0x09, 0x00, 0x70, 0x00, 0x00, 0x01, 0xe0, 0x00, 0x00, 0x00, 0x00, 0x00, 0x00, 0x00, 0x48, 0x58, 0x00, 0x00, 
  0x0c, 0x00, 0xc0, 0x00, 0x00, 0x03, 0xf0, 0x00, 0x00, 0x00, 0x00, 0x00, 0x00, 0x00, 0xcc, 0x70, 0x00, 0x00, 
  0x01, 0x00, 0x34, 0x44, 0x44, 0x47, 0xdc, 0x44, 0x44, 0x44, 0x44, 0x44, 0x44, 0x45, 0x84, 0x64, 0x44, 0x40, 
  0x01, 0x80, 0x60, 0x00, 0x00, 0x07, 0xa8, 0x00, 0x00, 0x00, 0x00, 0x00, 0x00, 0x01, 0x06, 0x60, 0x00, 0x00, 
  0x00, 0x80, 0x60, 0x00, 0x00, 0x07, 0x44, 0x00, 0x60, 0x00, 0x00, 0x00, 0x00, 0x01, 0x02, 0x00, 0x00, 0x00, 
  0x04, 0x00, 0x74, 0x00, 0x00, 0x06, 0x82, 0x0e, 0xff, 0xe0, 0x00, 0x00, 0x00, 0x01, 0x02, 0x00, 0x00, 0x00, 
  0x04, 0x00, 0x0c, 0x44, 0x04, 0x47, 0x03, 0x57, 0x98, 0x74, 0x04, 0x44, 0x04, 0x47, 0x02, 0x44, 0x04, 0x40, 
  0x04, 0x80, 0x38, 0x00, 0x00, 0x03, 0x01, 0x2f, 0x6f, 0x18, 0x00, 0x00, 0x00, 0x06, 0x04, 0x00, 0x00, 0x00, 
  0x00, 0x84, 0x70, 0x00, 0x7f, 0x81, 0x00, 0xa9, 0x81, 0xe8, 0x00, 0x00, 0x00, 0x06, 0x06, 0x00, 0x00, 0x00, 
  0x01, 0x04, 0x1e, 0x03, 0x80, 0xfd, 0x80, 0xb0, 0x80, 0x78, 0x00, 0x00, 0x00, 0x06, 0x03, 0x00, 0x00, 0x00, 
  0x00, 0x04, 0xf4, 0x4c, 0x00, 0x03, 0xc0, 0x7f, 0x83, 0xf4, 0x44, 0x44, 0x44, 0x46, 0x03, 0x44, 0x44, 0x40, 
  0x02, 0x10, 0x40, 0x30, 0x00, 0x00, 0x38, 0x78, 0x7f, 0xff, 0xe0, 0x00, 0x00, 0x04, 0x01, 0xc0, 0x00, 0x00, 
  0x02, 0x00, 0xc0, 0xe0, 0x00, 0x00, 0x00, 0x60, 0x00, 0xf8, 0x7f, 0x80, 0x00, 0x06, 0x01, 0xc0, 0x00, 0x00, 
  0x04, 0x00, 0xd3, 0x80, 0x00, 0x00, 0x00, 0x80, 0x00, 0x20, 0x80, 0xf0, 0x00, 0x06, 0x00, 0x60, 0x00, 0x00, 
  0x00, 0x00, 0xec, 0x00, 0x00, 0x00, 0x00, 0x00, 0x00, 0x13, 0x4c, 0x0c, 0x44, 0x0e, 0x00, 0x24, 0x44, 0x00, 
  0x00, 0x00, 0x5c, 0x00, 0x00, 0x00, 0x00, 0x40, 0x00, 0x19, 0xb3, 0x67, 0x00, 0x0e, 0x00, 0x20, 0x00, 0x00, 
  0x00, 0x00, 0xf8, 0x01, 0x00, 0x00, 0x00, 0x80, 0x00, 0x0e, 0x08, 0x9b, 0xc0, 0x08, 0x00, 0x20, 0x00, 0x00, 
  0x00, 0x00, 0xf0, 0x01, 0x00, 0x00, 0x00, 0x00, 0x38, 0x04, 0x31, 0xf7, 0x80, 0x08, 0x00, 0x60, 0x00, 0x00, 
  0x00, 0x20, 0xf0, 0x02, 0x80, 0x00, 0x00, 0x00, 0x74, 0x07, 0xff, 0x46, 0x44, 0x48, 0x00, 0x34, 0x44, 0x40, 
  0x01, 0x60, 0xf0, 0x02, 0x00, 0x00, 0x00, 0x00, 0x38, 0x02, 0xf0, 0x0c, 0x00, 0x0c, 0x00, 0x10, 0x00, 0x00, 
  0x00, 0xe0, 0xf0, 0x03, 0x00, 0x00, 0x00, 0x00, 0x00, 0x02, 0x00, 0x30, 0x00, 0x0c, 0x00, 0x1c, 0x00, 0x00, 
  0x00, 0x01, 0xf0, 0x07, 0x00, 0x00, 0x00, 0x00, 0x00, 0x03, 0x81, 0xc0, 0x00, 0x08, 0x00, 0x04, 0x00, 0x00, 
  0x08, 0x40, 0xf0, 0x06, 0x00, 0x00, 0x00, 0x01, 0x00, 0x03, 0x4e, 0x44, 0x04, 0x58, 0x00, 0x04, 0x04, 0x40, 
  0x00, 0x20, 0xf8, 0x04, 0x00, 0x00, 0x00, 0x01, 0x00, 0x02, 0x70, 0x00, 0x00, 0x10, 0x00, 0x04, 0x00, 0x00, 
  0x00, 0x20, 0x7f, 0x08, 0x00, 0x00, 0x00, 0x03, 0x00, 0x00, 0xc0, 0x00, 0x00, 0x30, 0x00, 0x06, 0x00, 0x00, 
  0x04, 0x00, 0xf3, 0xfc, 0x00, 0x00, 0x00, 0x04, 0x80, 0x01, 0x80, 0x00, 0x00, 0x30, 0x00, 0x07, 0x80, 0x00, 
  0x04, 0x00, 0xc7, 0xfc, 0x00, 0x00, 0x00, 0x04, 0x80, 0x01, 0xc4, 0x44, 0x44, 0x60, 0x00, 0x07, 0xc4, 0x40, 
  0x00, 0x00, 0xff, 0x08, 0x00, 0x00, 0x00, 0x03, 0x00, 0x00, 0xc0, 0x00, 0x00, 0x20, 0x00, 0x00, 0xc0, 0x00, 
  0x00, 0x00, 0xf8, 0x04, 0x00, 0x00, 0x00, 0x01, 0x00, 0x02, 0x70, 0x00, 0x00, 0x20, 0x00, 0x00, 0xe0, 0x00, 
  0x00, 0x00, 0xf0, 0x06, 0x00, 0x00, 0x00, 0x01, 0x00, 0x03, 0x4f, 0x00, 0x00, 0x20, 0x00, 0x00, 0x30, 0x00, 
  0x04, 0x00, 0xf0, 0x07, 0x00, 0x00, 0x00, 0x00, 0x00, 0x03, 0x81, 0xc4, 0x44, 0x30, 0x00, 0x00, 0x0c, 0x00, 
  0x00, 0x00, 0xf0, 0x03, 0x00, 0x00, 0x00, 0x00, 0x00, 0x02, 0x00, 0x30, 0x00, 0x30, 0x00, 0x00, 0x30, 0x00, 
  0x00, 0x08, 0xf0, 0x02, 0x00, 0x00, 0x00, 0x00, 0x38, 0x02, 0xf0, 0x0c, 0x00, 0x10, 0x00, 0x00, 0x20, 0x00, 
  0x00, 0x00, 0xf0, 0x02, 0x80, 0x00, 0x00, 0x00, 0x74, 0x07, 0xff, 0x06, 0x00, 0x18, 0x00, 0x00, 0x10, 0x00, 
  0x00, 0x00, 0xf0, 0x00, 0x00, 0x00, 0x00, 0x00, 0x38, 0x04, 0x31, 0xe7, 0xc4, 0x48, 0x00, 0x00, 0x14, 0x40, 
  0x00, 0x02, 0xf8, 0x01, 0x00, 0x00, 0x00, 0x80, 0x00, 0x0e, 0x08, 0x9b, 0xc0, 0x0c, 0x00, 0x00, 0x18, 0x00, 
  0x02, 0x02, 0x7c, 0x00, 0x00, 0x00, 0x00, 0x40, 0x00, 0x19, 0xb3, 0x67, 0x00, 0x0c, 0x00, 0x00, 0x08, 0x00, 
  0x00, 0x00, 0xcc, 0x00, 0x00, 0x00, 0x00, 0x00, 0x00, 0x13, 0x4c, 0x0c, 0x00, 0x0c, 0x00, 0x00, 0x10, 0x00, 
  0x00, 0x02, 0x27, 0x80, 0x00, 0x00, 0x00, 0x80, 0x00, 0x20, 0x80, 0xf4, 0x04, 0x58, 0x00, 0x00, 0x34, 0x40, 
  0x00, 0x82, 0xf0, 0xe0, 0x00, 0x00, 0x00, 0x60, 0x00, 0xf8, 0x7f, 0xb0, 0x00, 0x10, 0x00, 0x07, 0xc0, 0x00, 
  0x10, 0x00, 0x40, 0x30, 0x00, 0x00, 0x38, 0x78, 0x7f, 0xff, 0xe0, 0x10, 0x00, 0x10, 0x00, 0x07, 0x80, 0x00, 
  0x10, 0x82, 0x60, 0x0c, 0x00, 0x03, 0xc0, 0x7f, 0x83, 0xf0, 0x40, 0x0c, 0x00, 0x10, 0x00, 0x06, 0x00, 0x00, 
  0x00, 0x42, 0x14, 0x47, 0x80, 0xfd, 0x80, 0xf0, 0x80, 0x7c, 0x40, 0x04, 0x44, 0x58, 0x00, 0x03, 0x44, 0x40, 
  0x00, 0x00, 0xf0, 0x00, 0x7f, 0x81, 0x00, 0xa9, 0x81, 0xe8, 0x60, 0x04, 0x00, 0x0c, 0x00, 0x01, 0x00, 0x00, 
  0x10, 0xa0, 0x78, 0x00, 0x00, 0x03, 0x01, 0x2f, 0x6f, 0x18, 0x60, 0x04, 0x00, 0x1c, 0x00, 0x03, 0x00, 0x00, 
  0x00, 0x60, 0x80, 0x00, 0x00, 0x03, 0x03, 0x17, 0x98, 0x70, 0x20, 0x04, 0x00, 0x20, 0x00, 0x02, 0x00, 0x00, 
  0x10, 0x00, 0xdc, 0x04, 0x44, 0x06, 0x82, 0x0e, 0xff, 0xe4, 0x60, 0x04, 0x44, 0x20, 0x00, 0x03, 0xc4, 0x00, 
  0x01, 0xa0, 0xd8, 0x00, 0x00, 0x07, 0x44, 0x00, 0x60, 0x00, 0x40, 0x08, 0x00, 0x20, 0x00, 0x01, 0x80, 0x00, 
  0x00, 0x80, 0x5e, 0x00, 0x00, 0x07, 0xa8, 0x00, 0x00, 0x00, 0x60, 0x08, 0x00, 0x60, 0x00, 0x00, 0x80, 0x00, 
  0x00, 0x00, 0x75, 0xe0, 0x00, 0x07, 0xd8, 0x00, 0x00, 0x00, 0x60, 0x08, 0x00, 0x40, 0x00, 0x00, 0xc0, 0x00, 
  0x00, 0x00, 0xfd, 0x74, 0x44, 0x47, 0xf4, 0x44, 0x44, 0x44, 0x50, 0x14, 0x44, 0x60, 0x00, 0x01, 0xc4, 0x40, 
  0x00, 0x00, 0x7e, 0xa0, 0x00, 0x01, 0xe0, 0x00, 0x00, 0x00, 0x10, 0x10, 0x00, 0x10, 0x00, 0x01, 0xc0, 0x00, 
  0x00, 0x00, 0x2d, 0xc0, 0x00, 0x00, 0x00, 0x00, 0x00, 0x00, 0x10, 0x20, 0x00, 0x10, 0x00, 0x01, 0x80, 0x00, 
  0x00, 0x00, 0x71, 0x40, 0x00, 0x00, 0x00, 0x00, 0x00, 0x00, 0x30, 0x20, 0x00, 0x10, 0x00, 0x01, 0x00, 0x00, 
  0x00, 0x80, 0x77, 0x64, 0x04, 0x44, 0x04, 0x44, 0x04, 0x44, 0x20, 0x24, 0x04, 0x50, 0x00, 0x03, 0x04, 0x40, 
  0x00, 0x00, 0xc8, 0xe0, 0x00, 0x00, 0x00, 0x00, 0x00, 0x00, 0x20, 0x40, 0x00, 0x08, 0x00, 0x06, 0x00, 0x00, 
  0x00, 0x40, 0xe0, 0x00, 0x00, 0x00, 0x00, 0x00, 0x00, 0x00, 0x20, 0x60, 0x00, 0x0c, 0x00, 0x04, 0x00, 0x00, 
  0x00, 0x00, 0x10, 0x00, 0x00, 0x00, 0x00, 0x00, 0x00, 0x00, 0x10, 0x60, 0x00, 0x06, 0x00, 0x04, 0x00, 0x00, 
  0x00, 0x40, 0x74, 0x44, 0x44, 0x44, 0x44, 0x44, 0x44, 0x44, 0x50, 0x24, 0x44, 0x46, 0x00, 0x0c, 0x44, 0x40, 
  0x00, 0x00, 0x40, 0x00, 0x00, 0x00, 0x00, 0x00, 0x00, 0x00, 0x08, 0x40, 0x00, 0x03, 0x00, 0x18, 0x00, 0x00, 
};

const lv_img_dsc_t anaden_laika_1_7 = {
  .header.cf = LV_IMG_CF_INDEXED_1BIT,
  .header.always_zero = 0,
  .header.reserved = 0,
  .header.w = 140,
  .header.h = 68,
  .data_size = 1232,
  .data = anaden_laika_1_7_map,
};

#ifndef LV_ATTRIBUTE_IMG_ANADEN_LAIKA_1_8
#define LV_ATTRIBUTE_IMG_ANADEN_LAIKA_1_8
#endif

const LV_ATTRIBUTE_MEM_ALIGN LV_ATTRIBUTE_LARGE_CONST LV_ATTRIBUTE_IMG_ANADEN_LAIKA_1_8 uint8_t anaden_laika_1_8_map[] = {
#if CONFIG_NICE_VIEW_WIDGET_INVERTED
        0xff, 0xff, 0xff, 0xff, /*Color of index 0*/
        0x00, 0x00, 0x00, 0xff, /*Color of index 1*/
#else
        0x00, 0x00, 0x00, 0xff, /*Color of index 0*/
        0xff, 0xff, 0xff, 0xff, /*Color of index 1*/
#endif

  0x00, 0x00, 0x5c, 0x40, 0x00, 0x00, 0x00, 0x00, 0x00, 0x00, 0x00, 0x04, 0x00, 0x00, 0x30, 0x28, 0x00, 0x00, 
  0x00, 0x00, 0xf4, 0xc0, 0x00, 0x00, 0x00, 0x00, 0x00, 0x00, 0x00, 0x00, 0x00, 0x00, 0x78, 0x48, 0x00, 0x00, 
  0x00, 0x10, 0x2e, 0xc4, 0x44, 0x44, 0x44, 0x44, 0x44, 0x44, 0x44, 0x44, 0x44, 0x44, 0x48, 0x4c, 0x44, 0x40, 
  0x00, 0x10, 0x7b, 0x80, 0x00, 0x00, 0x00, 0x00, 0x00, 0x00, 0x00, 0x00, 0x00, 0x00, 0x48, 0x58, 0x00, 0x00, 
  0x00, 0x00, 0x77, 0x00, 0x00, 0x00, 0x00, 0x00, 0x00, 0x00, 0x00, 0x00, 0x00, 0x00, 0xcc, 0x70, 0x00, 0x00, 
  0x08, 0x00, 0xfe, 0x00, 0x00, 0x00, 0x00, 0x00, 0x00, 0x00, 0x00, 0x00, 0x00, 0x01, 0x84, 0x60, 0x00, 0x00, 
  0x08, 0x00, 0xfc, 0x04, 0x44, 0x04, 0x44, 0x04, 0x44, 0x04, 0x44, 0x04, 0x44, 0x05, 0x06, 0x64, 0x44, 0x00, 
  0x08, 0x80, 0x50, 0x00, 0x00, 0x00, 0x00, 0x00, 0x00, 0x00, 0x00, 0x00, 0x00, 0x01, 0x02, 0x00, 0x00, 0x00, 
  0x09, 0x00, 0x70, 0x00, 0x00, 0x00, 0x00, 0x00, 0x00, 0x00, 0x00, 0x00, 0x00, 0x01, 0x02, 0x00, 0x00, 0x00, 
  0x0c, 0x00, 0xc0, 0x00, 0x00, 0x07, 0x00, 0x00, 0x00, 0x00, 0x00, 0x00, 0x00, 0x03, 0x02, 0x00, 0x00, 0x00, 
  0x01, 0x00, 0x34, 0x44, 0x44, 0x4f, 0xc4, 0x44, 0x44, 0x44, 0x44, 0x44, 0x44, 0x46, 0x04, 0x44, 0x44, 0x40, 
  0x01, 0x80, 0x60, 0x00, 0x00, 0x1e, 0xe0, 0x00, 0x00, 0x00, 0x00, 0x00, 0x00, 0x06, 0x06, 0x00, 0x00, 0x00, 
  0x00, 0x80, 0x60, 0x00, 0x00, 0x1d, 0xb0, 0x00, 0x31, 0xc0, 0x00, 0x00, 0x00, 0x06, 0x03, 0x00, 0x00, 0x00, 
  0x04, 0x00, 0x74, 0x00, 0x00, 0x1a, 0x18, 0x07, 0x7e, 0x70, 0x00, 0x00, 0x00, 0x06, 0x03, 0x00, 0x00, 0x00, 
  0x04, 0x00, 0x0c, 0x44, 0x04, 0x4c, 0x0c, 0x4b, 0xcc, 0x3c, 0x04, 0x44, 0x04, 0x44, 0x01, 0xc4, 0x04, 0x40, 
  0x04, 0x80, 0x38, 0x00, 0x00, 0x0c, 0x06, 0x13, 0xdf, 0x0c, 0x00, 0x00, 0x00, 0x06, 0x01, 0xc0, 0x00, 0x00, 
  0x00, 0x84, 0x70, 0x00, 0x00, 0x06, 0x01, 0x16, 0x61, 0xe4, 0x00, 0x00, 0x00, 0x06, 0x00, 0x60, 0x00, 0x00, 
  0x01, 0x04, 0x1e, 0x00, 0xff, 0xff, 0x00, 0x88, 0x20, 0x38, 0x00, 0x00, 0x00, 0x0e, 0x00, 0x20, 0x00, 0x00, 
  0x00, 0x04, 0xf4, 0x4f, 0x00, 0x03, 0xc0, 0x4f, 0xf0, 0x75, 0xfc, 0x44, 0x44, 0x4e, 0x00, 0x24, 0x44, 0x40, 
  0x02, 0x10, 0x40, 0x30, 0x00, 0x00, 0x38, 0x7c, 0x3f, 0xff, 0x8f, 0xc0, 0x00, 0x08, 0x00, 0x20, 0x00, 0x00, 
  0x02, 0x00, 0xc0, 0xe0, 0x00, 0x00, 0x00, 0x30, 0x00, 0x78, 0x46, 0x7c, 0x00, 0x08, 0x00, 0x60, 0x00, 0x00, 
  0x04, 0x00, 0xd1, 0x80, 0x00, 0x00, 0x00, 0x50, 0x00, 0x11, 0xb9, 0xb7, 0x00, 0x08, 0x00, 0x30, 0x00, 0x00, 
  0x00, 0x00, 0xe6, 0x00, 0x00, 0x00, 0x00, 0x00, 0x00, 0x08, 0xc4, 0x4b, 0xc4, 0x0c, 0x00, 0x10, 0x44, 0x00, 
  0x00, 0x00, 0x4c, 0x00, 0x00, 0x00, 0x00, 0x20, 0x00, 0x0b, 0x08, 0x9d, 0x80, 0x0c, 0x00, 0x1c, 0x00, 0x00, 
  0x00, 0x00, 0xf8, 0x00, 0x00, 0x00, 0x00, 0x40, 0x00, 0x04, 0x01, 0x73, 0x00, 0x08, 0x00, 0x04, 0x00, 0x00, 
  0x00, 0x00, 0xf8, 0x00, 0x00, 0x00, 0x00, 0x00, 0x1c, 0x02, 0x3f, 0x86, 0x00, 0x18, 0x00, 0x04, 0x00, 0x00, 
  0x00, 0x20, 0xf0, 0x00, 0x80, 0x00, 0x00, 0x00, 0x3a, 0x03, 0xf8, 0x1c, 0x44, 0x50, 0x00, 0x04, 0x44, 0x40, 
  0x01, 0x60, 0xf0, 0x06, 0x00, 0x00, 0x00, 0x00, 0x1c, 0x01, 0x00, 0x30, 0x00, 0x30, 0x00, 0x06, 0x00, 0x00, 
  0x00, 0xe0, 0xf0, 0x07, 0x00, 0x00, 0x00, 0x00, 0x00, 0x01, 0x03, 0xc0, 0x00, 0x30, 0x00, 0x07, 0x80, 0x00, 
  0x00, 0x01, 0xf0, 0x05, 0x00, 0x00, 0x00, 0x00, 0x00, 0x01, 0xce, 0x00, 0x00, 0x20, 0x00, 0x07, 0x80, 0x00, 
  0x08, 0x40, 0xf8, 0x0c, 0x00, 0x00, 0x00, 0x00, 0x80, 0x01, 0xb4, 0x44, 0x04, 0x60, 0x00, 0x00, 0xc4, 0x40, 
  0x00, 0x20, 0xf8, 0x0a, 0x00, 0x00, 0x00, 0x00, 0x80, 0x01, 0x20, 0x00, 0x00, 0x20, 0x00, 0x00, 0xe0, 0x00, 
  0x00, 0x20, 0x7f, 0x10, 0x00, 0x00, 0x00, 0x01, 0x80, 0x00, 0x63, 0x00, 0x00, 0x20, 0x00, 0x00, 0x30, 0x00, 
  0x04, 0x00, 0xf3, 0xf0, 0x00, 0x00, 0x00, 0x02, 0x40, 0x00, 0xc7, 0x00, 0x00, 0x30, 0x00, 0x00, 0x08, 0x00, 
  0x04, 0x00, 0xc7, 0xf0, 0x00, 0x00, 0x00, 0x02, 0x40, 0x00, 0xcd, 0x84, 0x44, 0x70, 0x00, 0x00, 0x34, 0x40, 
  0x00, 0x00, 0xff, 0x10, 0x00, 0x00, 0x00, 0x01, 0x80, 0x00, 0x6d, 0x80, 0x00, 0x10, 0x00, 0x00, 0x20, 0x00, 
  0x00, 0x00, 0xf8, 0x0a, 0x00, 0x00, 0x00, 0x00, 0x80, 0x01, 0x38, 0xc0, 0x00, 0x18, 0x00, 0x00, 0x10, 0x00, 
  0x00, 0x00, 0xf8, 0x0c, 0x00, 0x00, 0x00, 0x00, 0x80, 0x01, 0xb0, 0xc0, 0x00, 0x08, 0x00, 0x00, 0x10, 0x00, 
  0x04, 0x00, 0xf0, 0x05, 0x00, 0x00, 0x00, 0x00, 0x00, 0x01, 0xce, 0x44, 0x44, 0x0c, 0x00, 0x00, 0x1c, 0x00, 
  0x00, 0x00, 0xf0, 0x07, 0x00, 0x00, 0x00, 0x00, 0x00, 0x01, 0x03, 0xe0, 0x00, 0x0c, 0x00, 0x00, 0x08, 0x00, 
  0x00, 0x08, 0xf0, 0x06, 0x00, 0x00, 0x00, 0x00, 0x1c, 0x01, 0x00, 0x30, 0x00, 0x0c, 0x00, 0x00, 0x10, 0x00, 
  0x00, 0x00, 0xf0, 0x00, 0x80, 0x00, 0x00, 0x00, 0x3a, 0x03, 0xf8, 0x18, 0x00, 0x18, 0x00, 0x00, 0x30, 0x00, 
  0x00, 0x00, 0xf8, 0x00, 0x00, 0x00, 0x00, 0x00, 0x1c, 0x02, 0x3f, 0x86, 0x44, 0x50, 0x00, 0x07, 0xc4, 0x40, 
  0x00, 0x02, 0xf8, 0x00, 0x00, 0x00, 0x00, 0x40, 0x00, 0x04, 0x01, 0x73, 0x00, 0x10, 0x00, 0x07, 0x80, 0x00, 
  0x02, 0x02, 0x6c, 0x00, 0x00, 0x00, 0x00, 0x20, 0x00, 0x0b, 0x08, 0x9d, 0x80, 0x10, 0x00, 0x06, 0x00, 0x00, 
  0x00, 0x00, 0xc6, 0x00, 0x00, 0x00, 0x00, 0x00, 0x00, 0x08, 0xc4, 0x4b, 0xc0, 0x18, 0x00, 0x03, 0x00, 0x00, 
  0x00, 0x02, 0x25, 0x80, 0x00, 0x00, 0x00, 0x50, 0x00, 0x11, 0xb9, 0xb7, 0x04, 0x4c, 0x00, 0x01, 0x04, 0x40, 
  0x00, 0x82, 0xf0, 0xe0, 0x00, 0x00, 0x00, 0x30, 0x00, 0x78, 0x46, 0x7c, 0x00, 0x1c, 0x00, 0x03, 0x00, 0x00, 
  0x10, 0x00, 0x40, 0x30, 0x00, 0x00, 0x38, 0x7c, 0x3f, 0xff, 0x8f, 0xc4, 0x00, 0x20, 0x00, 0x02, 0x00, 0x00, 
  0x10, 0x82, 0x60, 0x0f, 0x00, 0x03, 0xc0, 0x4f, 0xf0, 0x71, 0xfc, 0x04, 0x00, 0x20, 0x00, 0x03, 0x80, 0x00, 
  0x00, 0x42, 0x14, 0x44, 0xff, 0xff, 0x00, 0xc8, 0x20, 0x3c, 0x40, 0x0c, 0x44, 0x60, 0x00, 0x01, 0xc4, 0x40, 
  0x00, 0x00, 0xf0, 0x00, 0x00, 0x06, 0x01, 0x96, 0x61, 0xe4, 0x60, 0x08, 0x00, 0x60, 0x00, 0x00, 0x80, 0x00, 
  0x10, 0xa0, 0x78, 0x00, 0x00, 0x0c, 0x06, 0x13, 0xdf, 0x0c, 0x60, 0x08, 0x00, 0x40, 0x00, 0x00, 0xc0, 0x00, 
  0x00, 0x60, 0x80, 0x00, 0x00, 0x0c, 0x0c, 0x0b, 0xcc, 0x38, 0x10, 0x10, 0x00, 0x20, 0x00, 0x01, 0xc0, 0x00, 
  0x10, 0x00, 0xdc, 0x04, 0x44, 0x1a, 0x1c, 0x07, 0x7e, 0x74, 0x50, 0x14, 0x44, 0x10, 0x00, 0x01, 0xc4, 0x00, 
  0x01, 0xa0, 0xd8, 0x00, 0x00, 0x1d, 0xb0, 0x00, 0x31, 0xc0, 0x10, 0x20, 0x00, 0x10, 0x00, 0x01, 0x80, 0x00, 
  0x00, 0x80, 0x5e, 0x00, 0x00, 0x1e, 0xe0, 0x00, 0x00, 0x00, 0x30, 0x20, 0x00, 0x10, 0x00, 0x01, 0x00, 0x00, 
  0x00, 0x00, 0x75, 0xe0, 0x00, 0x0f, 0xc0, 0x00, 0x00, 0x00, 0x20, 0x20, 0x00, 0x10, 0x00, 0x03, 0x00, 0x00, 
  0x00, 0x00, 0xfd, 0x74, 0x44, 0x47, 0x44, 0x44, 0x44, 0x44, 0x60, 0x44, 0x44, 0x48, 0x00, 0x06, 0x44, 0x40, 
  0x00, 0x00, 0x7e, 0xa0, 0x00, 0x00, 0x00, 0x00, 0x00, 0x00, 0x20, 0x60, 0x00, 0x0c, 0x00, 0x04, 0x00, 0x00, 
  0x00, 0x00, 0x2d, 0xc0, 0x00, 0x00, 0x00, 0x00, 0x00, 0x00, 0x10, 0x60, 0x00, 0x06, 0x00, 0x04, 0x00, 0x00, 
  0x00, 0x00, 0x71, 0x40, 0x00, 0x00, 0x00, 0x00, 0x00, 0x00, 0x10, 0x20, 0x00, 0x02, 0x00, 0x0c, 0x00, 0x00, 
  0x00, 0x80, 0x77, 0x64, 0x04, 0x44, 0x04, 0x44, 0x04, 0x44, 0x08, 0x44, 0x04, 0x47, 0x00, 0x1c, 0x04, 0x40, 
  0x00, 0x00, 0xc8, 0xe0, 0x00, 0x00, 0x00, 0x00, 0x00, 0x00, 0x08, 0xc0, 0x00, 0x01, 0x00, 0x18, 0x00, 0x00, 
  0x00, 0x40, 0xe0, 0x00, 0x00, 0x00, 0x00, 0x00, 0x00, 0x00, 0x08, 0x80, 0x00, 0x01, 0x80, 0x30, 0x00, 0x00, 
  0x00, 0x00, 0x10, 0x00, 0x00, 0x00, 0x00, 0x00, 0x00, 0x00, 0x11, 0x80, 0x00, 0x00, 0x80, 0x20, 0x00, 0x00, 
  0x00, 0x40, 0x74, 0x44, 0x44, 0x44, 0x44, 0x44, 0x44, 0x44, 0x51, 0xc4, 0x44, 0x44, 0x80, 0x64, 0x44, 0x40, 
  0x00, 0x00, 0x40, 0x00, 0x00, 0x00, 0x00, 0x00, 0x00, 0x00, 0x13, 0x00, 0x00, 0x00, 0xc0, 0xc0, 0x00, 0x00, 
};

const lv_img_dsc_t anaden_laika_1_8 = {
  .header.cf = LV_IMG_CF_INDEXED_1BIT,
  .header.always_zero = 0,
  .header.reserved = 0,
  .header.w = 140,
  .header.h = 68,
  .data_size = 1232,
  .data = anaden_laika_1_8_map,
};


#ifndef LV_ATTRIBUTE_IMG_ANADEN_LAIKA_1_9
#define LV_ATTRIBUTE_IMG_ANADEN_LAIKA_1_9
#endif

const LV_ATTRIBUTE_MEM_ALIGN LV_ATTRIBUTE_LARGE_CONST LV_ATTRIBUTE_IMG_ANADEN_LAIKA_1_9 uint8_t anaden_laika_1_9_map[] = {
#if CONFIG_NICE_VIEW_WIDGET_INVERTED
        0xff, 0xff, 0xff, 0xff, /*Color of index 0*/
        0x00, 0x00, 0x00, 0xff, /*Color of index 1*/
#else
        0x00, 0x00, 0x00, 0xff, /*Color of index 0*/
        0xff, 0xff, 0xff, 0xff, /*Color of index 1*/
#endif

  0x00, 0x00, 0x5c, 0x40, 0x00, 0x00, 0x00, 0x00, 0x00, 0x00, 0x00, 0x00, 0x00, 0x00, 0x48, 0x58, 0x00, 0x00, 
  0x00, 0x00, 0xf4, 0xc0, 0x00, 0x00, 0x00, 0x00, 0x00, 0x00, 0x00, 0x00, 0x00, 0x00, 0xcc, 0x70, 0x00, 0x00, 
  0x00, 0x10, 0x2e, 0xc4, 0x44, 0x44, 0x44, 0x44, 0x44, 0x44, 0x44, 0x44, 0x44, 0x45, 0x84, 0x64, 0x44, 0x40, 
  0x00, 0x10, 0x7b, 0x80, 0x00, 0x00, 0x00, 0x00, 0x00, 0x00, 0x00, 0x00, 0x00, 0x01, 0x06, 0x60, 0x00, 0x00, 
  0x00, 0x00, 0x77, 0x00, 0x00, 0x00, 0x00, 0x00, 0x00, 0x00, 0x00, 0x00, 0x00, 0x01, 0x02, 0x00, 0x00, 0x00, 
  0x08, 0x00, 0xfe, 0x00, 0x00, 0x00, 0x00, 0x00, 0x00, 0x00, 0x00, 0x00, 0x00, 0x01, 0x02, 0x00, 0x00, 0x00, 
  0x08, 0x00, 0xfc, 0x04, 0x44, 0x04, 0x44, 0x04, 0x44, 0x04, 0x44, 0x04, 0x44, 0x07, 0x02, 0x04, 0x44, 0x00, 
  0x08, 0x80, 0x50, 0x00, 0x00, 0x00, 0x00, 0x00, 0x00, 0x00, 0x00, 0x00, 0x00, 0x06, 0x04, 0x00, 0x00, 0x00, 
  0x09, 0x00, 0x70, 0x00, 0x00, 0x00, 0x00, 0x00, 0x00, 0x00, 0x00, 0x00, 0x00, 0x06, 0x06, 0x00, 0x00, 0x00, 
  0x0c, 0x00, 0xc0, 0x00, 0x00, 0x07, 0x00, 0x00, 0x00, 0x00, 0x00, 0x00, 0x00, 0x06, 0x03, 0x00, 0x00, 0x00, 
  0x01, 0x00, 0x34, 0x44, 0x44, 0x4f, 0xc4, 0x44, 0x44, 0x44, 0x44, 0x44, 0x44, 0x46, 0x03, 0x44, 0x44, 0x40, 
  0x01, 0x80, 0x60, 0x00, 0x00, 0x1e, 0xe0, 0x00, 0x00, 0x00, 0x00, 0x00, 0x00, 0x04, 0x01, 0xc0, 0x00, 0x00, 
  0x00, 0x80, 0x60, 0x00, 0x00, 0x1d, 0xb0, 0x00, 0x31, 0xc0, 0x00, 0x00, 0x00, 0x06, 0x01, 0xc0, 0x00, 0x00, 
  0x04, 0x00, 0x74, 0x00, 0x00, 0x1a, 0x18, 0x07, 0x7e, 0x70, 0x00, 0x00, 0x00, 0x06, 0x00, 0x60, 0x00, 0x00, 
  0x04, 0x00, 0x0c, 0x44, 0x04, 0x4c, 0x0c, 0x4b, 0xcc, 0x3c, 0x04, 0x44, 0x04, 0x4e, 0x00, 0x24, 0x04, 0x40, 
  0x04, 0x80, 0x38, 0x00, 0x00, 0x0c, 0x06, 0x13, 0xdf, 0x0c, 0x00, 0x00, 0x00, 0x0e, 0x00, 0x20, 0x00, 0x00, 
  0x00, 0x84, 0x70, 0x00, 0x00, 0x06, 0x01, 0x16, 0x61, 0xe4, 0x00, 0x00, 0x00, 0x08, 0x00, 0x20, 0x00, 0x00, 
  0x01, 0x04, 0x1e, 0x00, 0xff, 0xff, 0x00, 0x88, 0x20, 0x38, 0x00, 0x00, 0x00, 0x08, 0x00, 0x60, 0x00, 0x00, 
  0x00, 0x04, 0xf4, 0x4f, 0x00, 0x03, 0xc0, 0x4f, 0xf0, 0x75, 0xfc, 0x44, 0x44, 0x48, 0x00, 0x34, 0x44, 0x40, 
  0x02, 0x10, 0x40, 0x30, 0x00, 0x00, 0x38, 0x7c, 0x3f, 0xff, 0x8f, 0xc0, 0x00, 0x0c, 0x00, 0x10, 0x00, 0x00, 
  0x02, 0x00, 0xc0, 0xe0, 0x00, 0x00, 0x00, 0x30, 0x00, 0x78, 0x46, 0x7c, 0x00, 0x0c, 0x00, 0x1c, 0x00, 0x00, 
  0x04, 0x00, 0xd1, 0x80, 0x00, 0x00, 0x00, 0x50, 0x00, 0x11, 0xb9, 0xb7, 0x00, 0x08, 0x00, 0x04, 0x00, 0x00, 
  0x00, 0x00, 0xe6, 0x00, 0x00, 0x00, 0x00, 0x00, 0x00, 0x08, 0xc4, 0x4b, 0xc4, 0x18, 0x00, 0x04, 0x44, 0x00, 
  0x00, 0x00, 0x4c, 0x00, 0x00, 0x00, 0x00, 0x20, 0x00, 0x0b, 0x08, 0x9d, 0x80, 0x10, 0x00, 0x04, 0x00, 0x00, 
  0x00, 0x00, 0xf8, 0x00, 0x00, 0x00, 0x00, 0x40, 0x00, 0x04, 0x01, 0x73, 0x00, 0x30, 0x00, 0x06, 0x00, 0x00, 
  0x00, 0x00, 0xf8, 0x00, 0x00, 0x00, 0x00, 0x00, 0x1c, 0x02, 0x3f, 0x86, 0x00, 0x30, 0x00, 0x07, 0x80, 0x00, 
  0x00, 0x20, 0xf0, 0x00, 0x80, 0x00, 0x00, 0x00, 0x3a, 0x03, 0xf8, 0x1c, 0x44, 0x60, 0x00, 0x07, 0xc4, 0x40, 
  0x01, 0x60, 0xf0, 0x06, 0x00, 0x00, 0x00, 0x00, 0x1c, 0x01, 0x00, 0x30, 0x00, 0x20, 0x00, 0x00, 0xc0, 0x00, 
  0x00, 0xe0, 0xf0, 0x07, 0x00, 0x00, 0x00, 0x00, 0x00, 0x01, 0x03, 0xc0, 0x00, 0x20, 0x00, 0x00, 0xe0, 0x00, 
  0x00, 0x01, 0xf0, 0x05, 0x00, 0x00, 0x00, 0x00, 0x00, 0x01, 0xcf, 0x00, 0x00, 0x20, 0x00, 0x00, 0x30, 0x00, 
  0x08, 0x40, 0xf8, 0x0c, 0x00, 0x00, 0x00, 0x00, 0x80, 0x01, 0xb7, 0x44, 0x04, 0x70, 0x00, 0x00, 0x0c, 0x40, 
  0x00, 0x20, 0xf8, 0x0a, 0x00, 0x00, 0x00, 0x00, 0x80, 0x01, 0x2d, 0x80, 0x00, 0x30, 0x00, 0x00, 0x30, 0x00, 
  0x00, 0x20, 0x7f, 0x10, 0x00, 0x00, 0x00, 0x01, 0x80, 0x00, 0x6d, 0x80, 0x00, 0x10, 0x00, 0x00, 0x20, 0x00, 
  0x04, 0x00, 0xf3, 0xf0, 0x00, 0x00, 0x00, 0x02, 0x40, 0x00, 0xd8, 0xc0, 0x00, 0x18, 0x00, 0x00, 0x10, 0x00, 
  0x04, 0x00, 0xc7, 0xf0, 0x00, 0x00, 0x00, 0x02, 0x40, 0x00, 0xd0, 0xc4, 0x44, 0x48, 0x00, 0x00, 0x14, 0x40, 
  0x00, 0x00, 0xff, 0x10, 0x00, 0x00, 0x00, 0x01, 0x80, 0x00, 0x78, 0x40, 0x00, 0x0c, 0x00, 0x00, 0x18, 0x00, 
  0x00, 0x00, 0xf8, 0x0a, 0x00, 0x00, 0x00, 0x00, 0x80, 0x01, 0x38, 0x60, 0x00, 0x0c, 0x00, 0x00, 0x08, 0x00, 
  0x00, 0x00, 0xf8, 0x0c, 0x00, 0x00, 0x00, 0x00, 0x80, 0x01, 0xb0, 0x60, 0x00, 0x0c, 0x00, 0x00, 0x10, 0x00, 
  0x04, 0x00, 0xf0, 0x05, 0x00, 0x00, 0x00, 0x00, 0x00, 0x01, 0xce, 0x74, 0x44, 0x18, 0x00, 0x00, 0x34, 0x00, 
  0x00, 0x00, 0xf0, 0x07, 0x00, 0x00, 0x00, 0x00, 0x00, 0x01, 0x03, 0xf0, 0x00, 0x10, 0x00, 0x07, 0xc0, 0x00, 
  0x00, 0x08, 0xf0, 0x06, 0x00, 0x00, 0x00, 0x00, 0x1c, 0x01, 0x00, 0x30, 0x00, 0x10, 0x00, 0x07, 0x80, 0x00, 
  0x00, 0x00, 0xf0, 0x00, 0x80, 0x00, 0x00, 0x00, 0x3a, 0x03, 0xf8, 0x1c, 0x00, 0x10, 0x00, 0x06, 0x00, 0x00, 
  0x00, 0x00, 0xf8, 0x00, 0x00, 0x00, 0x00, 0x00, 0x1c, 0x02, 0x3f, 0x86, 0x44, 0x58, 0x00, 0x03, 0x44, 0x40, 
  0x00, 0x02, 0xf8, 0x00, 0x00, 0x00, 0x00, 0x40, 0x00, 0x04, 0x01, 0x73, 0x00, 0x0c, 0x00, 0x01, 0x00, 0x00, 
  0x02, 0x02, 0x6c, 0x00, 0x00, 0x00, 0x00, 0x20, 0x00, 0x0b, 0x08, 0x9d, 0x80, 0x1c, 0x00, 0x03, 0x00, 0x00, 
  0x00, 0x00, 0xc6, 0x00, 0x00, 0x00, 0x00, 0x00, 0x00, 0x08, 0xc4, 0x4b, 0xc0, 0x20, 0x00, 0x02, 0x00, 0x00, 
  0x00, 0x02, 0x25, 0x80, 0x00, 0x00, 0x00, 0x50, 0x00, 0x11, 0xb9, 0xb7, 0x04, 0x60, 0x00, 0x03, 0x84, 0x40, 
  0x00, 0x82, 0xf0, 0xe0, 0x00, 0x00, 0x00, 0x30, 0x00, 0x78, 0x46, 0x7c, 0x00, 0x20, 0x00, 0x01, 0x80, 0x00, 
  0x10, 0x00, 0x40, 0x30, 0x00, 0x00, 0x38, 0x7c, 0x3f, 0xff, 0x8f, 0xc8, 0x00, 0x60, 0x00, 0x00, 0x80, 0x00, 
  0x10, 0x82, 0x60, 0x0f, 0x00, 0x03, 0xc0, 0x4f, 0xf0, 0x71, 0xfc, 0x08, 0x00, 0x40, 0x00, 0x00, 0xc0, 0x00, 
  0x00, 0x42, 0x14, 0x44, 0xff, 0xff, 0x00, 0xc8, 0x20, 0x3c, 0x50, 0x14, 0x44, 0x60, 0x00, 0x01, 0xc4, 0x40, 
  0x00, 0x00, 0xf0, 0x00, 0x00, 0x06, 0x01, 0x96, 0x61, 0xe4, 0x10, 0x10, 0x00, 0x10, 0x00, 0x01, 0xc0, 0x00, 
  0x10, 0xa0, 0x78, 0x00, 0x00, 0x0c, 0x06, 0x13, 0xdf, 0x0c, 0x10, 0x20, 0x00, 0x10, 0x00, 0x01, 0x80, 0x00, 
  0x00, 0x60, 0x80, 0x00, 0x00, 0x0c, 0x0c, 0x0b, 0xcc, 0x38, 0x30, 0x20, 0x00, 0x10, 0x00, 0x01, 0x00, 0x00, 
  0x10, 0x00, 0xdc, 0x04, 0x44, 0x1a, 0x1c, 0x07, 0x7e, 0x74, 0x60, 0x24, 0x44, 0x10, 0x00, 0x03, 0x44, 0x00, 
  0x01, 0xa0, 0xd8, 0x00, 0x00, 0x1d, 0xb0, 0x00, 0x31, 0xc0, 0x20, 0x40, 0x00, 0x08, 0x00, 0x06, 0x00, 0x00, 
  0x00, 0x80, 0x5e, 0x00, 0x00, 0x1e, 0xe0, 0x00, 0x00, 0x00, 0x20, 0x60, 0x00, 0x0c, 0x00, 0x04, 0x00, 0x00, 
  0x00, 0x00, 0x75, 0xe0, 0x00, 0x0f, 0xc0, 0x00, 0x00, 0x00, 0x10, 0x60, 0x00, 0x06, 0x00, 0x04, 0x00, 0x00, 
  0x00, 0x00, 0xfd, 0x74, 0x44, 0x47, 0x44, 0x44, 0x44, 0x44, 0x50, 0x24, 0x44, 0x46, 0x00, 0x0c, 0x44, 0x40, 
  0x00, 0x00, 0x7e, 0xa0, 0x00, 0x00, 0x00, 0x00, 0x00, 0x00, 0x08, 0x40, 0x00, 0x03, 0x00, 0x18, 0x00, 0x00, 
  0x00, 0x00, 0x2d, 0xc0, 0x00, 0x00, 0x00, 0x00, 0x00, 0x00, 0x08, 0xc0, 0x00, 0x01, 0x00, 0x18, 0x00, 0x00, 
  0x00, 0x00, 0x71, 0x40, 0x00, 0x00, 0x00, 0x00, 0x00, 0x00, 0x08, 0x80, 0x00, 0x01, 0x80, 0x30, 0x00, 0x00, 
  0x00, 0x80, 0x77, 0x64, 0x04, 0x44, 0x04, 0x44, 0x04, 0x44, 0x11, 0xc4, 0x04, 0x44, 0x80, 0x24, 0x04, 0x40, 
  0x00, 0x00, 0xc8, 0xe0, 0x00, 0x00, 0x00, 0x00, 0x00, 0x00, 0x11, 0x80, 0x00, 0x00, 0x80, 0x60, 0x00, 0x00, 
  0x00, 0x40, 0xe0, 0x00, 0x00, 0x00, 0x00, 0x00, 0x00, 0x00, 0x13, 0x00, 0x00, 0x00, 0xc0, 0xc0, 0x00, 0x00, 
  0x00, 0x00, 0x10, 0x00, 0x00, 0x00, 0x00, 0x00, 0x00, 0x00, 0x1a, 0x00, 0x00, 0x00, 0xc0, 0x80, 0x00, 0x00, 
  0x00, 0x40, 0x74, 0x44, 0x44, 0x44, 0x44, 0x44, 0x44, 0x44, 0x4e, 0x44, 0x44, 0x44, 0x41, 0x44, 0x44, 0x40, 
  0x00, 0x00, 0x40, 0x00, 0x00, 0x00, 0x00, 0x00, 0x00, 0x00, 0x00, 0x00, 0x00, 0x00, 0x63, 0x00, 0x00, 0x00, 
};

const lv_img_dsc_t anaden_laika_1_9 = {
  .header.cf = LV_IMG_CF_INDEXED_1BIT,
  .header.always_zero = 0,
  .header.reserved = 0,
  .header.w = 140,
  .header.h = 68,
  .data_size = 1232,
  .data = anaden_laika_1_9_map,
};


#ifndef LV_ATTRIBUTE_IMG_ANADEN_LAIKA_1_10
#define LV_ATTRIBUTE_IMG_ANADEN_LAIKA_1_10
#endif

const LV_ATTRIBUTE_MEM_ALIGN LV_ATTRIBUTE_LARGE_CONST LV_ATTRIBUTE_IMG_ANADEN_LAIKA_1_10 uint8_t anaden_laika_1_10_map[] = {
#if CONFIG_NICE_VIEW_WIDGET_INVERTED
        0xff, 0xff, 0xff, 0xff, /*Color of index 0*/
        0x00, 0x00, 0x00, 0xff, /*Color of index 1*/
#else
        0x00, 0x00, 0x00, 0xff, /*Color of index 0*/
        0xff, 0xff, 0xff, 0xff, /*Color of index 1*/
#endif

  0x00, 0x00, 0x5c, 0x40, 0x00, 0x00, 0x00, 0x00, 0x00, 0x00, 0x00, 0x00, 0x00, 0x00, 0x48, 0x58, 0x00, 0x00, 
  0x00, 0x00, 0xf4, 0xc0, 0x00, 0x00, 0x00, 0x00, 0x00, 0x00, 0x00, 0x00, 0x00, 0x00, 0xcc, 0x70, 0x00, 0x00, 
  0x00, 0x10, 0x2e, 0xc4, 0x44, 0x44, 0x44, 0x44, 0x44, 0x44, 0x44, 0x44, 0x44, 0x45, 0x84, 0x64, 0x44, 0x40, 
  0x00, 0x10, 0x7b, 0x80, 0x00, 0x00, 0x00, 0x00, 0x00, 0x00, 0x00, 0x00, 0x00, 0x01, 0x06, 0x60, 0x00, 0x00, 
  0x00, 0x00, 0x77, 0x00, 0x00, 0x00, 0x00, 0x00, 0x00, 0x00, 0x00, 0x00, 0x00, 0x01, 0x02, 0x00, 0x00, 0x00, 
  0x08, 0x00, 0xfe, 0x00, 0x00, 0x00, 0x00, 0x00, 0x00, 0x00, 0x00, 0x00, 0x00, 0x01, 0x02, 0x00, 0x00, 0x00, 
  0x08, 0x00, 0xfc, 0x04, 0x44, 0x04, 0x44, 0x04, 0x44, 0x04, 0x44, 0x04, 0x44, 0x07, 0x02, 0x04, 0x44, 0x00, 
  0x08, 0x80, 0x50, 0x00, 0x00, 0x00, 0x00, 0x00, 0x00, 0x00, 0x00, 0x00, 0x00, 0x06, 0x04, 0x00, 0x00, 0x00, 
  0x09, 0x00, 0x70, 0x00, 0x00, 0x00, 0x00, 0x00, 0x00, 0x00, 0x00, 0x00, 0x00, 0x06, 0x06, 0x00, 0x00, 0x00, 
  0x0c, 0x00, 0xc0, 0x00, 0x00, 0x00, 0x00, 0x00, 0x00, 0x00, 0x00, 0x00, 0x00, 0x06, 0x03, 0x00, 0x00, 0x00, 
  0x01, 0x00, 0x34, 0x44, 0x44, 0x44, 0x44, 0x44, 0x44, 0x44, 0x44, 0x44, 0x44, 0x46, 0x03, 0x44, 0x44, 0x40, 
  0x01, 0x80, 0x60, 0x00, 0x00, 0x06, 0x00, 0x00, 0x00, 0x00, 0x00, 0x00, 0x00, 0x04, 0x01, 0xc0, 0x00, 0x00, 
  0x00, 0x80, 0x60, 0x00, 0x00, 0x1f, 0xc0, 0x00, 0x1c, 0x78, 0x00, 0x00, 0x00, 0x06, 0x01, 0xc0, 0x00, 0x00, 
  0x04, 0x00, 0x74, 0x00, 0x00, 0x3d, 0xb0, 0x01, 0xff, 0xd8, 0x00, 0x00, 0x00, 0x06, 0x00, 0x60, 0x00, 0x00, 
  0x04, 0x00, 0x0c, 0x44, 0x04, 0x7b, 0x1c, 0x46, 0x63, 0x04, 0x04, 0x44, 0x04, 0x4e, 0x00, 0x24, 0x04, 0x40, 
  0x04, 0x80, 0x38, 0x00, 0x00, 0x3a, 0x07, 0x0c, 0xe0, 0x04, 0x00, 0x00, 0x00, 0x0e, 0x00, 0x20, 0x00, 0x00, 
  0x00, 0x84, 0x70, 0x00, 0x00, 0x1a, 0x00, 0x8d, 0xb9, 0xe8, 0x00, 0x00, 0x00, 0x08, 0x00, 0x20, 0x00, 0x00, 
  0x01, 0x04, 0x1e, 0x00, 0x7f, 0xfe, 0x00, 0xc6, 0x16, 0x18, 0x00, 0x00, 0x00, 0x08, 0x00, 0x60, 0x00, 0x00, 
  0x00, 0x04, 0xf4, 0x45, 0x80, 0x01, 0xf0, 0x27, 0xf0, 0x14, 0x7f, 0xc4, 0x44, 0x48, 0x00, 0x34, 0x44, 0x40, 
  0x02, 0x10, 0x40, 0x06, 0x00, 0x00, 0x1c, 0x1f, 0x0f, 0x3f, 0xc0, 0xfc, 0x00, 0x0c, 0x00, 0x10, 0x00, 0x00, 
  0x02, 0x00, 0xc0, 0x38, 0x00, 0x00, 0x00, 0x1c, 0x00, 0xfc, 0x47, 0xb3, 0x80, 0x0c, 0x00, 0x1c, 0x00, 0x00, 
  0x04, 0x00, 0xd1, 0xc0, 0x00, 0x00, 0x00, 0x28, 0x00, 0x19, 0xb8, 0x48, 0x70, 0x08, 0x00, 0x04, 0x00, 0x00, 
  0x00, 0x00, 0xe6, 0x00, 0x00, 0x00, 0x00, 0x00, 0x00, 0x0c, 0xc4, 0x93, 0xe4, 0x18, 0x00, 0x04, 0x44, 0x00, 
  0x00, 0x00, 0x5c, 0x00, 0x00, 0x00, 0x00, 0x10, 0x00, 0x07, 0x09, 0x7c, 0xc0, 0x10, 0x00, 0x04, 0x00, 0x00, 
  0x00, 0x00, 0xf8, 0x00, 0x00, 0x00, 0x00, 0x20, 0x00, 0x02, 0x07, 0x81, 0x00, 0x30, 0x00, 0x06, 0x00, 0x00, 
  0x00, 0x00, 0xf8, 0x02, 0x00, 0x00, 0x00, 0x00, 0x07, 0x01, 0xf8, 0x06, 0x00, 0x30, 0x00, 0x07, 0x80, 0x00, 
  0x00, 0x20, 0xf0, 0x01, 0x00, 0x00, 0x00, 0x00, 0x0e, 0x80, 0x80, 0x1c, 0x44, 0x60, 0x00, 0x07, 0xc4, 0x40, 
  0x01, 0x60, 0xf0, 0x04, 0x00, 0x00, 0x00, 0x00, 0x07, 0x00, 0x80, 0x30, 0x00, 0x20, 0x00, 0x00, 0xc0, 0x00, 
  0x00, 0xe0, 0xf0, 0x0e, 0x00, 0x00, 0x00, 0x00, 0x00, 0x00, 0x83, 0xc0, 0x00, 0x20, 0x00, 0x00, 0xe0, 0x00, 
  0x00, 0x01, 0xf8, 0x08, 0x00, 0x00, 0x00, 0x00, 0x00, 0x00, 0x7f, 0x00, 0x00, 0x20, 0x00, 0x00, 0x30, 0x00, 
  0x08, 0x40, 0xf8, 0x08, 0x00, 0x00, 0x00, 0x00, 0x40, 0x00, 0x6f, 0x44, 0x04, 0x70, 0x00, 0x00, 0x0c, 0x40, 
  0x00, 0x20, 0xfc, 0x14, 0x00, 0x00, 0x00, 0x00, 0x40, 0x00, 0x4d, 0x80, 0x00, 0x30, 0x00, 0x00, 0x30, 0x00, 
  0x00, 0x20, 0x6f, 0xf0, 0x00, 0x00, 0x00, 0x00, 0xc0, 0x00, 0x1d, 0x80, 0x00, 0x10, 0x00, 0x00, 0x20, 0x00, 
  0x04, 0x00, 0xf0, 0xf0, 0x00, 0x00, 0x00, 0x01, 0x20, 0x00, 0x38, 0xc0, 0x00, 0x18, 0x00, 0x00, 0x10, 0x00, 
  0x04, 0x00, 0xc4, 0xf0, 0x00, 0x00, 0x00, 0x01, 0x20, 0x00, 0x30, 0xc4, 0x44, 0x48, 0x00, 0x00, 0x14, 0x40, 
  0x00, 0x00, 0xef, 0xf0, 0x00, 0x00, 0x00, 0x00, 0xc0, 0x00, 0x18, 0x40, 0x00, 0x0c, 0x00, 0x00, 0x18, 0x00, 
  0x00, 0x00, 0xbc, 0x14, 0x00, 0x00, 0x00, 0x00, 0x40, 0x00, 0x48, 0x60, 0x00, 0x0c, 0x00, 0x00, 0x08, 0x00, 
  0x00, 0x00, 0xf8, 0x08, 0x00, 0x00, 0x00, 0x00, 0x40, 0x00, 0x68, 0x60, 0x00, 0x0c, 0x00, 0x00, 0x10, 0x00, 
  0x04, 0x00, 0xf8, 0x08, 0x00, 0x00, 0x00, 0x00, 0x00, 0x00, 0x7c, 0x74, 0x44, 0x18, 0x00, 0x00, 0x34, 0x00, 
  0x00, 0x00, 0xf0, 0x0e, 0x00, 0x00, 0x00, 0x00, 0x00, 0x00, 0x83, 0xf0, 0x00, 0x10, 0x00, 0x07, 0xc0, 0x00, 
  0x00, 0x08, 0xf0, 0x04, 0x00, 0x00, 0x00, 0x00, 0x07, 0x00, 0x80, 0x30, 0x00, 0x10, 0x00, 0x07, 0x80, 0x00, 
  0x00, 0x00, 0xf0, 0x01, 0x00, 0x00, 0x00, 0x00, 0x0e, 0x80, 0x80, 0x1c, 0x00, 0x10, 0x00, 0x06, 0x00, 0x00, 
  0x00, 0x00, 0xf8, 0x02, 0x00, 0x00, 0x00, 0x00, 0x07, 0x01, 0xf8, 0x06, 0x44, 0x58, 0x00, 0x03, 0x44, 0x40, 
  0x00, 0x02, 0xf8, 0x00, 0x00, 0x00, 0x00, 0x20, 0x00, 0x02, 0x07, 0x81, 0x00, 0x0c, 0x00, 0x01, 0x00, 0x00, 
  0x02, 0x02, 0x7c, 0x00, 0x00, 0x00, 0x00, 0x10, 0x00, 0x07, 0x09, 0x7c, 0xc0, 0x1c, 0x00, 0x03, 0x00, 0x00, 
  0x00, 0x00, 0xc6, 0x00, 0x00, 0x00, 0x00, 0x00, 0x00, 0x0c, 0xc4, 0x93, 0xe0, 0x20, 0x00, 0x02, 0x00, 0x00, 
  0x00, 0x02, 0x25, 0xc0, 0x00, 0x00, 0x00, 0x28, 0x00, 0x19, 0x3c, 0x48, 0x74, 0x60, 0x00, 0x03, 0x84, 0x40, 
  0x00, 0x82, 0xf0, 0x38, 0x00, 0x00, 0x00, 0x1c, 0x00, 0xfc, 0xc7, 0xb3, 0x80, 0x20, 0x00, 0x01, 0x80, 0x00, 
  0x10, 0x00, 0x40, 0x06, 0x00, 0x00, 0x1c, 0x1f, 0x0f, 0x3f, 0xc0, 0xfc, 0x00, 0x60, 0x00, 0x00, 0x80, 0x00, 
  0x10, 0x82, 0x60, 0x01, 0x80, 0x01, 0xf0, 0x23, 0xf0, 0x10, 0x7f, 0xc8, 0x00, 0x40, 0x00, 0x00, 0xc0, 0x00, 
  0x00, 0x42, 0x14, 0x44, 0x7f, 0xfe, 0x00, 0xc6, 0x16, 0x1c, 0x50, 0x14, 0x44, 0x60, 0x00, 0x01, 0xc4, 0x40, 
  0x00, 0x00, 0xf0, 0x00, 0x00, 0x1a, 0x00, 0x8d, 0xb9, 0xe8, 0x10, 0x10, 0x00, 0x10, 0x00, 0x01, 0xc0, 0x00, 
  0x10, 0xa0, 0x78, 0x00, 0x00, 0x3a, 0x07, 0x0c, 0xe0, 0x04, 0x10, 0x20, 0x00, 0x10, 0x00, 0x01, 0x80, 0x00, 
  0x00, 0x60, 0x80, 0x00, 0x00, 0x3b, 0x1c, 0x02, 0x63, 0x04, 0x30, 0x20, 0x00, 0x10, 0x00, 0x01, 0x00, 0x00, 
  0x10, 0x00, 0xdc, 0x04, 0x44, 0x3d, 0xb4, 0x05, 0xff, 0xdc, 0x60, 0x24, 0x44, 0x10, 0x00, 0x03, 0x44, 0x00, 
  0x01, 0xa0, 0xd8, 0x00, 0x00, 0x1f, 0xc0, 0x00, 0x1c, 0x78, 0x20, 0x40, 0x00, 0x08, 0x00, 0x06, 0x00, 0x00, 
  0x00, 0x80, 0x5e, 0x00, 0x00, 0x06, 0x00, 0x00, 0x00, 0x00, 0x20, 0x60, 0x00, 0x0c, 0x00, 0x04, 0x00, 0x00, 
  0x00, 0x00, 0x75, 0xe0, 0x00, 0x00, 0x00, 0x00, 0x00, 0x00, 0x10, 0x60, 0x00, 0x06, 0x00, 0x04, 0x00, 0x00, 
  0x00, 0x00, 0xfd, 0x74, 0x44, 0x44, 0x44, 0x44, 0x44, 0x44, 0x50, 0x24, 0x44, 0x46, 0x00, 0x0c, 0x44, 0x40, 
  0x00, 0x00, 0x7e, 0xa0, 0x00, 0x00, 0x00, 0x00, 0x00, 0x00, 0x08, 0x40, 0x00, 0x03, 0x00, 0x18, 0x00, 0x00, 
  0x00, 0x00, 0x2d, 0xc0, 0x00, 0x00, 0x00, 0x00, 0x00, 0x00, 0x08, 0xc0, 0x00, 0x01, 0x00, 0x18, 0x00, 0x00, 
  0x00, 0x00, 0x71, 0x40, 0x00, 0x00, 0x00, 0x00, 0x00, 0x00, 0x08, 0x80, 0x00, 0x01, 0x80, 0x30, 0x00, 0x00, 
  0x00, 0x80, 0x77, 0x64, 0x04, 0x44, 0x04, 0x44, 0x04, 0x44, 0x11, 0xc4, 0x04, 0x44, 0x80, 0x24, 0x04, 0x40, 
  0x00, 0x00, 0xc8, 0xe0, 0x00, 0x00, 0x00, 0x00, 0x00, 0x00, 0x11, 0x80, 0x00, 0x00, 0x80, 0x60, 0x00, 0x00, 
  0x00, 0x40, 0xe0, 0x00, 0x00, 0x00, 0x00, 0x00, 0x00, 0x00, 0x13, 0x00, 0x00, 0x00, 0xc0, 0xc0, 0x00, 0x00, 
  0x00, 0x00, 0x10, 0x00, 0x00, 0x00, 0x00, 0x00, 0x00, 0x00, 0x1a, 0x00, 0x00, 0x00, 0xc0, 0x80, 0x00, 0x00, 
  0x00, 0x40, 0x74, 0x44, 0x44, 0x44, 0x44, 0x44, 0x44, 0x44, 0x4e, 0x44, 0x44, 0x44, 0x41, 0x44, 0x44, 0x40, 
  0x00, 0x00, 0x40, 0x00, 0x00, 0x00, 0x00, 0x00, 0x00, 0x00, 0x00, 0x00, 0x00, 0x00, 0x63, 0x00, 0x00, 0x00, 
};

const lv_img_dsc_t anaden_laika_1_10 = {
  .header.cf = LV_IMG_CF_INDEXED_1BIT,
  .header.always_zero = 0,
  .header.reserved = 0,
  .header.w = 140,
  .header.h = 68,
  .data_size = 1232,
  .data = anaden_laika_1_10_map,
};


#ifndef LV_ATTRIBUTE_IMG_ANADEN_LAIKA_1_11
#define LV_ATTRIBUTE_IMG_ANADEN_LAIKA_1_11
#endif

const LV_ATTRIBUTE_MEM_ALIGN LV_ATTRIBUTE_LARGE_CONST LV_ATTRIBUTE_IMG_ANADEN_LAIKA_1_11 uint8_t anaden_laika_1_11_map[] = {
#if CONFIG_NICE_VIEW_WIDGET_INVERTED
        0xff, 0xff, 0xff, 0xff, /*Color of index 0*/
        0x00, 0x00, 0x00, 0xff, /*Color of index 1*/
#else
        0x00, 0x00, 0x00, 0xff, /*Color of index 0*/
        0xff, 0xff, 0xff, 0xff, /*Color of index 1*/
#endif

  0x00, 0x00, 0x5c, 0x40, 0x00, 0x00, 0x00, 0x00, 0x00, 0x00, 0x00, 0x00, 0x00, 0x01, 0x02, 0x00, 0x00, 0x00, 
  0x00, 0x00, 0xf4, 0xc0, 0x00, 0x00, 0x00, 0x00, 0x00, 0x00, 0x00, 0x00, 0x00, 0x03, 0x02, 0x00, 0x00, 0x00, 
  0x00, 0x10, 0x2e, 0xc4, 0x44, 0x44, 0x44, 0x44, 0x44, 0x44, 0x44, 0x44, 0x44, 0x46, 0x44, 0x44, 0x44, 0x40, 
  0x00, 0x10, 0x7b, 0x80, 0x00, 0x00, 0x00, 0x00, 0x00, 0x00, 0x00, 0x00, 0x00, 0x06, 0x06, 0x00, 0x00, 0x00, 
  0x00, 0x00, 0x77, 0x00, 0x00, 0x00, 0x00, 0x00, 0x00, 0x00, 0x00, 0x00, 0x00, 0x06, 0x03, 0x00, 0x00, 0x00, 
  0x08, 0x00, 0xfe, 0x00, 0x00, 0x00, 0x00, 0x00, 0x00, 0x00, 0x00, 0x00, 0x00, 0x06, 0x03, 0x00, 0x00, 0x00, 
  0x08, 0x00, 0xfc, 0x04, 0x44, 0x04, 0x44, 0x04, 0x44, 0x04, 0x44, 0x04, 0x44, 0x04, 0x01, 0xc4, 0x44, 0x00, 
  0x08, 0x80, 0x50, 0x00, 0x00, 0x00, 0x00, 0x00, 0x00, 0x00, 0x00, 0x00, 0x00, 0x06, 0x01, 0xc0, 0x00, 0x00, 
  0x09, 0x00, 0x70, 0x00, 0x00, 0x00, 0x00, 0x00, 0x00, 0x00, 0x00, 0x00, 0x00, 0x06, 0x00, 0x60, 0x00, 0x00, 
  0x0c, 0x00, 0xc0, 0x00, 0x00, 0x00, 0x00, 0x00, 0x00, 0x00, 0x00, 0x00, 0x00, 0x0e, 0x00, 0x20, 0x00, 0x00, 
  0x01, 0x00, 0x34, 0x44, 0x44, 0x44, 0x44, 0x44, 0x44, 0x44, 0x44, 0x44, 0x44, 0x4e, 0x00, 0x24, 0x44, 0x40, 
  0x01, 0x80, 0x60, 0x00, 0x00, 0x06, 0x00, 0x00, 0x00, 0x00, 0x00, 0x00, 0x00, 0x08, 0x00, 0x20, 0x00, 0x00, 
  0x00, 0x80, 0x60, 0x00, 0x00, 0x1f, 0xc0, 0x00, 0x1c, 0x78, 0x00, 0x00, 0x00, 0x08, 0x00, 0x60, 0x00, 0x00, 
  0x04, 0x00, 0x74, 0x00, 0x00, 0x3d, 0xb0, 0x01, 0xff, 0xd8, 0x00, 0x00, 0x00, 0x08, 0x00, 0x30, 0x00, 0x00, 
  0x04, 0x00, 0x0c, 0x44, 0x04, 0x7b, 0x1c, 0x46, 0x63, 0x04, 0x04, 0x44, 0x04, 0x4c, 0x00, 0x14, 0x04, 0x40, 
  0x04, 0x80, 0x38, 0x00, 0x00, 0x3a, 0x07, 0x0c, 0xe0, 0x04, 0x00, 0x00, 0x00, 0x0c, 0x00, 0x1c, 0x00, 0x00, 
  0x00, 0x84, 0x70, 0x00, 0x00, 0x1a, 0x00, 0x8d, 0xb9, 0xe8, 0x00, 0x00, 0x00, 0x08, 0x00, 0x04, 0x00, 0x00, 
  0x01, 0x04, 0x1e, 0x00, 0x7f, 0xfe, 0x00, 0xc6, 0x16, 0x18, 0x00, 0x00, 0x00, 0x18, 0x00, 0x04, 0x00, 0x00, 
  0x00, 0x04, 0xf4, 0x45, 0x80, 0x01, 0xf0, 0x27, 0xf0, 0x14, 0x7f, 0xc4, 0x44, 0x50, 0x00, 0x04, 0x44, 0x40, 
  0x02, 0x10, 0x40, 0x06, 0x00, 0x00, 0x1c, 0x1f, 0x0f, 0x3f, 0xc0, 0xfc, 0x00, 0x30, 0x00, 0x06, 0x00, 0x00, 
  0x02, 0x00, 0xc0, 0x38, 0x00, 0x00, 0x00, 0x1c, 0x00, 0xfc, 0x47, 0xb3, 0x80, 0x30, 0x00, 0x07, 0x80, 0x00, 
  0x04, 0x00, 0xd1, 0xc0, 0x00, 0x00, 0x00, 0x28, 0x00, 0x19, 0xb8, 0x48, 0x70, 0x20, 0x00, 0x07, 0x80, 0x00, 
  0x00, 0x00, 0xe6, 0x00, 0x00, 0x00, 0x00, 0x00, 0x00, 0x0c, 0xc4, 0x93, 0xe4, 0x20, 0x00, 0x00, 0xc4, 0x00, 
  0x00, 0x00, 0x5c, 0x00, 0x00, 0x00, 0x00, 0x10, 0x00, 0x07, 0x09, 0x7c, 0xc0, 0x20, 0x00, 0x00, 0xe0, 0x00, 
  0x00, 0x00, 0xf8, 0x00, 0x00, 0x00, 0x00, 0x20, 0x00, 0x02, 0x07, 0x81, 0x00, 0x20, 0x00, 0x00, 0x30, 0x00, 
  0x00, 0x00, 0xf8, 0x02, 0x00, 0x00, 0x00, 0x00, 0x07, 0x01, 0xf8, 0x06, 0x00, 0x30, 0x00, 0x00, 0x08, 0x00, 
  0x00, 0x20, 0xf0, 0x01, 0x00, 0x00, 0x00, 0x00, 0x0e, 0x80, 0x80, 0x1c, 0x44, 0x70, 0x00, 0x00, 0x34, 0x40, 
  0x01, 0x60, 0xf0, 0x04, 0x00, 0x00, 0x00, 0x00, 0x07, 0x00, 0x80, 0x30, 0x00, 0x10, 0x00, 0x00, 0x20, 0x00, 
  0x00, 0xe0, 0xf0, 0x0e, 0x00, 0x00, 0x00, 0x00, 0x00, 0x00, 0x83, 0xc0, 0x00, 0x18, 0x00, 0x00, 0x10, 0x00, 
  0x00, 0x01, 0xf8, 0x08, 0x00, 0x00, 0x00, 0x00, 0x00, 0x00, 0x7c, 0xc0, 0x00, 0x08, 0x00, 0x00, 0x10, 0x00, 
  0x08, 0x40, 0xf8, 0x08, 0x00, 0x00, 0x00, 0x00, 0x40, 0x00, 0x68, 0x44, 0x04, 0x4c, 0x00, 0x00, 0x1c, 0x40, 
  0x00, 0x20, 0xfc, 0x14, 0x00, 0x00, 0x00, 0x00, 0x40, 0x00, 0x48, 0x60, 0x00, 0x0c, 0x00, 0x00, 0x08, 0x00, 
  0x00, 0x20, 0x6f, 0xf0, 0x00, 0x00, 0x00, 0x00, 0xc0, 0x00, 0x18, 0x60, 0x00, 0x0c, 0x00, 0x00, 0x10, 0x00, 
  0x04, 0x00, 0xf0, 0xf0, 0x00, 0x00, 0x00, 0x01, 0x20, 0x00, 0x30, 0x70, 0x00, 0x18, 0x00, 0x00, 0x30, 0x00, 
  0x04, 0x00, 0xc4, 0xf0, 0x00, 0x00, 0x00, 0x01, 0x20, 0x00, 0x30, 0x34, 0x44, 0x50, 0x00, 0x07, 0xc4, 0x40, 
  0x00, 0x00, 0xef, 0xf0, 0x00, 0x00, 0x00, 0x00, 0xc0, 0x00, 0x18, 0x10, 0x00, 0x10, 0x00, 0x07, 0x80, 0x00, 
  0x00, 0x00, 0xbc, 0x14, 0x00, 0x00, 0x00, 0x00, 0x40, 0x00, 0x48, 0x0c, 0x00, 0x10, 0x00, 0x06, 0x00, 0x00, 
  0x00, 0x00, 0xf8, 0x08, 0x00, 0x00, 0x00, 0x00, 0x40, 0x00, 0x68, 0x04, 0x00, 0x18, 0x00, 0x03, 0x00, 0x00, 
  0x04, 0x00, 0xf8, 0x08, 0x00, 0x00, 0x00, 0x00, 0x00, 0x00, 0x7c, 0x04, 0x44, 0x0c, 0x00, 0x01, 0x44, 0x00, 
  0x00, 0x00, 0xf0, 0x0e, 0x00, 0x00, 0x00, 0x00, 0x00, 0x00, 0x83, 0xc4, 0x00, 0x1c, 0x00, 0x03, 0x00, 0x00, 
  0x00, 0x08, 0xf0, 0x04, 0x00, 0x00, 0x00, 0x00, 0x07, 0x00, 0x80, 0x34, 0x00, 0x20, 0x00, 0x02, 0x00, 0x00, 
  0x00, 0x00, 0xf0, 0x01, 0x00, 0x00, 0x00, 0x00, 0x0e, 0x80, 0x80, 0x1c, 0x00, 0x20, 0x00, 0x03, 0x80, 0x00, 
  0x00, 0x00, 0xf8, 0x02, 0x00, 0x00, 0x00, 0x00, 0x07, 0x01, 0xf8, 0x06, 0x44, 0x60, 0x00, 0x01, 0xc4, 0x40, 
  0x00, 0x02, 0xf8, 0x00, 0x00, 0x00, 0x00, 0x20, 0x00, 0x02, 0x07, 0x81, 0x00, 0x60, 0x00, 0x00, 0x80, 0x00, 
  0x02, 0x02, 0x7c, 0x00, 0x00, 0x00, 0x00, 0x10, 0x00, 0x07, 0x09, 0x7c, 0xc0, 0x40, 0x00, 0x00, 0xc0, 0x00, 
  0x00, 0x00, 0xc6, 0x00, 0x00, 0x00, 0x00, 0x00, 0x00, 0x0c, 0xc4, 0x93, 0xe0, 0x20, 0x00, 0x01, 0xc0, 0x00, 
  0x00, 0x02, 0x25, 0xc0, 0x00, 0x00, 0x00, 0x28, 0x00, 0x19, 0x3c, 0x48, 0x74, 0x50, 0x00, 0x01, 0xc4, 0x40, 
  0x00, 0x82, 0xf0, 0x38, 0x00, 0x00, 0x00, 0x1c, 0x00, 0xfc, 0xc7, 0xb3, 0x80, 0x10, 0x00, 0x01, 0x80, 0x00, 
  0x10, 0x00, 0x40, 0x06, 0x00, 0x00, 0x1c, 0x1f, 0x0f, 0x3f, 0xc0, 0xfc, 0x00, 0x10, 0x00, 0x01, 0x00, 0x00, 
  0x10, 0x82, 0x60, 0x01, 0x80, 0x01, 0xf0, 0x23, 0xf0, 0x10, 0x7f, 0xe0, 0x00, 0x10, 0x00, 0x03, 0x00, 0x00, 
  0x00, 0x42, 0x14, 0x44, 0x7f, 0xfe, 0x00, 0xc6, 0x16, 0x1c, 0x60, 0x44, 0x44, 0x48, 0x00, 0x06, 0x44, 0x40, 
  0x00, 0x00, 0xf0, 0x00, 0x00, 0x1a, 0x00, 0x8d, 0xb9, 0xe8, 0x20, 0x60, 0x00, 0x0c, 0x00, 0x04, 0x00, 0x00, 
  0x10, 0xa0, 0x78, 0x00, 0x00, 0x3a, 0x07, 0x0c, 0xe0, 0x04, 0x10, 0x60, 0x00, 0x06, 0x00, 0x04, 0x00, 0x00, 
  0x00, 0x60, 0x80, 0x00, 0x00, 0x3b, 0x1c, 0x02, 0x63, 0x04, 0x10, 0x20, 0x00, 0x02, 0x00, 0x0c, 0x00, 0x00, 
  0x10, 0x00, 0xdc, 0x04, 0x44, 0x3d, 0xb4, 0x05, 0xff, 0xdc, 0x48, 0x44, 0x44, 0x07, 0x00, 0x1c, 0x44, 0x00, 
  0x01, 0xa0, 0xd8, 0x00, 0x00, 0x1f, 0xc0, 0x00, 0x1c, 0x78, 0x08, 0xc0, 0x00, 0x01, 0x00, 0x18, 0x00, 0x00, 
  0x00, 0x80, 0x5e, 0x00, 0x00, 0x06, 0x00, 0x00, 0x00, 0x00, 0x08, 0x80, 0x00, 0x01, 0x80, 0x30, 0x00, 0x00, 
  0x00, 0x00, 0x75, 0xe0, 0x00, 0x00, 0x00, 0x00, 0x00, 0x00, 0x11, 0x80, 0x00, 0x00, 0x80, 0x20, 0x00, 0x00, 
  0x00, 0x00, 0xfd, 0x74, 0x44, 0x44, 0x44, 0x44, 0x44, 0x44, 0x51, 0xc4, 0x44, 0x44, 0x80, 0x64, 0x44, 0x40, 
  0x00, 0x00, 0x7e, 0xa0, 0x00, 0x00, 0x00, 0x00, 0x00, 0x00, 0x13, 0x00, 0x00, 0x00, 0xc0, 0xc0, 0x00, 0x00, 
  0x00, 0x00, 0x2d, 0xc0, 0x00, 0x00, 0x00, 0x00, 0x00, 0x00, 0x1a, 0x00, 0x00, 0x00, 0xc0, 0x80, 0x00, 0x00, 
  0x00, 0x00, 0x71, 0x40, 0x00, 0x00, 0x00, 0x00, 0x00, 0x00, 0x0e, 0x00, 0x00, 0x00, 0x41, 0x00, 0x00, 0x00, 
  0x00, 0x80, 0x77, 0x64, 0x04, 0x44, 0x04, 0x44, 0x04, 0x44, 0x04, 0x44, 0x04, 0x44, 0x63, 0x44, 0x04, 0x40, 
  0x00, 0x00, 0xc8, 0xe0, 0x00, 0x00, 0x00, 0x00, 0x00, 0x00, 0x00, 0x00, 0x00, 0x00, 0x66, 0x00, 0x00, 0x00, 
  0x00, 0x40, 0xe0, 0x00, 0x00, 0x00, 0x00, 0x00, 0x00, 0x00, 0x00, 0x00, 0x00, 0x00, 0x1c, 0x00, 0x00, 0x00, 
  0x00, 0x00, 0x10, 0x00, 0x00, 0x00, 0x00, 0x00, 0x00, 0x00, 0x00, 0x00, 0x00, 0x00, 0x00, 0x00, 0x00, 0x00, 
  0x00, 0x40, 0x74, 0x44, 0x44, 0x44, 0x44, 0x44, 0x44, 0x44, 0x44, 0x44, 0x44, 0x44, 0x44, 0x44, 0x44, 0x40, 
  0x00, 0x00, 0x40, 0x00, 0x00, 0x00, 0x00, 0x00, 0x00, 0x00, 0x00, 0x00, 0x00, 0x00, 0x00, 0x00, 0x00, 0x00, 
};

const lv_img_dsc_t anaden_laika_1_11 = {
  .header.cf = LV_IMG_CF_INDEXED_1BIT,
  .header.always_zero = 0,
  .header.reserved = 0,
  .header.w = 140,
  .header.h = 68,
  .data_size = 1232,
  .data = anaden_laika_1_11_map,
};


#ifndef LV_ATTRIBUTE_IMG_ANADEN_LAIKA_1_12
#define LV_ATTRIBUTE_IMG_ANADEN_LAIKA_1_12
#endif

const LV_ATTRIBUTE_MEM_ALIGN LV_ATTRIBUTE_LARGE_CONST LV_ATTRIBUTE_IMG_ANADEN_LAIKA_1_12 uint8_t anaden_laika_1_12_map[] = {
#if CONFIG_NICE_VIEW_WIDGET_INVERTED
        0xff, 0xff, 0xff, 0xff, /*Color of index 0*/
        0x00, 0x00, 0x00, 0xff, /*Color of index 1*/
#else
        0x00, 0x00, 0x00, 0xff, /*Color of index 0*/
        0xff, 0xff, 0xff, 0xff, /*Color of index 1*/
#endif

  0x00, 0x00, 0x5c, 0x40, 0x00, 0x00, 0x00, 0x00, 0x00, 0x00, 0x00, 0x00, 0x00, 0x06, 0x03, 0x00, 0x00, 0x00, 
  0x00, 0x00, 0xf4, 0xc0, 0x00, 0x00, 0x00, 0x00, 0x00, 0x00, 0x00, 0x00, 0x00, 0x06, 0x03, 0x00, 0x00, 0x00, 
  0x00, 0x10, 0x2e, 0xc4, 0x44, 0x44, 0x44, 0x44, 0x44, 0x44, 0x44, 0x44, 0x44, 0x44, 0x01, 0xc4, 0x44, 0x40, 
  0x00, 0x10, 0x7b, 0x80, 0x00, 0x00, 0x00, 0x00, 0x00, 0x00, 0x00, 0x00, 0x00, 0x06, 0x01, 0xc0, 0x00, 0x00, 
  0x00, 0x00, 0x77, 0x00, 0x00, 0x00, 0x00, 0x00, 0x00, 0x00, 0x00, 0x00, 0x00, 0x06, 0x00, 0x60, 0x00, 0x00, 
  0x08, 0x00, 0xfe, 0x00, 0x00, 0x00, 0x00, 0x00, 0x00, 0x00, 0x00, 0x00, 0x00, 0x0e, 0x00, 0x20, 0x00, 0x00, 
  0x08, 0x00, 0xfc, 0x04, 0x44, 0x04, 0x44, 0x04, 0x44, 0x04, 0x44, 0x04, 0x44, 0x0e, 0x00, 0x24, 0x44, 0x00, 
  0x08, 0x80, 0x50, 0x00, 0x00, 0x00, 0x00, 0x00, 0x00, 0x00, 0x00, 0x00, 0x00, 0x08, 0x00, 0x20, 0x00, 0x00, 
  0x09, 0x00, 0x70, 0x00, 0x00, 0x00, 0x00, 0x00, 0x00, 0x00, 0x00, 0x00, 0x00, 0x08, 0x00, 0x60, 0x00, 0x00, 
  0x0c, 0x00, 0xc0, 0x00, 0x00, 0x00, 0x00, 0x00, 0x00, 0x00, 0x00, 0x00, 0x00, 0x08, 0x00, 0x30, 0x00, 0x00, 
  0x01, 0x00, 0x34, 0x44, 0x44, 0x44, 0x44, 0x44, 0x44, 0x44, 0x44, 0x44, 0x44, 0x4c, 0x00, 0x14, 0x44, 0x40, 
  0x01, 0x80, 0x60, 0x00, 0x00, 0x06, 0x00, 0x00, 0x00, 0x00, 0x00, 0x00, 0x00, 0x0c, 0x00, 0x1c, 0x00, 0x00, 
  0x00, 0x80, 0x60, 0x00, 0x00, 0x1f, 0xc0, 0x00, 0x1c, 0x78, 0x00, 0x00, 0x00, 0x08, 0x00, 0x04, 0x00, 0x00, 
  0x04, 0x00, 0x74, 0x00, 0x00, 0x3d, 0xb0, 0x01, 0xff, 0xd8, 0x00, 0x00, 0x00, 0x18, 0x00, 0x04, 0x00, 0x00, 
  0x04, 0x00, 0x0c, 0x44, 0x04, 0x7b, 0x1c, 0x46, 0x63, 0x04, 0x04, 0x44, 0x04, 0x50, 0x00, 0x04, 0x04, 0x40, 
  0x04, 0x80, 0x38, 0x00, 0x00, 0x3a, 0x07, 0x0c, 0xe0, 0x04, 0x00, 0x00, 0x00, 0x30, 0x00, 0x06, 0x00, 0x00, 
  0x00, 0x84, 0x70, 0x00, 0x00, 0x1a, 0x00, 0x8d, 0xb9, 0xe8, 0x00, 0x00, 0x00, 0x30, 0x00, 0x07, 0x80, 0x00, 
  0x01, 0x04, 0x1e, 0x00, 0x7f, 0xfe, 0x00, 0xc6, 0x16, 0x18, 0x00, 0x00, 0x00, 0x20, 0x00, 0x07, 0x80, 0x00, 
  0x00, 0x04, 0xf4, 0x45, 0x80, 0x01, 0xf0, 0x27, 0xf0, 0x14, 0x7f, 0xc4, 0x44, 0x60, 0x00, 0x00, 0xc4, 0x40, 
  0x02, 0x10, 0x40, 0x06, 0x00, 0x00, 0x1c, 0x1f, 0x0f, 0x3f, 0xc0, 0xfc, 0x00, 0x20, 0x00, 0x00, 0xe0, 0x00, 
  0x02, 0x00, 0xc0, 0x38, 0x00, 0x00, 0x00, 0x1c, 0x00, 0xfc, 0x47, 0xb3, 0x80, 0x20, 0x00, 0x00, 0x30, 0x00, 
  0x04, 0x00, 0xd1, 0xc0, 0x00, 0x00, 0x00, 0x28, 0x00, 0x19, 0xb8, 0x48, 0x70, 0x30, 0x00, 0x00, 0x08, 0x00, 
  0x00, 0x00, 0xe6, 0x00, 0x00, 0x00, 0x00, 0x00, 0x00, 0x0c, 0xc4, 0x93, 0xe4, 0x30, 0x00, 0x00, 0x34, 0x00, 
  0x00, 0x00, 0x5c, 0x00, 0x00, 0x00, 0x00, 0x10, 0x00, 0x07, 0x09, 0x7c, 0xc0, 0x10, 0x00, 0x00, 0x20, 0x00, 
  0x00, 0x00, 0xf8, 0x00, 0x00, 0x00, 0x00, 0x20, 0x00, 0x02, 0x07, 0x81, 0x00, 0x18, 0x00, 0x00, 0x10, 0x00, 
  0x00, 0x00, 0xf8, 0x02, 0x00, 0x00, 0x00, 0x00, 0x07, 0x01, 0xf8, 0x06, 0x00, 0x08, 0x00, 0x00, 0x10, 0x00, 
  0x00, 0x20, 0xf0, 0x01, 0x00, 0x00, 0x00, 0x00, 0x0e, 0x80, 0x80, 0x1c, 0x44, 0x4c, 0x00, 0x00, 0x1c, 0x40, 
  0x01, 0x60, 0xf0, 0x04, 0x00, 0x00, 0x00, 0x00, 0x07, 0x00, 0x80, 0x30, 0x00, 0x0c, 0x00, 0x00, 0x08, 0x00, 
  0x00, 0xe0, 0xf0, 0x0e, 0x00, 0x00, 0x00, 0x00, 0x00, 0x00, 0x83, 0xe0, 0x00, 0x0c, 0x00, 0x00, 0x10, 0x00, 
  0x00, 0x01, 0xf8, 0x08, 0x00, 0x00, 0x00, 0x00, 0x00, 0x00, 0x7c, 0x70, 0x00, 0x18, 0x00, 0x00, 0x30, 0x00, 
  0x08, 0x40, 0xf8, 0x08, 0x00, 0x00, 0x00, 0x00, 0x40, 0x00, 0x68, 0x34, 0x04, 0x50, 0x00, 0x07, 0xc4, 0x40, 
  0x00, 0x20, 0xfc, 0x14, 0x00, 0x00, 0x00, 0x00, 0x40, 0x00, 0x48, 0x10, 0x00, 0x10, 0x00, 0x07, 0x80, 0x00, 
  0x00, 0x20, 0x6f, 0xf0, 0x00, 0x00, 0x00, 0x00, 0xc0, 0x00, 0x18, 0x0c, 0x00, 0x10, 0x00, 0x06, 0x00, 0x00, 
  0x04, 0x00, 0xf0, 0xf0, 0x00, 0x00, 0x00, 0x01, 0x20, 0x00, 0x30, 0x04, 0x00, 0x18, 0x00, 0x03, 0x00, 0x00, 
  0x04, 0x00, 0xc4, 0xf0, 0x00, 0x00, 0x00, 0x01, 0x20, 0x00, 0x30, 0x04, 0x44, 0x4c, 0x00, 0x01, 0x44, 0x40, 
  0x00, 0x00, 0xef, 0xf0, 0x00, 0x00, 0x00, 0x00, 0xc0, 0x00, 0x18, 0x04, 0x00, 0x1c, 0x00, 0x03, 0x00, 0x00, 
  0x00, 0x00, 0xbc, 0x14, 0x00, 0x00, 0x00, 0x00, 0x40, 0x00, 0x48, 0x04, 0x00, 0x20, 0x00, 0x02, 0x00, 0x00, 
  0x00, 0x00, 0xf8, 0x08, 0x00, 0x00, 0x00, 0x00, 0x40, 0x00, 0x68, 0x04, 0x00, 0x20, 0x00, 0x03, 0x80, 0x00, 
  0x04, 0x00, 0xf8, 0x08, 0x00, 0x00, 0x00, 0x00, 0x00, 0x00, 0x7c, 0x0c, 0x44, 0x20, 0x00, 0x01, 0xc4, 0x00, 
  0x00, 0x00, 0xf0, 0x0e, 0x00, 0x00, 0x00, 0x00, 0x00, 0x00, 0x83, 0xc8, 0x00, 0x60, 0x00, 0x00, 0x80, 0x00, 
  0x00, 0x08, 0xf0, 0x04, 0x00, 0x00, 0x00, 0x00, 0x07, 0x00, 0x80, 0x38, 0x00, 0x40, 0x00, 0x00, 0xc0, 0x00, 
  0x00, 0x00, 0xf0, 0x01, 0x00, 0x00, 0x00, 0x00, 0x0e, 0x80, 0x80, 0x18, 0x00, 0x20, 0x00, 0x01, 0xc0, 0x00, 
  0x00, 0x00, 0xf8, 0x02, 0x00, 0x00, 0x00, 0x00, 0x07, 0x01, 0xf8, 0x06, 0x44, 0x50, 0x00, 0x01, 0xc4, 0x40, 
  0x00, 0x02, 0xf8, 0x00, 0x00, 0x00, 0x00, 0x20, 0x00, 0x02, 0x07, 0x81, 0x00, 0x10, 0x00, 0x01, 0x80, 0x00, 
  0x02, 0x02, 0x7c, 0x00, 0x00, 0x00, 0x00, 0x10, 0x00, 0x07, 0x09, 0x7c, 0xc0, 0x10, 0x00, 0x01, 0x00, 0x00, 
  0x00, 0x00, 0xc6, 0x00, 0x00, 0x00, 0x00, 0x00, 0x00, 0x0c, 0xc4, 0x93, 0xe0, 0x10, 0x00, 0x03, 0x00, 0x00, 
  0x00, 0x02, 0x25, 0xc0, 0x00, 0x00, 0x00, 0x28, 0x00, 0x19, 0x3c, 0x48, 0x74, 0x48, 0x00, 0x06, 0x04, 0x40, 
  0x00, 0x82, 0xf0, 0x38, 0x00, 0x00, 0x00, 0x1c, 0x00, 0xfc, 0xc7, 0xb3, 0x80, 0x0c, 0x00, 0x04, 0x00, 0x00, 
  0x10, 0x00, 0x40, 0x06, 0x00, 0x00, 0x1c, 0x1f, 0x0f, 0x3f, 0xc0, 0xfc, 0x00, 0x06, 0x00, 0x04, 0x00, 0x00, 
  0x10, 0x82, 0x60, 0x01, 0x80, 0x01, 0xf0, 0x23, 0xf0, 0x10, 0x7f, 0xe0, 0x00, 0x02, 0x00, 0x0c, 0x00, 0x00, 
  0x00, 0x42, 0x14, 0x44, 0x7f, 0xfe, 0x00, 0xc6, 0x16, 0x1c, 0x48, 0x44, 0x44, 0x47, 0x00, 0x1c, 0x44, 0x40, 
  0x00, 0x00, 0xf0, 0x00, 0x00, 0x1a, 0x00, 0x8d, 0xb9, 0xe8, 0x08, 0xc0, 0x00, 0x01, 0x00, 0x18, 0x00, 0x00, 
  0x10, 0xa0, 0x78, 0x00, 0x00, 0x3a, 0x07, 0x0c, 0xe0, 0x04, 0x08, 0x80, 0x00, 0x01, 0x80, 0x30, 0x00, 0x00, 
  0x00, 0x60, 0x80, 0x00, 0x00, 0x3b, 0x1c, 0x02, 0x63, 0x04, 0x11, 0x80, 0x00, 0x00, 0x80, 0x20, 0x00, 0x00, 
  0x10, 0x00, 0xdc, 0x04, 0x44, 0x3d, 0xb4, 0x05, 0xff, 0xdc, 0x51, 0x84, 0x44, 0x04, 0x80, 0x64, 0x44, 0x00, 
  0x01, 0xa0, 0xd8, 0x00, 0x00, 0x1f, 0xc0, 0x00, 0x1c, 0x78, 0x13, 0x00, 0x00, 0x00, 0xc0, 0xc0, 0x00, 0x00, 
  0x00, 0x80, 0x5e, 0x00, 0x00, 0x06, 0x00, 0x00, 0x00, 0x00, 0x1a, 0x00, 0x00, 0x00, 0xc0, 0x80, 0x00, 0x00, 
  0x00, 0x00, 0x75, 0xe0, 0x00, 0x00, 0x00, 0x00, 0x00, 0x00, 0x0e, 0x00, 0x00, 0x00, 0x41, 0x00, 0x00, 0x00, 
  0x00, 0x00, 0xfd, 0x74, 0x44, 0x44, 0x44, 0x44, 0x44, 0x44, 0x44, 0x44, 0x44, 0x44, 0x63, 0x44, 0x44, 0x40, 
  0x00, 0x00, 0x7e, 0xa0, 0x00, 0x00, 0x00, 0x00, 0x00, 0x00, 0x00, 0x00, 0x00, 0x00, 0x66, 0x00, 0x00, 0x00, 
  0x00, 0x00, 0x2d, 0xc0, 0x00, 0x00, 0x00, 0x00, 0x00, 0x00, 0x00, 0x00, 0x00, 0x00, 0x1c, 0x00, 0x00, 0x00, 
  0x00, 0x00, 0x71, 0x40, 0x00, 0x00, 0x00, 0x00, 0x00, 0x00, 0x00, 0x00, 0x00, 0x00, 0x00, 0x00, 0x00, 0x00, 
  0x00, 0x80, 0x77, 0x64, 0x04, 0x44, 0x04, 0x44, 0x04, 0x44, 0x04, 0x44, 0x04, 0x44, 0x04, 0x44, 0x04, 0x40, 
  0x00, 0x00, 0xc8, 0xe0, 0x00, 0x00, 0x00, 0x00, 0x00, 0x00, 0x00, 0x00, 0x00, 0x00, 0x00, 0x00, 0x00, 0x00, 
  0x00, 0x40, 0xe0, 0x00, 0x00, 0x00, 0x00, 0x00, 0x00, 0x00, 0x00, 0x00, 0x00, 0x00, 0x00, 0x00, 0x00, 0x00, 
  0x00, 0x00, 0x10, 0x00, 0x00, 0x00, 0x00, 0x00, 0x00, 0x00, 0x00, 0x00, 0x00, 0x00, 0x00, 0x00, 0x00, 0x00, 
  0x00, 0x40, 0x74, 0x44, 0x44, 0x44, 0x44, 0x44, 0x44, 0x44, 0x44, 0x44, 0x44, 0x44, 0x44, 0x44, 0x44, 0x40, 
  0x00, 0x00, 0x40, 0x00, 0x00, 0x00, 0x00, 0x00, 0x00, 0x00, 0x00, 0x00, 0x00, 0x00, 0x00, 0x00, 0x00, 0x00, 
};

const lv_img_dsc_t anaden_laika_1_12 = {
  .header.cf = LV_IMG_CF_INDEXED_1BIT,
  .header.always_zero = 0,
  .header.reserved = 0,
  .header.w = 140,
  .header.h = 68,
  .data_size = 1232,
  .data = anaden_laika_1_12_map,
};


#ifndef LV_ATTRIBUTE_IMG_ANADEN_LAIKA_1_13
#define LV_ATTRIBUTE_IMG_ANADEN_LAIKA_1_13
#endif

const LV_ATTRIBUTE_MEM_ALIGN LV_ATTRIBUTE_LARGE_CONST LV_ATTRIBUTE_IMG_ANADEN_LAIKA_1_13 uint8_t anaden_laika_1_13_map[] = {
#if CONFIG_NICE_VIEW_WIDGET_INVERTED
        0xff, 0xff, 0xff, 0xff, /*Color of index 0*/
        0x00, 0x00, 0x00, 0xff, /*Color of index 1*/
#else
        0x00, 0x00, 0x00, 0xff, /*Color of index 0*/
        0xff, 0xff, 0xff, 0xff, /*Color of index 1*/
#endif

  0x00, 0x00, 0x5c, 0x40, 0x00, 0x00, 0x00, 0x00, 0x00, 0x00, 0x00, 0x00, 0x00, 0x06, 0x03, 0x00, 0x00, 0x00, 
  0x00, 0x00, 0xf4, 0xc0, 0x00, 0x00, 0x00, 0x00, 0x00, 0x00, 0x00, 0x00, 0x00, 0x06, 0x03, 0x00, 0x00, 0x00, 
  0x00, 0x10, 0x2e, 0xc4, 0x44, 0x44, 0x44, 0x44, 0x44, 0x44, 0x44, 0x44, 0x44, 0x44, 0x01, 0xc4, 0x44, 0x40, 
  0x00, 0x10, 0x7b, 0x80, 0x00, 0x00, 0x00, 0x00, 0x00, 0x00, 0x00, 0x00, 0x00, 0x06, 0x01, 0xc0, 0x00, 0x00, 
  0x00, 0x00, 0x77, 0x00, 0x00, 0x00, 0x00, 0x00, 0x00, 0x00, 0x00, 0x00, 0x00, 0x06, 0x00, 0x60, 0x00, 0x00, 
  0x08, 0x00, 0xfe, 0x00, 0x00, 0x00, 0x00, 0x00, 0x00, 0x00, 0x00, 0x00, 0x00, 0x0e, 0x00, 0x20, 0x00, 0x00, 
  0x08, 0x00, 0xfc, 0x04, 0x44, 0x04, 0x44, 0x04, 0x44, 0x04, 0x44, 0x04, 0x44, 0x0e, 0x00, 0x24, 0x44, 0x00, 
  0x08, 0x80, 0x50, 0x00, 0x00, 0x00, 0x00, 0x00, 0x00, 0x00, 0x00, 0x00, 0x00, 0x08, 0x00, 0x20, 0x00, 0x00, 
  0x09, 0x00, 0x70, 0x00, 0x00, 0x00, 0x00, 0x00, 0x00, 0x00, 0x00, 0x00, 0x00, 0x08, 0x00, 0x60, 0x00, 0x00, 
  0x0c, 0x00, 0xc0, 0x00, 0x00, 0x00, 0x00, 0x00, 0x00, 0x00, 0x00, 0x00, 0x00, 0x08, 0x00, 0x30, 0x00, 0x00, 
  0x01, 0x00, 0x34, 0x44, 0x44, 0x44, 0x44, 0x44, 0x44, 0x44, 0x44, 0x44, 0x44, 0x4c, 0x00, 0x14, 0x44, 0x40, 
  0x01, 0x80, 0x60, 0x00, 0x00, 0x06, 0x00, 0x00, 0x00, 0x00, 0x00, 0x00, 0x00, 0x0c, 0x00, 0x1c, 0x00, 0x00, 
  0x00, 0x80, 0x60, 0x00, 0x00, 0x1f, 0xc0, 0x00, 0x1c, 0x78, 0x00, 0x00, 0x00, 0x08, 0x00, 0x04, 0x00, 0x00, 
  0x04, 0x00, 0x74, 0x00, 0x00, 0x3d, 0xb0, 0x01, 0xff, 0xd8, 0x00, 0x00, 0x00, 0x18, 0x00, 0x04, 0x00, 0x00, 
  0x04, 0x00, 0x0c, 0x44, 0x04, 0x7b, 0x1c, 0x46, 0x63, 0x04, 0x04, 0x44, 0x04, 0x50, 0x00, 0x04, 0x04, 0x40, 
  0x04, 0x80, 0x38, 0x00, 0x00, 0x3a, 0x07, 0x0c, 0xe0, 0x04, 0x00, 0x00, 0x00, 0x30, 0x00, 0x06, 0x00, 0x00, 
  0x00, 0x84, 0x70, 0x00, 0x00, 0x1a, 0x00, 0x8d, 0xb9, 0xe8, 0x00, 0x00, 0x00, 0x30, 0x00, 0x07, 0x80, 0x00, 
  0x01, 0x04, 0x1e, 0x00, 0x7f, 0xfe, 0x00, 0xc6, 0x16, 0x18, 0x00, 0x00, 0x00, 0x20, 0x00, 0x07, 0x80, 0x00, 
  0x00, 0x04, 0xf4, 0x45, 0x80, 0x01, 0xf0, 0x27, 0xf0, 0x14, 0x7f, 0xc4, 0x44, 0x60, 0x00, 0x00, 0xc4, 0x40, 
  0x02, 0x10, 0x40, 0x06, 0x00, 0x00, 0x1c, 0x1f, 0x0f, 0x3f, 0xc0, 0xfc, 0x00, 0x20, 0x00, 0x00, 0xe0, 0x00, 
  0x02, 0x00, 0xc0, 0x38, 0x00, 0x00, 0x00, 0x1c, 0x00, 0xfc, 0x47, 0xb3, 0x80, 0x20, 0x00, 0x00, 0x30, 0x00, 
  0x04, 0x00, 0xd1, 0xc0, 0x00, 0x00, 0x00, 0x28, 0x00, 0x19, 0xb8, 0x48, 0x70, 0x30, 0x00, 0x00, 0x08, 0x00, 
  0x00, 0x00, 0xe6, 0x00, 0x00, 0x00, 0x00, 0x00, 0x00, 0x0c, 0xc4, 0x93, 0xe4, 0x30, 0x00, 0x00, 0x34, 0x00, 
  0x00, 0x00, 0x5c, 0x00, 0x00, 0x00, 0x00, 0x10, 0x00, 0x07, 0x09, 0x7c, 0xc0, 0x10, 0x00, 0x00, 0x20, 0x00, 
  0x00, 0x00, 0xf8, 0x00, 0x00, 0x00, 0x00, 0x20, 0x00, 0x02, 0x07, 0x81, 0x00, 0x18, 0x00, 0x00, 0x10, 0x00, 
  0x00, 0x00, 0xf8, 0x02, 0x00, 0x00, 0x00, 0x00, 0x07, 0x01, 0xf8, 0x06, 0x00, 0x08, 0x00, 0x00, 0x10, 0x00, 
  0x00, 0x20, 0xf0, 0x01, 0x00, 0x00, 0x00, 0x00, 0x0e, 0x80, 0x80, 0x1c, 0x44, 0x4c, 0x00, 0x00, 0x1c, 0x40, 
  0x01, 0x60, 0xf0, 0x04, 0x00, 0x00, 0x00, 0x00, 0x07, 0x00, 0x80, 0x30, 0x00, 0x0c, 0x00, 0x00, 0x08, 0x00, 
  0x00, 0xe0, 0xf0, 0x0e, 0x00, 0x00, 0x00, 0x00, 0x00, 0x00, 0x83, 0xe0, 0x00, 0x0c, 0x00, 0x00, 0x10, 0x00, 
  0x00, 0x01, 0xf8, 0x08, 0x00, 0x00, 0x00, 0x00, 0x00, 0x00, 0x7c, 0x70, 0x00, 0x18, 0x00, 0x00, 0x30, 0x00, 
  0x08, 0x40, 0xf8, 0x08, 0x00, 0x00, 0x00, 0x00, 0x40, 0x00, 0x68, 0x34, 0x04, 0x50, 0x00, 0x07, 0xc4, 0x40, 
  0x00, 0x20, 0xfc, 0x14, 0x00, 0x00, 0x00, 0x00, 0x40, 0x00, 0x48, 0x10, 0x00, 0x10, 0x00, 0x07, 0x80, 0x00, 
  0x00, 0x20, 0x6f, 0xf0, 0x00, 0x00, 0x00, 0x00, 0xc0, 0x00, 0x18, 0x0c, 0x00, 0x10, 0x00, 0x06, 0x00, 0x00, 
  0x04, 0x00, 0xf0, 0xf0, 0x00, 0x00, 0x00, 0x01, 0x20, 0x00, 0x30, 0x04, 0x00, 0x18, 0x00, 0x03, 0x00, 0x00, 
  0x04, 0x00, 0xc4, 0xf0, 0x00, 0x00, 0x00, 0x01, 0x20, 0x00, 0x30, 0x04, 0x44, 0x4c, 0x00, 0x01, 0x44, 0x40, 
  0x00, 0x00, 0xef, 0xf0, 0x00, 0x00, 0x00, 0x00, 0xc0, 0x00, 0x18, 0x04, 0x00, 0x1c, 0x00, 0x03, 0x00, 0x00, 
  0x00, 0x00, 0xbc, 0x14, 0x00, 0x00, 0x00, 0x00, 0x40, 0x00, 0x48, 0x04, 0x00, 0x20, 0x00, 0x02, 0x00, 0x00, 
  0x00, 0x00, 0xf8, 0x08, 0x00, 0x00, 0x00, 0x00, 0x40, 0x00, 0x68, 0x04, 0x00, 0x20, 0x00, 0x03, 0x80, 0x00, 
  0x04, 0x00, 0xf8, 0x08, 0x00, 0x00, 0x00, 0x00, 0x00, 0x00, 0x7c, 0x0c, 0x44, 0x20, 0x00, 0x01, 0xc4, 0x00, 
  0x00, 0x00, 0xf0, 0x0e, 0x00, 0x00, 0x00, 0x00, 0x00, 0x00, 0x83, 0xc8, 0x00, 0x60, 0x00, 0x00, 0x80, 0x00, 
  0x00, 0x08, 0xf0, 0x04, 0x00, 0x00, 0x00, 0x00, 0x07, 0x00, 0x80, 0x38, 0x00, 0x40, 0x00, 0x00, 0xc0, 0x00, 
  0x00, 0x00, 0xf0, 0x01, 0x00, 0x00, 0x00, 0x00, 0x0e, 0x80, 0x80, 0x18, 0x00, 0x20, 0x00, 0x01, 0xc0, 0x00, 
  0x00, 0x00, 0xf8, 0x02, 0x00, 0x00, 0x00, 0x00, 0x07, 0x01, 0xf8, 0x06, 0x44, 0x50, 0x00, 0x01, 0xc4, 0x40, 
  0x00, 0x02, 0xf8, 0x00, 0x00, 0x00, 0x00, 0x20, 0x00, 0x02, 0x07, 0x81, 0x00, 0x10, 0x00, 0x01, 0x80, 0x00, 
  0x02, 0x02, 0x7c, 0x00, 0x00, 0x00, 0x00, 0x10, 0x00, 0x07, 0x09, 0x7c, 0xc0, 0x10, 0x00, 0x01, 0x00, 0x00, 
  0x00, 0x00, 0xc6, 0x00, 0x00, 0x00, 0x00, 0x00, 0x00, 0x0c, 0xc4, 0x93, 0xe0, 0x10, 0x00, 0x03, 0x00, 0x00, 
  0x00, 0x02, 0x25, 0xc0, 0x00, 0x00, 0x00, 0x28, 0x00, 0x19, 0x3c, 0x48, 0x74, 0x48, 0x00, 0x06, 0x04, 0x40, 
  0x00, 0x82, 0xf0, 0x38, 0x00, 0x00, 0x00, 0x1c, 0x00, 0xfc, 0xc7, 0xb3, 0x80, 0x0c, 0x00, 0x04, 0x00, 0x00, 
  0x10, 0x00, 0x40, 0x06, 0x00, 0x00, 0x1c, 0x1f, 0x0f, 0x3f, 0xc0, 0xfc, 0x00, 0x06, 0x00, 0x04, 0x00, 0x00, 
  0x10, 0x82, 0x60, 0x01, 0x80, 0x01, 0xf0, 0x23, 0xf0, 0x10, 0x7f, 0xe0, 0x00, 0x02, 0x00, 0x0c, 0x00, 0x00, 
  0x00, 0x42, 0x14, 0x44, 0x7f, 0xfe, 0x00, 0xc6, 0x16, 0x1c, 0x48, 0x44, 0x44, 0x47, 0x00, 0x1c, 0x44, 0x40, 
  0x00, 0x00, 0xf0, 0x00, 0x00, 0x1a, 0x00, 0x8d, 0xb9, 0xe8, 0x08, 0xc0, 0x00, 0x01, 0x00, 0x18, 0x00, 0x00, 
  0x10, 0xa0, 0x78, 0x00, 0x00, 0x3a, 0x07, 0x0c, 0xe0, 0x04, 0x08, 0x80, 0x00, 0x01, 0x80, 0x30, 0x00, 0x00, 
  0x00, 0x60, 0x80, 0x00, 0x00, 0x3b, 0x1c, 0x02, 0x63, 0x04, 0x11, 0x80, 0x00, 0x00, 0x80, 0x20, 0x00, 0x00, 
  0x10, 0x00, 0xdc, 0x04, 0x44, 0x3d, 0xb4, 0x05, 0xff, 0xdc, 0x51, 0x84, 0x44, 0x04, 0x80, 0x64, 0x44, 0x00, 
  0x01, 0xa0, 0xd8, 0x00, 0x00, 0x1f, 0xc0, 0x00, 0x1c, 0x78, 0x13, 0x00, 0x00, 0x00, 0xc0, 0xc0, 0x00, 0x00, 
  0x00, 0x80, 0x5e, 0x00, 0x00, 0x06, 0x00, 0x00, 0x00, 0x00, 0x1a, 0x00, 0x00, 0x00, 0xc0, 0x80, 0x00, 0x00, 
  0x00, 0x00, 0x75, 0xe0, 0x00, 0x00, 0x00, 0x00, 0x00, 0x00, 0x0e, 0x00, 0x00, 0x00, 0x41, 0x00, 0x00, 0x00, 
  0x00, 0x00, 0xfd, 0x74, 0x44, 0x44, 0x44, 0x44, 0x44, 0x44, 0x44, 0x44, 0x44, 0x44, 0x63, 0x44, 0x44, 0x40, 
  0x00, 0x00, 0x7e, 0xa0, 0x00, 0x00, 0x00, 0x00, 0x00, 0x00, 0x00, 0x00, 0x00, 0x00, 0x66, 0x00, 0x00, 0x00, 
  0x00, 0x00, 0x2d, 0xc0, 0x00, 0x00, 0x00, 0x00, 0x00, 0x00, 0x00, 0x00, 0x00, 0x00, 0x1c, 0x00, 0x00, 0x00, 
  0x00, 0x00, 0x71, 0x40, 0x00, 0x00, 0x00, 0x00, 0x00, 0x00, 0x00, 0x00, 0x00, 0x00, 0x00, 0x00, 0x00, 0x00, 
  0x00, 0x80, 0x77, 0x64, 0x04, 0x44, 0x04, 0x44, 0x04, 0x44, 0x04, 0x44, 0x04, 0x44, 0x04, 0x44, 0x04, 0x40, 
  0x00, 0x00, 0xc8, 0xe0, 0x00, 0x00, 0x00, 0x00, 0x00, 0x00, 0x00, 0x00, 0x00, 0x00, 0x00, 0x00, 0x00, 0x00, 
  0x00, 0x40, 0xe0, 0x00, 0x00, 0x00, 0x00, 0x00, 0x00, 0x00, 0x00, 0x00, 0x00, 0x00, 0x00, 0x00, 0x00, 0x00, 
  0x00, 0x00, 0x10, 0x00, 0x00, 0x00, 0x00, 0x00, 0x00, 0x00, 0x00, 0x00, 0x00, 0x00, 0x00, 0x00, 0x00, 0x00, 
  0x00, 0x40, 0x74, 0x44, 0x44, 0x44, 0x44, 0x44, 0x44, 0x44, 0x44, 0x44, 0x44, 0x44, 0x44, 0x44, 0x44, 0x40, 
  0x00, 0x00, 0x40, 0x00, 0x00, 0x00, 0x00, 0x00, 0x00, 0x00, 0x00, 0x00, 0x00, 0x00, 0x00, 0x00, 0x00, 0x00, 
};

const lv_img_dsc_t anaden_laika_1_13 = {
  .header.cf = LV_IMG_CF_INDEXED_1BIT,
  .header.always_zero = 0,
  .header.reserved = 0,
  .header.w = 140,
  .header.h = 68,
  .data_size = 1232,
  .data = anaden_laika_1_13_map,
};


#ifndef LV_ATTRIBUTE_IMG_ANADEN_LAIKA_1_14
#define LV_ATTRIBUTE_IMG_ANADEN_LAIKA_1_14
#endif

const LV_ATTRIBUTE_MEM_ALIGN LV_ATTRIBUTE_LARGE_CONST LV_ATTRIBUTE_IMG_ANADEN_LAIKA_1_14 uint8_t anaden_laika_1_14_map[] = {
#if CONFIG_NICE_VIEW_WIDGET_INVERTED
        0xff, 0xff, 0xff, 0xff, /*Color of index 0*/
        0x00, 0x00, 0x00, 0xff, /*Color of index 1*/
#else
        0x00, 0x00, 0x00, 0xff, /*Color of index 0*/
        0xff, 0xff, 0xff, 0xff, /*Color of index 1*/
#endif

  0x00, 0x00, 0x5c, 0x40, 0x00, 0x00, 0x00, 0x00, 0x00, 0x00, 0x00, 0x00, 0x00, 0x08, 0x00, 0x20, 0x00, 0x00, 
  0x00, 0x00, 0xf4, 0xc0, 0x00, 0x00, 0x00, 0x00, 0x00, 0x00, 0x00, 0x00, 0x00, 0x08, 0x00, 0x60, 0x00, 0x00, 
  0x00, 0x10, 0x2e, 0xc4, 0x44, 0x44, 0x44, 0x44, 0x44, 0x44, 0x44, 0x44, 0x44, 0x48, 0x00, 0x30, 0x44, 0x40, 
  0x00, 0x10, 0x7b, 0x80, 0x00, 0x00, 0x00, 0x00, 0x00, 0x00, 0x00, 0x00, 0x00, 0x0c, 0x00, 0x10, 0x00, 0x00, 
  0x00, 0x00, 0x77, 0x00, 0x00, 0x00, 0x00, 0x00, 0x00, 0x00, 0x00, 0x00, 0x00, 0x0c, 0x00, 0x1c, 0x00, 0x00, 
  0x08, 0x00, 0xfe, 0x00, 0x00, 0x00, 0x00, 0x00, 0x00, 0x00, 0x00, 0x00, 0x00, 0x08, 0x00, 0x04, 0x00, 0x00, 
  0x08, 0x00, 0xfc, 0x04, 0x44, 0x04, 0x44, 0x04, 0x44, 0x04, 0x44, 0x04, 0x44, 0x18, 0x00, 0x04, 0x04, 0x00, 
  0x08, 0x80, 0x50, 0x00, 0x00, 0x00, 0x00, 0x00, 0x00, 0x00, 0x00, 0x00, 0x00, 0x10, 0x00, 0x04, 0x00, 0x00, 
  0x09, 0x00, 0x70, 0x00, 0x00, 0x00, 0x00, 0x00, 0x00, 0x00, 0x00, 0x00, 0x00, 0x30, 0x00, 0x06, 0x00, 0x00, 
  0x0c, 0x00, 0xc0, 0x00, 0x00, 0x00, 0x00, 0x00, 0x00, 0x00, 0x00, 0x00, 0x00, 0x30, 0x00, 0x07, 0x80, 0x00, 
  0x01, 0x00, 0x34, 0x44, 0x44, 0x44, 0x44, 0x44, 0x44, 0x44, 0x40, 0x44, 0x44, 0x60, 0x00, 0x07, 0x84, 0x40, 
  0x01, 0x80, 0x60, 0x00, 0x00, 0x06, 0x00, 0x00, 0x00, 0x00, 0x00, 0x00, 0x00, 0x20, 0x00, 0x00, 0xc0, 0x00, 
  0x00, 0x80, 0x60, 0x00, 0x00, 0x1f, 0xc0, 0x00, 0x1c, 0x78, 0x00, 0x00, 0x00, 0x20, 0x00, 0x00, 0xe0, 0x00, 
  0x04, 0x00, 0x74, 0x00, 0x00, 0x3d, 0xb0, 0x01, 0xff, 0xd8, 0x03, 0x00, 0x00, 0x20, 0x00, 0x00, 0x30, 0x00, 
  0x04, 0x00, 0x0c, 0x44, 0x04, 0x7b, 0x1c, 0x46, 0x63, 0x04, 0x07, 0x04, 0x04, 0x70, 0x00, 0x00, 0x0c, 0x40, 
  0x04, 0x80, 0x38, 0x00, 0x00, 0x3a, 0x07, 0x0c, 0xe0, 0x04, 0x0d, 0x80, 0x00, 0x30, 0x00, 0x00, 0x30, 0x00, 
  0x00, 0x84, 0x70, 0x00, 0x00, 0x1a, 0x00, 0x8d, 0xb9, 0xe8, 0x0d, 0x80, 0x00, 0x10, 0x00, 0x00, 0x20, 0x00, 
  0x01, 0x04, 0x1e, 0x00, 0x7f, 0xfe, 0x00, 0xc6, 0x16, 0x18, 0x18, 0xc0, 0x00, 0x18, 0x00, 0x00, 0x10, 0x00, 
  0x00, 0x04, 0xf4, 0x45, 0x80, 0x01, 0xf0, 0x27, 0xf0, 0x14, 0x7f, 0xc4, 0x44, 0x48, 0x00, 0x00, 0x14, 0x40, 
  0x02, 0x10, 0x40, 0x06, 0x00, 0x00, 0x1c, 0x1f, 0x0f, 0x3f, 0xc0, 0xfc, 0x00, 0x0c, 0x00, 0x00, 0x18, 0x00, 
  0x02, 0x00, 0xc0, 0x38, 0x00, 0x00, 0x00, 0x1c, 0x00, 0xfc, 0x47, 0xb3, 0x80, 0x0c, 0x00, 0x00, 0x08, 0x00, 
  0x04, 0x00, 0xd1, 0xc0, 0x00, 0x00, 0x00, 0x28, 0x00, 0x19, 0xb8, 0x48, 0x70, 0x0c, 0x00, 0x00, 0x10, 0x00, 
  0x00, 0x00, 0xe6, 0x00, 0x00, 0x00, 0x00, 0x00, 0x00, 0x0c, 0xc4, 0x93, 0xe4, 0x18, 0x00, 0x00, 0x34, 0x00, 
  0x00, 0x00, 0x5c, 0x00, 0x00, 0x00, 0x00, 0x10, 0x00, 0x07, 0x09, 0x7c, 0xc0, 0x10, 0x00, 0x07, 0xc0, 0x00, 
  0x00, 0x00, 0xf8, 0x00, 0x00, 0x00, 0x00, 0x20, 0x00, 0x02, 0x07, 0x81, 0x00, 0x10, 0x00, 0x07, 0x80, 0x00, 
  0x00, 0x00, 0xf8, 0x02, 0x00, 0x00, 0x00, 0x00, 0x07, 0x01, 0xf8, 0x06, 0x00, 0x10, 0x00, 0x06, 0x00, 0x00, 
  0x00, 0x20, 0xf0, 0x01, 0x00, 0x00, 0x00, 0x00, 0x0e, 0x80, 0x80, 0x1c, 0x44, 0x18, 0x00, 0x03, 0x44, 0x40, 
  0x01, 0x60, 0xf0, 0x04, 0x00, 0x00, 0x00, 0x00, 0x07, 0x00, 0x80, 0x34, 0x00, 0x0c, 0x00, 0x01, 0x00, 0x00, 
  0x00, 0xe0, 0xf0, 0x0e, 0x00, 0x00, 0x00, 0x00, 0x00, 0x00, 0x83, 0xc4, 0x00, 0x1c, 0x00, 0x03, 0x00, 0x00, 
  0x00, 0x01, 0xf8, 0x08, 0x00, 0x00, 0x00, 0x00, 0x00, 0x00, 0x7c, 0x04, 0x00, 0x20, 0x00, 0x02, 0x00, 0x00, 
  0x08, 0x40, 0xf8, 0x08, 0x00, 0x00, 0x00, 0x00, 0x40, 0x00, 0x68, 0x04, 0x04, 0x60, 0x00, 0x03, 0x84, 0x40, 
  0x00, 0x20, 0xfc, 0x14, 0x00, 0x00, 0x00, 0x00, 0x40, 0x00, 0x48, 0x08, 0x00, 0x20, 0x00, 0x01, 0x80, 0x00, 
  0x00, 0x20, 0x6f, 0xf0, 0x00, 0x00, 0x00, 0x00, 0xc0, 0x00, 0x18, 0x08, 0x00, 0x60, 0x00, 0x00, 0x80, 0x00, 
  0x04, 0x00, 0xf0, 0xf0, 0x00, 0x00, 0x00, 0x01, 0x20, 0x00, 0x30, 0x08, 0x00, 0x40, 0x00, 0x00, 0xc0, 0x00, 
  0x04, 0x00, 0xc4, 0xf0, 0x00, 0x00, 0x00, 0x01, 0x20, 0x00, 0x30, 0x14, 0x44, 0x60, 0x00, 0x01, 0xc4, 0x40, 
  0x00, 0x00, 0xef, 0xf0, 0x00, 0x00, 0x00, 0x00, 0xc0, 0x00, 0x18, 0x10, 0x00, 0x10, 0x00, 0x01, 0xc0, 0x00, 
  0x00, 0x00, 0xbc, 0x14, 0x00, 0x00, 0x00, 0x00, 0x40, 0x00, 0x48, 0x20, 0x00, 0x10, 0x00, 0x01, 0x80, 0x00, 
  0x00, 0x00, 0xf8, 0x08, 0x00, 0x00, 0x00, 0x00, 0x40, 0x00, 0x68, 0x20, 0x00, 0x10, 0x00, 0x01, 0x00, 0x00, 
  0x04, 0x00, 0xf8, 0x08, 0x00, 0x00, 0x00, 0x00, 0x00, 0x00, 0x7c, 0x24, 0x44, 0x10, 0x00, 0x03, 0x44, 0x00, 
  0x00, 0x00, 0xf0, 0x0e, 0x00, 0x00, 0x00, 0x00, 0x00, 0x00, 0x83, 0xc0, 0x00, 0x08, 0x00, 0x06, 0x00, 0x00, 
  0x00, 0x08, 0xf0, 0x04, 0x00, 0x00, 0x00, 0x00, 0x07, 0x00, 0x80, 0x30, 0x00, 0x0c, 0x00, 0x04, 0x00, 0x00, 
  0x00, 0x00, 0xf0, 0x01, 0x00, 0x00, 0x00, 0x00, 0x0e, 0x80, 0x80, 0x18, 0x00, 0x06, 0x00, 0x04, 0x00, 0x00, 
  0x00, 0x00, 0xf8, 0x02, 0x00, 0x00, 0x00, 0x00, 0x07, 0x01, 0xf8, 0x06, 0x44, 0x46, 0x00, 0x0c, 0x44, 0x40, 
  0x00, 0x02, 0xf8, 0x00, 0x00, 0x00, 0x00, 0x20, 0x00, 0x02, 0x07, 0x81, 0x00, 0x03, 0x00, 0x18, 0x00, 0x00, 
  0x02, 0x02, 0x7c, 0x00, 0x00, 0x00, 0x00, 0x10, 0x00, 0x07, 0x09, 0x7c, 0xc0, 0x01, 0x00, 0x18, 0x00, 0x00, 
  0x00, 0x00, 0xc6, 0x00, 0x00, 0x00, 0x00, 0x00, 0x00, 0x0c, 0xc4, 0x93, 0xe0, 0x01, 0x80, 0x30, 0x00, 0x00, 
  0x00, 0x02, 0x25, 0xc0, 0x00, 0x00, 0x00, 0x28, 0x00, 0x19, 0x3c, 0x48, 0x74, 0x44, 0x80, 0x24, 0x04, 0x40, 
  0x00, 0x82, 0xf0, 0x38, 0x00, 0x00, 0x00, 0x1c, 0x00, 0xfc, 0xc7, 0xb3, 0x80, 0x00, 0x80, 0x60, 0x00, 0x00, 
  0x10, 0x00, 0x40, 0x06, 0x00, 0x00, 0x1c, 0x1f, 0x0f, 0x3f, 0xc0, 0xfc, 0x00, 0x00, 0xc0, 0xc0, 0x00, 0x00, 
  0x10, 0x82, 0x60, 0x01, 0x80, 0x01, 0xf0, 0x23, 0xf0, 0x10, 0x7f, 0xc0, 0x00, 0x00, 0xc0, 0x80, 0x00, 0x00, 
  0x00, 0x42, 0x14, 0x44, 0x7f, 0xfe, 0x00, 0xc6, 0x16, 0x1c, 0x4e, 0x44, 0x44, 0x44, 0x41, 0x44, 0x44, 0x40, 
  0x00, 0x00, 0xf0, 0x00, 0x00, 0x1a, 0x00, 0x8d, 0xb9, 0xe8, 0x00, 0x00, 0x00, 0x00, 0x63, 0x00, 0x00, 0x00, 
  0x10, 0xa0, 0x78, 0x00, 0x00, 0x3a, 0x07, 0x0c, 0xe0, 0x04, 0x00, 0x00, 0x00, 0x00, 0x66, 0x00, 0x00, 0x00, 
  0x00, 0x60, 0x80, 0x00, 0x00, 0x3b, 0x1c, 0x02, 0x63, 0x04, 0x00, 0x00, 0x00, 0x00, 0x1c, 0x00, 0x00, 0x00, 
  0x10, 0x00, 0xdc, 0x04, 0x44, 0x3d, 0xb4, 0x05, 0xff, 0xdc, 0x44, 0x00, 0x44, 0x04, 0x44, 0x04, 0x44, 0x00, 
  0x01, 0xa0, 0xd8, 0x00, 0x00, 0x1f, 0xc0, 0x00, 0x1c, 0x78, 0x00, 0x00, 0x00, 0x00, 0x00, 0x00, 0x00, 0x00, 
  0x00, 0x80, 0x5e, 0x00, 0x00, 0x06, 0x00, 0x00, 0x00, 0x00, 0x00, 0x00, 0x00, 0x00, 0x00, 0x00, 0x00, 0x00, 
  0x00, 0x00, 0x75, 0xe0, 0x00, 0x00, 0x00, 0x00, 0x00, 0x00, 0x00, 0x00, 0x00, 0x00, 0x00, 0x00, 0x00, 0x00, 
  0x00, 0x00, 0xfd, 0x74, 0x44, 0x44, 0x44, 0x44, 0x44, 0x44, 0x44, 0x4c, 0x44, 0x44, 0x44, 0x44, 0x44, 0x40, 
  0x00, 0x00, 0x7e, 0xa0, 0x00, 0x00, 0x00, 0x00, 0x00, 0x00, 0x00, 0x0c, 0x00, 0x00, 0x00, 0x00, 0x00, 0x00, 
  0x00, 0x00, 0x2d, 0xc0, 0x00, 0x00, 0x00, 0x00, 0x00, 0x00, 0x00, 0x1c, 0x00, 0x00, 0x00, 0x00, 0x00, 0x00, 
  0x00, 0x00, 0x71, 0x40, 0x00, 0x00, 0x00, 0x00, 0x00, 0x00, 0x00, 0x14, 0x00, 0x00, 0x00, 0x00, 0x00, 0x00, 
  0x00, 0x80, 0x77, 0x64, 0x04, 0x44, 0x04, 0x44, 0x04, 0x44, 0x04, 0x56, 0x04, 0x44, 0x04, 0x04, 0x04, 0x40, 
  0x00, 0x00, 0xc8, 0xe0, 0x00, 0x00, 0x00, 0x00, 0x00, 0x00, 0x00, 0x17, 0x00, 0x00, 0x00, 0x00, 0x00, 0x00, 
  0x00, 0x40, 0xe0, 0x00, 0x00, 0x00, 0x00, 0x00, 0x00, 0x00, 0x00, 0x31, 0x00, 0x00, 0x00, 0x20, 0x00, 0x00, 
  0x00, 0x00, 0x10, 0x00, 0x00, 0x00, 0x00, 0x00, 0x00, 0x00, 0x00, 0x21, 0x00, 0x00, 0x00, 0x70, 0x00, 0x00, 
  0x00, 0x40, 0x74, 0x44, 0x44, 0x44, 0x44, 0x44, 0x44, 0x44, 0x44, 0x41, 0x04, 0x44, 0x44, 0x70, 0x44, 0x40, 
  0x00, 0x00, 0x40, 0x00, 0x00, 0x00, 0x00, 0x00, 0x00, 0x00, 0x00, 0x41, 0x80, 0x00, 0x00, 0x58, 0x00, 0x00, 
};

const lv_img_dsc_t anaden_laika_1_14 = {
  .header.cf = LV_IMG_CF_INDEXED_1BIT,
  .header.always_zero = 0,
  .header.reserved = 0,
  .header.w = 140,
  .header.h = 68,
  .data_size = 1232,
  .data = anaden_laika_1_14_map,
};


#ifndef LV_ATTRIBUTE_IMG_ANADEN_LAIKA_1_15
#define LV_ATTRIBUTE_IMG_ANADEN_LAIKA_1_15
#endif

const LV_ATTRIBUTE_MEM_ALIGN LV_ATTRIBUTE_LARGE_CONST LV_ATTRIBUTE_IMG_ANADEN_LAIKA_1_15 uint8_t anaden_laika_1_15_map[] = {
#if CONFIG_NICE_VIEW_WIDGET_INVERTED
        0xff, 0xff, 0xff, 0xff, /*Color of index 0*/
        0x00, 0x00, 0x00, 0xff, /*Color of index 1*/
#else
        0x00, 0x00, 0x00, 0xff, /*Color of index 0*/
        0xff, 0xff, 0xff, 0xff, /*Color of index 1*/
#endif

  0x00, 0x00, 0x5c, 0x40, 0x00, 0x00, 0x00, 0x00, 0x00, 0x00, 0x00, 0x00, 0x00, 0x10, 0x00, 0x04, 0x00, 0x00, 
  0x00, 0x00, 0xf4, 0xc0, 0x00, 0x00, 0x00, 0x00, 0x00, 0x00, 0x00, 0x00, 0x00, 0x30, 0x00, 0x06, 0x00, 0x00, 
  0x00, 0x10, 0x2e, 0xc4, 0x44, 0x44, 0x44, 0x44, 0x44, 0x44, 0x44, 0x44, 0x44, 0x70, 0x00, 0x07, 0xc4, 0x40, 
  0x00, 0x10, 0x7b, 0x80, 0x00, 0x00, 0x00, 0x00, 0x00, 0x00, 0x00, 0x00, 0x00, 0x20, 0x00, 0x07, 0x80, 0x00, 
  0x00, 0x00, 0x77, 0x00, 0x00, 0x00, 0x00, 0x00, 0x00, 0x00, 0x00, 0x00, 0x00, 0x20, 0x00, 0x00, 0xc0, 0x00, 
  0x08, 0x00, 0xfe, 0x00, 0x00, 0x00, 0x00, 0x00, 0x00, 0x00, 0x00, 0x00, 0x00, 0x20, 0x00, 0x00, 0xe0, 0x00, 
  0x08, 0x00, 0xfc, 0x04, 0x44, 0x04, 0x44, 0x04, 0x44, 0x04, 0x47, 0x04, 0x44, 0x20, 0x00, 0x00, 0x34, 0x00, 
  0x08, 0x80, 0x50, 0x00, 0x00, 0x00, 0x00, 0x00, 0x00, 0x00, 0x07, 0x00, 0x00, 0x30, 0x00, 0x00, 0x08, 0x00, 
  0x09, 0x00, 0x70, 0x00, 0x00, 0x00, 0x00, 0x00, 0x00, 0x00, 0x0d, 0x80, 0x00, 0x30, 0x00, 0x00, 0x30, 0x00, 
  0x0c, 0x00, 0xc0, 0x00, 0x00, 0x07, 0x00, 0x00, 0x00, 0x00, 0x0d, 0x80, 0x00, 0x10, 0x00, 0x00, 0x20, 0x00, 
  0x01, 0x00, 0x34, 0x44, 0x44, 0x4f, 0xc4, 0x44, 0x44, 0x44, 0x58, 0xc4, 0x44, 0x58, 0x00, 0x00, 0x14, 0x40, 
  0x01, 0x80, 0x60, 0x00, 0x00, 0x1e, 0xe0, 0x00, 0x00, 0x00, 0x10, 0xc0, 0x00, 0x08, 0x00, 0x00, 0x10, 0x00, 
  0x00, 0x80, 0x60, 0x00, 0x00, 0x1d, 0xb0, 0x00, 0x31, 0xc0, 0x18, 0x40, 0x00, 0x0c, 0x00, 0x00, 0x18, 0x00, 
  0x04, 0x00, 0x74, 0x00, 0x00, 0x1a, 0x18, 0x07, 0x7e, 0x70, 0x18, 0x60, 0x00, 0x0c, 0x00, 0x00, 0x08, 0x00, 
  0x04, 0x00, 0x0c, 0x44, 0x04, 0x4c, 0x0c, 0x4b, 0xcc, 0x3c, 0x10, 0x64, 0x04, 0x4c, 0x00, 0x00, 0x14, 0x40, 
  0x04, 0x80, 0x38, 0x00, 0x00, 0x0c, 0x06, 0x13, 0xdf, 0x0c, 0x10, 0x70, 0x00, 0x18, 0x00, 0x00, 0x30, 0x00, 
  0x00, 0x84, 0x70, 0x00, 0x00, 0x06, 0x01, 0x16, 0x61, 0xe4, 0x70, 0x30, 0x00, 0x10, 0x00, 0x07, 0xc0, 0x00, 
  0x01, 0x04, 0x1e, 0x00, 0xff, 0xff, 0x00, 0x88, 0x20, 0x38, 0x60, 0x10, 0x00, 0x10, 0x00, 0x07, 0x80, 0x00, 
  0x00, 0x04, 0xf4, 0x4f, 0x00, 0x03, 0xc0, 0x4f, 0xf0, 0x75, 0xfc, 0x0c, 0x44, 0x50, 0x00, 0x06, 0x44, 0x40, 
  0x02, 0x10, 0x40, 0x30, 0x00, 0x00, 0x38, 0x7c, 0x3f, 0xff, 0x8f, 0xc4, 0x00, 0x18, 0x00, 0x03, 0x00, 0x00, 
  0x02, 0x00, 0xc0, 0xe0, 0x00, 0x00, 0x00, 0x30, 0x00, 0x78, 0x46, 0x7c, 0x00, 0x0c, 0x00, 0x01, 0x00, 0x00, 
  0x04, 0x00, 0xd1, 0x80, 0x00, 0x00, 0x00, 0x50, 0x00, 0x11, 0xb9, 0xb7, 0x00, 0x1c, 0x00, 0x03, 0x00, 0x00, 
  0x00, 0x00, 0xe6, 0x00, 0x00, 0x00, 0x00, 0x00, 0x00, 0x08, 0xc4, 0x4b, 0xc4, 0x20, 0x00, 0x02, 0x44, 0x00, 
  0x00, 0x00, 0x4c, 0x00, 0x00, 0x00, 0x00, 0x20, 0x00, 0x0b, 0x08, 0x9d, 0x80, 0x20, 0x00, 0x03, 0x80, 0x00, 
  0x00, 0x00, 0xf8, 0x00, 0x00, 0x00, 0x00, 0x40, 0x00, 0x04, 0x01, 0x73, 0x00, 0x20, 0x00, 0x01, 0x80, 0x00, 
  0x00, 0x00, 0xf8, 0x00, 0x00, 0x00, 0x00, 0x00, 0x1c, 0x02, 0x3f, 0x86, 0x00, 0x60, 0x00, 0x00, 0x80, 0x00, 
  0x00, 0x20, 0xf0, 0x00, 0x80, 0x00, 0x00, 0x00, 0x3a, 0x03, 0xf8, 0x1c, 0x44, 0x40, 0x00, 0x00, 0xc4, 0x40, 
  0x01, 0x60, 0xf0, 0x06, 0x00, 0x00, 0x00, 0x00, 0x1c, 0x01, 0x00, 0x30, 0x00, 0x20, 0x00, 0x01, 0xc0, 0x00, 
  0x00, 0xe0, 0xf0, 0x07, 0x00, 0x00, 0x00, 0x00, 0x00, 0x01, 0x03, 0xd0, 0x00, 0x10, 0x00, 0x01, 0xc0, 0x00, 
  0x00, 0x01, 0xf0, 0x05, 0x00, 0x00, 0x00, 0x00, 0x00, 0x01, 0xce, 0x20, 0x00, 0x10, 0x00, 0x01, 0x80, 0x00, 
  0x08, 0x40, 0xf8, 0x0c, 0x00, 0x00, 0x00, 0x00, 0x80, 0x01, 0xb0, 0x24, 0x04, 0x50, 0x00, 0x01, 0x04, 0x40, 
  0x00, 0x20, 0xf8, 0x0a, 0x00, 0x00, 0x00, 0x00, 0x80, 0x01, 0x20, 0x20, 0x00, 0x10, 0x00, 0x03, 0x00, 0x00, 
  0x00, 0x20, 0x7f, 0x10, 0x00, 0x00, 0x00, 0x01, 0x80, 0x00, 0x60, 0x40, 0x00, 0x08, 0x00, 0x06, 0x00, 0x00, 
  0x04, 0x00, 0xf3, 0xf0, 0x00, 0x00, 0x00, 0x02, 0x40, 0x00, 0xe0, 0x60, 0x00, 0x0c, 0x00, 0x04, 0x00, 0x00, 
  0x04, 0x00, 0xc7, 0xf0, 0x00, 0x00, 0x00, 0x02, 0x40, 0x00, 0xd0, 0x64, 0x44, 0x46, 0x00, 0x04, 0x44, 0x40, 
  0x00, 0x00, 0xff, 0x10, 0x00, 0x00, 0x00, 0x01, 0x80, 0x00, 0x70, 0x20, 0x00, 0x02, 0x00, 0x0c, 0x00, 0x00, 
  0x00, 0x00, 0xf8, 0x0a, 0x00, 0x00, 0x00, 0x00, 0x80, 0x01, 0x28, 0x40, 0x00, 0x03, 0x00, 0x18, 0x00, 0x00, 
  0x00, 0x00, 0xf8, 0x0c, 0x00, 0x00, 0x00, 0x00, 0x80, 0x01, 0xb8, 0xc0, 0x00, 0x01, 0x00, 0x18, 0x00, 0x00, 
  0x04, 0x00, 0xf0, 0x05, 0x00, 0x00, 0x00, 0x00, 0x00, 0x01, 0xce, 0x84, 0x44, 0x05, 0x80, 0x34, 0x44, 0x00, 
  0x00, 0x00, 0xf0, 0x07, 0x00, 0x00, 0x00, 0x00, 0x00, 0x01, 0x03, 0xc0, 0x00, 0x00, 0x80, 0x20, 0x00, 0x00, 
  0x00, 0x08, 0xf0, 0x06, 0x00, 0x00, 0x00, 0x00, 0x1c, 0x01, 0x00, 0x30, 0x00, 0x00, 0x80, 0x60, 0x00, 0x00, 
  0x00, 0x00, 0xf0, 0x00, 0x80, 0x00, 0x00, 0x00, 0x3a, 0x03, 0xf8, 0x18, 0x00, 0x00, 0xc0, 0xc0, 0x00, 0x00, 
  0x00, 0x00, 0xf8, 0x00, 0x00, 0x00, 0x00, 0x00, 0x1c, 0x02, 0x3f, 0x86, 0x44, 0x44, 0xc0, 0xc4, 0x44, 0x40, 
  0x00, 0x02, 0xf8, 0x00, 0x00, 0x00, 0x00, 0x40, 0x00, 0x04, 0x01, 0x73, 0x00, 0x00, 0x41, 0x00, 0x00, 0x00, 
  0x02, 0x02, 0x6c, 0x00, 0x00, 0x00, 0x00, 0x20, 0x00, 0x0b, 0x08, 0x9d, 0x80, 0x00, 0x63, 0x00, 0x00, 0x00, 
  0x00, 0x00, 0xc6, 0x00, 0x00, 0x00, 0x00, 0x00, 0x00, 0x08, 0xc4, 0x4b, 0xc0, 0x00, 0x66, 0x00, 0x00, 0x00, 
  0x00, 0x02, 0x25, 0x80, 0x00, 0x00, 0x00, 0x50, 0x00, 0x11, 0xb9, 0xb7, 0x04, 0x44, 0x1c, 0x44, 0x04, 0x40, 
  0x00, 0x82, 0xf0, 0xe0, 0x00, 0x00, 0x00, 0x30, 0x00, 0x78, 0x46, 0x7c, 0x00, 0x00, 0x00, 0x00, 0x00, 0x00, 
  0x10, 0x00, 0x40, 0x30, 0x00, 0x00, 0x38, 0x7c, 0x3f, 0xff, 0x8f, 0xc0, 0x00, 0x00, 0x00, 0x00, 0x00, 0x00, 
  0x10, 0x82, 0x60, 0x0f, 0x00, 0x03, 0xc0, 0x4f, 0xf0, 0x71, 0xfc, 0x00, 0x00, 0x00, 0x00, 0x00, 0x00, 0x00, 
  0x00, 0x42, 0x14, 0x44, 0xff, 0xff, 0x00, 0xc8, 0x20, 0x3c, 0x44, 0x44, 0x44, 0x44, 0x44, 0x44, 0x44, 0x40, 
  0x00, 0x00, 0xf0, 0x00, 0x00, 0x06, 0x01, 0x96, 0x61, 0xe4, 0x00, 0x0c, 0x00, 0x00, 0x00, 0x00, 0x00, 0x00, 
  0x10, 0xa0, 0x78, 0x00, 0x00, 0x0c, 0x06, 0x13, 0xdf, 0x0c, 0x00, 0x0c, 0x00, 0x00, 0x00, 0x00, 0x00, 0x00, 
  0x00, 0x60, 0x80, 0x00, 0x00, 0x0c, 0x0c, 0x0b, 0xcc, 0x38, 0x00, 0x1c, 0x00, 0x00, 0x00, 0x00, 0x00, 0x00, 
  0x10, 0x00, 0xdc, 0x04, 0x44, 0x1a, 0x1c, 0x07, 0x7e, 0x74, 0x44, 0x14, 0x44, 0x04, 0x44, 0x04, 0x44, 0x00, 
  0x01, 0xa0, 0xd8, 0x00, 0x00, 0x1d, 0xb0, 0x00, 0x31, 0xc0, 0x00, 0x16, 0x00, 0x00, 0x00, 0x00, 0x00, 0x00, 
  0x00, 0x80, 0x5e, 0x00, 0x00, 0x1e, 0xe0, 0x00, 0x00, 0x00, 0x00, 0x17, 0x00, 0x00, 0x00, 0x00, 0x00, 0x00, 
  0x00, 0x00, 0x75, 0xe0, 0x00, 0x0f, 0xc0, 0x00, 0x00, 0x00, 0x00, 0x31, 0x00, 0x00, 0x00, 0x20, 0x00, 0x00, 
  0x00, 0x00, 0xfd, 0x74, 0x44, 0x47, 0x44, 0x44, 0x44, 0x44, 0x44, 0x61, 0x44, 0x44, 0x44, 0x74, 0x44, 0x40, 
  0x00, 0x00, 0x7e, 0xa0, 0x00, 0x00, 0x00, 0x00, 0x00, 0x00, 0x00, 0x41, 0x00, 0x00, 0x00, 0x70, 0x00, 0x00, 
  0x00, 0x00, 0x2d, 0xc0, 0x00, 0x00, 0x00, 0x00, 0x00, 0x00, 0x00, 0x41, 0x80, 0x00, 0x00, 0x58, 0x00, 0x00, 
  0x00, 0x00, 0x71, 0x40, 0x00, 0x00, 0x00, 0x00, 0x00, 0x00, 0x00, 0x40, 0xc0, 0x00, 0x00, 0x48, 0x00, 0x00, 
  0x00, 0x80, 0x77, 0x64, 0x04, 0x44, 0x04, 0x44, 0x04, 0x44, 0x04, 0x60, 0x44, 0x44, 0x04, 0x4c, 0x04, 0x40, 
  0x00, 0x00, 0xc8, 0xe0, 0x00, 0x00, 0x00, 0x00, 0x00, 0x00, 0x00, 0x20, 0xc0, 0x00, 0x00, 0x68, 0x00, 0x00, 
  0x00, 0x40, 0xe0, 0x00, 0x00, 0x00, 0x00, 0x00, 0x00, 0x00, 0x00, 0x60, 0xc0, 0x00, 0x00, 0x24, 0x00, 0x00, 
  0x00, 0x00, 0x10, 0x00, 0x00, 0x00, 0x00, 0x00, 0x00, 0x00, 0x00, 0xc0, 0x60, 0x00, 0x00, 0x26, 0x00, 0x00, 
  0x00, 0x40, 0x74, 0x44, 0x44, 0x44, 0x44, 0x44, 0x44, 0x44, 0x44, 0x80, 0x24, 0x44, 0x44, 0x62, 0x44, 0x40, 
  0x00, 0x00, 0x40, 0x00, 0x00, 0x00, 0x00, 0x00, 0x00, 0x00, 0x00, 0xc0, 0x20, 0x00, 0x00, 0xc2, 0x00, 0x00, 
};

const lv_img_dsc_t anaden_laika_1_15 = {
  .header.cf = LV_IMG_CF_INDEXED_1BIT,
  .header.always_zero = 0,
  .header.reserved = 0,
  .header.w = 140,
  .header.h = 68,
  .data_size = 1232,
  .data = anaden_laika_1_15_map,
};


#ifndef LV_ATTRIBUTE_IMG_ANADEN_LAIKA_1_16
#define LV_ATTRIBUTE_IMG_ANADEN_LAIKA_1_16
#endif

const LV_ATTRIBUTE_MEM_ALIGN LV_ATTRIBUTE_LARGE_CONST LV_ATTRIBUTE_IMG_ANADEN_LAIKA_1_16 uint8_t anaden_laika_1_16_map[] = {
#if CONFIG_NICE_VIEW_WIDGET_INVERTED
        0xff, 0xff, 0xff, 0xff, /*Color of index 0*/
        0x00, 0x00, 0x00, 0xff, /*Color of index 1*/
#else
        0x00, 0x00, 0x00, 0xff, /*Color of index 0*/
        0xff, 0xff, 0xff, 0xff, /*Color of index 1*/
#endif

  0x00, 0x00, 0x5c, 0x40, 0x00, 0x00, 0x00, 0x00, 0x00, 0x00, 0x00, 0x00, 0x00, 0x10, 0x00, 0x04, 0x00, 0x00, 
  0x00, 0x00, 0xf4, 0xc0, 0x00, 0x00, 0x00, 0x00, 0x00, 0x00, 0x00, 0x00, 0x00, 0x30, 0x00, 0x06, 0x00, 0x00, 
  0x00, 0x10, 0x2e, 0xc4, 0x44, 0x44, 0x44, 0x44, 0x44, 0x44, 0x44, 0x44, 0x44, 0x70, 0x00, 0x07, 0xc4, 0x40, 
  0x00, 0x10, 0x7b, 0x80, 0x00, 0x00, 0x00, 0x00, 0x00, 0x00, 0x00, 0x00, 0x00, 0x20, 0x00, 0x07, 0x80, 0x00, 
  0x00, 0x00, 0x77, 0x00, 0x00, 0x00, 0x00, 0x00, 0x00, 0x00, 0x00, 0x00, 0x00, 0x20, 0x00, 0x00, 0xc0, 0x00, 
  0x08, 0x00, 0xfe, 0x00, 0x00, 0x00, 0x00, 0x00, 0x00, 0x00, 0x00, 0x00, 0x00, 0x20, 0x00, 0x00, 0xe0, 0x00, 
  0x08, 0x00, 0xfc, 0x04, 0x44, 0x04, 0x44, 0x04, 0x44, 0x04, 0x47, 0x04, 0x44, 0x20, 0x00, 0x00, 0x34, 0x00, 
  0x08, 0x80, 0x50, 0x00, 0x00, 0x00, 0x00, 0x00, 0x00, 0x00, 0x07, 0x00, 0x00, 0x30, 0x00, 0x00, 0x08, 0x00, 
  0x09, 0x00, 0x70, 0x00, 0x00, 0x00, 0x00, 0x00, 0x00, 0x00, 0x0d, 0x80, 0x00, 0x30, 0x00, 0x00, 0x30, 0x00, 
  0x0c, 0x00, 0xc0, 0x00, 0x00, 0x07, 0x00, 0x00, 0x00, 0x00, 0x0d, 0x80, 0x00, 0x10, 0x00, 0x00, 0x20, 0x00, 
  0x01, 0x00, 0x34, 0x44, 0x44, 0x4f, 0xc4, 0x44, 0x44, 0x44, 0x58, 0xc4, 0x44, 0x58, 0x00, 0x00, 0x14, 0x40, 
  0x01, 0x80, 0x60, 0x00, 0x00, 0x1e, 0xe0, 0x00, 0x00, 0x00, 0x10, 0xc0, 0x00, 0x08, 0x00, 0x00, 0x10, 0x00, 
  0x00, 0x80, 0x60, 0x00, 0x00, 0x1d, 0xb0, 0x00, 0x31, 0xc0, 0x18, 0x40, 0x00, 0x0c, 0x00, 0x00, 0x18, 0x00, 
  0x04, 0x00, 0x74, 0x00, 0x00, 0x1a, 0x18, 0x07, 0x7e, 0x70, 0x18, 0x60, 0x00, 0x0c, 0x00, 0x00, 0x08, 0x00, 
  0x04, 0x00, 0x0c, 0x44, 0x04, 0x4c, 0x0c, 0x4b, 0xcc, 0x3c, 0x10, 0x64, 0x04, 0x4c, 0x00, 0x00, 0x14, 0x40, 
  0x04, 0x80, 0x38, 0x00, 0x00, 0x0c, 0x06, 0x13, 0xdf, 0x0c, 0x10, 0x70, 0x00, 0x18, 0x00, 0x00, 0x30, 0x00, 
  0x00, 0x84, 0x70, 0x00, 0x00, 0x06, 0x01, 0x16, 0x61, 0xe4, 0x70, 0x30, 0x00, 0x10, 0x00, 0x07, 0xc0, 0x00, 
  0x01, 0x04, 0x1e, 0x00, 0xff, 0xff, 0x00, 0x88, 0x20, 0x38, 0x60, 0x10, 0x00, 0x10, 0x00, 0x07, 0x80, 0x00, 
  0x00, 0x04, 0xf4, 0x4f, 0x00, 0x03, 0xc0, 0x4f, 0xf0, 0x75, 0xfc, 0x0c, 0x44, 0x50, 0x00, 0x06, 0x44, 0x40, 
  0x02, 0x10, 0x40, 0x30, 0x00, 0x00, 0x38, 0x7c, 0x3f, 0xff, 0x8f, 0xc4, 0x00, 0x18, 0x00, 0x03, 0x00, 0x00, 
  0x02, 0x00, 0xc0, 0xe0, 0x00, 0x00, 0x00, 0x30, 0x00, 0x78, 0x46, 0x7c, 0x00, 0x0c, 0x00, 0x01, 0x00, 0x00, 
  0x04, 0x00, 0xd1, 0x80, 0x00, 0x00, 0x00, 0x50, 0x00, 0x11, 0xb9, 0xb7, 0x00, 0x1c, 0x00, 0x03, 0x00, 0x00, 
  0x00, 0x00, 0xe6, 0x00, 0x00, 0x00, 0x00, 0x00, 0x00, 0x08, 0xc4, 0x4b, 0xc4, 0x20, 0x00, 0x02, 0x44, 0x00, 
  0x00, 0x00, 0x4c, 0x00, 0x00, 0x00, 0x00, 0x20, 0x00, 0x0b, 0x08, 0x9d, 0x80, 0x20, 0x00, 0x03, 0x80, 0x00, 
  0x00, 0x00, 0xf8, 0x00, 0x00, 0x00, 0x00, 0x40, 0x00, 0x04, 0x01, 0x73, 0x00, 0x20, 0x00, 0x01, 0x80, 0x00, 
  0x00, 0x00, 0xf8, 0x00, 0x00, 0x00, 0x00, 0x00, 0x1c, 0x02, 0x3f, 0x86, 0x00, 0x60, 0x00, 0x00, 0x80, 0x00, 
  0x00, 0x20, 0xf0, 0x00, 0x80, 0x00, 0x00, 0x00, 0x3a, 0x03, 0xf8, 0x1c, 0x44, 0x40, 0x00, 0x00, 0xc4, 0x40, 
  0x01, 0x60, 0xf0, 0x06, 0x00, 0x00, 0x00, 0x00, 0x1c, 0x01, 0x00, 0x30, 0x00, 0x20, 0x00, 0x01, 0xc0, 0x00, 
  0x00, 0xe0, 0xf0, 0x07, 0x00, 0x00, 0x00, 0x00, 0x00, 0x01, 0x03, 0xd0, 0x00, 0x10, 0x00, 0x01, 0xc0, 0x00, 
  0x00, 0x01, 0xf0, 0x05, 0x00, 0x00, 0x00, 0x00, 0x00, 0x01, 0xce, 0x20, 0x00, 0x10, 0x00, 0x01, 0x80, 0x00, 
  0x08, 0x40, 0xf8, 0x0c, 0x00, 0x00, 0x00, 0x00, 0x80, 0x01, 0xb0, 0x24, 0x04, 0x50, 0x00, 0x01, 0x04, 0x40, 
  0x00, 0x20, 0xf8, 0x0a, 0x00, 0x00, 0x00, 0x00, 0x80, 0x01, 0x20, 0x20, 0x00, 0x10, 0x00, 0x03, 0x00, 0x00, 
  0x00, 0x20, 0x7f, 0x10, 0x00, 0x00, 0x00, 0x01, 0x80, 0x00, 0x60, 0x40, 0x00, 0x08, 0x00, 0x06, 0x00, 0x00, 
  0x04, 0x00, 0xf3, 0xf0, 0x00, 0x00, 0x00, 0x02, 0x40, 0x00, 0xe0, 0x60, 0x00, 0x0c, 0x00, 0x04, 0x00, 0x00, 
  0x04, 0x00, 0xc7, 0xf0, 0x00, 0x00, 0x00, 0x02, 0x40, 0x00, 0xd0, 0x64, 0x44, 0x46, 0x00, 0x04, 0x44, 0x40, 
  0x00, 0x00, 0xff, 0x10, 0x00, 0x00, 0x00, 0x01, 0x80, 0x00, 0x70, 0x20, 0x00, 0x02, 0x00, 0x0c, 0x00, 0x00, 
  0x00, 0x00, 0xf8, 0x0a, 0x00, 0x00, 0x00, 0x00, 0x80, 0x01, 0x28, 0x40, 0x00, 0x03, 0x00, 0x18, 0x00, 0x00, 
  0x00, 0x00, 0xf8, 0x0c, 0x00, 0x00, 0x00, 0x00, 0x80, 0x01, 0xb8, 0xc0, 0x00, 0x01, 0x00, 0x18, 0x00, 0x00, 
  0x04, 0x00, 0xf0, 0x05, 0x00, 0x00, 0x00, 0x00, 0x00, 0x01, 0xce, 0x84, 0x44, 0x05, 0x80, 0x34, 0x44, 0x00, 
  0x00, 0x00, 0xf0, 0x07, 0x00, 0x00, 0x00, 0x00, 0x00, 0x01, 0x03, 0xc0, 0x00, 0x00, 0x80, 0x20, 0x00, 0x00, 
  0x00, 0x08, 0xf0, 0x06, 0x00, 0x00, 0x00, 0x00, 0x1c, 0x01, 0x00, 0x30, 0x00, 0x00, 0x80, 0x60, 0x00, 0x00, 
  0x00, 0x00, 0xf0, 0x00, 0x80, 0x00, 0x00, 0x00, 0x3a, 0x03, 0xf8, 0x18, 0x00, 0x00, 0xc0, 0xc0, 0x00, 0x00, 
  0x00, 0x00, 0xf8, 0x00, 0x00, 0x00, 0x00, 0x00, 0x1c, 0x02, 0x3f, 0x86, 0x44, 0x44, 0xc0, 0xc4, 0x44, 0x40, 
  0x00, 0x02, 0xf8, 0x00, 0x00, 0x00, 0x00, 0x40, 0x00, 0x04, 0x01, 0x73, 0x00, 0x00, 0x41, 0x00, 0x00, 0x00, 
  0x02, 0x02, 0x6c, 0x00, 0x00, 0x00, 0x00, 0x20, 0x00, 0x0b, 0x08, 0x9d, 0x80, 0x00, 0x63, 0x00, 0x00, 0x00, 
  0x00, 0x00, 0xc6, 0x00, 0x00, 0x00, 0x00, 0x00, 0x00, 0x08, 0xc4, 0x4b, 0xc0, 0x00, 0x66, 0x00, 0x00, 0x00, 
  0x00, 0x02, 0x25, 0x80, 0x00, 0x00, 0x00, 0x50, 0x00, 0x11, 0xb9, 0xb7, 0x04, 0x44, 0x1c, 0x44, 0x04, 0x40, 
  0x00, 0x82, 0xf0, 0xe0, 0x00, 0x00, 0x00, 0x30, 0x00, 0x78, 0x46, 0x7c, 0x00, 0x00, 0x00, 0x00, 0x00, 0x00, 
  0x10, 0x00, 0x40, 0x30, 0x00, 0x00, 0x38, 0x7c, 0x3f, 0xff, 0x8f, 0xc0, 0x00, 0x00, 0x00, 0x00, 0x00, 0x00, 
  0x10, 0x82, 0x60, 0x0f, 0x00, 0x03, 0xc0, 0x4f, 0xf0, 0x71, 0xfc, 0x00, 0x00, 0x00, 0x00, 0x00, 0x00, 0x00, 
  0x00, 0x42, 0x14, 0x44, 0xff, 0xff, 0x00, 0xc8, 0x20, 0x3c, 0x44, 0x44, 0x44, 0x44, 0x44, 0x44, 0x44, 0x40, 
  0x00, 0x00, 0xf0, 0x00, 0x00, 0x06, 0x01, 0x96, 0x61, 0xe4, 0x00, 0x0c, 0x00, 0x00, 0x00, 0x00, 0x00, 0x00, 
  0x10, 0xa0, 0x78, 0x00, 0x00, 0x0c, 0x06, 0x13, 0xdf, 0x0c, 0x00, 0x0c, 0x00, 0x00, 0x00, 0x00, 0x00, 0x00, 
  0x00, 0x60, 0x80, 0x00, 0x00, 0x0c, 0x0c, 0x0b, 0xcc, 0x38, 0x00, 0x1c, 0x00, 0x00, 0x00, 0x00, 0x00, 0x00, 
  0x10, 0x00, 0xdc, 0x04, 0x44, 0x1a, 0x1c, 0x07, 0x7e, 0x74, 0x44, 0x14, 0x44, 0x04, 0x44, 0x04, 0x44, 0x00, 
  0x01, 0xa0, 0xd8, 0x00, 0x00, 0x1d, 0xb0, 0x00, 0x31, 0xc0, 0x00, 0x16, 0x00, 0x00, 0x00, 0x00, 0x00, 0x00, 
  0x00, 0x80, 0x5e, 0x00, 0x00, 0x1e, 0xe0, 0x00, 0x00, 0x00, 0x00, 0x17, 0x00, 0x00, 0x00, 0x00, 0x00, 0x00, 
  0x00, 0x00, 0x75, 0xe0, 0x00, 0x0f, 0xc0, 0x00, 0x00, 0x00, 0x00, 0x31, 0x00, 0x00, 0x00, 0x20, 0x00, 0x00, 
  0x00, 0x00, 0xfd, 0x74, 0x44, 0x47, 0x44, 0x44, 0x44, 0x44, 0x44, 0x61, 0x44, 0x44, 0x44, 0x74, 0x44, 0x40, 
  0x00, 0x00, 0x7e, 0xa0, 0x00, 0x00, 0x00, 0x00, 0x00, 0x00, 0x00, 0x41, 0x00, 0x00, 0x00, 0x70, 0x00, 0x00, 
  0x00, 0x00, 0x2d, 0xc0, 0x00, 0x00, 0x00, 0x00, 0x00, 0x00, 0x00, 0x41, 0x80, 0x00, 0x00, 0x58, 0x00, 0x00, 
  0x00, 0x00, 0x71, 0x40, 0x00, 0x00, 0x00, 0x00, 0x00, 0x00, 0x00, 0x40, 0xc0, 0x00, 0x00, 0x48, 0x00, 0x00, 
  0x00, 0x80, 0x77, 0x64, 0x04, 0x44, 0x04, 0x44, 0x04, 0x44, 0x04, 0x60, 0x44, 0x44, 0x04, 0x4c, 0x04, 0x40, 
  0x00, 0x00, 0xc8, 0xe0, 0x00, 0x00, 0x00, 0x00, 0x00, 0x00, 0x00, 0x20, 0xc0, 0x00, 0x00, 0x68, 0x00, 0x00, 
  0x00, 0x40, 0xe0, 0x00, 0x00, 0x00, 0x00, 0x00, 0x00, 0x00, 0x00, 0x60, 0xc0, 0x00, 0x00, 0x24, 0x00, 0x00, 
  0x00, 0x00, 0x10, 0x00, 0x00, 0x00, 0x00, 0x00, 0x00, 0x00, 0x00, 0xc0, 0x60, 0x00, 0x00, 0x26, 0x00, 0x00, 
  0x00, 0x40, 0x74, 0x44, 0x44, 0x44, 0x44, 0x44, 0x44, 0x44, 0x44, 0x80, 0x24, 0x44, 0x44, 0x62, 0x44, 0x40, 
  0x00, 0x00, 0x40, 0x00, 0x00, 0x00, 0x00, 0x00, 0x00, 0x00, 0x00, 0xc0, 0x20, 0x00, 0x00, 0xc2, 0x00, 0x00, 
};

const lv_img_dsc_t anaden_laika_1_16 = {
  .header.cf = LV_IMG_CF_INDEXED_1BIT,
  .header.always_zero = 0,
  .header.reserved = 0,
  .header.w = 140,
  .header.h = 68,
  .data_size = 1232,
  .data = anaden_laika_1_16_map,
};


#ifndef LV_ATTRIBUTE_IMG_ANADEN_LAIKA_1_17
#define LV_ATTRIBUTE_IMG_ANADEN_LAIKA_1_17
#endif

const LV_ATTRIBUTE_MEM_ALIGN LV_ATTRIBUTE_LARGE_CONST LV_ATTRIBUTE_IMG_ANADEN_LAIKA_1_17 uint8_t anaden_laika_1_17_map[] = {
#if CONFIG_NICE_VIEW_WIDGET_INVERTED
        0xff, 0xff, 0xff, 0xff, /*Color of index 0*/
        0x00, 0x00, 0x00, 0xff, /*Color of index 1*/
#else
        0x00, 0x00, 0x00, 0xff, /*Color of index 0*/
        0xff, 0xff, 0xff, 0xff, /*Color of index 1*/
#endif

  0x00, 0x00, 0x5c, 0x40, 0x00, 0x00, 0x00, 0x00, 0x00, 0x00, 0x0d, 0x80, 0x00, 0x10, 0x00, 0x00, 0x20, 0x00, 
  0x00, 0x00, 0xf4, 0xc0, 0x00, 0x00, 0x00, 0x00, 0x00, 0x00, 0x18, 0xc0, 0x00, 0x18, 0x00, 0x00, 0x10, 0x00, 
  0x00, 0x10, 0x2e, 0xc4, 0x44, 0x44, 0x44, 0x44, 0x44, 0x44, 0x50, 0xc4, 0x44, 0x48, 0x00, 0x00, 0x14, 0x40, 
  0x00, 0x10, 0x7b, 0x80, 0x00, 0x00, 0x00, 0x00, 0x00, 0x00, 0x18, 0x40, 0x00, 0x0c, 0x00, 0x00, 0x18, 0x00, 
  0x00, 0x00, 0x77, 0x00, 0x00, 0x00, 0x00, 0x00, 0x00, 0x00, 0x18, 0x60, 0x00, 0x0c, 0x00, 0x00, 0x08, 0x00, 
  0x08, 0x00, 0xfe, 0x00, 0x00, 0x00, 0x00, 0x00, 0x00, 0x00, 0x10, 0x60, 0x00, 0x0c, 0x00, 0x00, 0x10, 0x00, 
  0x08, 0x00, 0xfc, 0x04, 0x44, 0x04, 0x44, 0x04, 0x44, 0x04, 0x50, 0x70, 0x44, 0x18, 0x00, 0x00, 0x34, 0x00, 
  0x08, 0x80, 0x50, 0x00, 0x00, 0x00, 0x00, 0x00, 0x00, 0x00, 0x70, 0x30, 0x00, 0x10, 0x00, 0x07, 0xc0, 0x00, 
  0x09, 0x00, 0x70, 0x00, 0x00, 0x01, 0xe0, 0x00, 0x00, 0x00, 0x60, 0x10, 0x00, 0x10, 0x00, 0x07, 0x80, 0x00, 
  0x0c, 0x00, 0xc0, 0x00, 0x00, 0x03, 0xf0, 0x00, 0x00, 0x00, 0x40, 0x0c, 0x00, 0x10, 0x00, 0x06, 0x00, 0x00, 
  0x01, 0x00, 0x34, 0x44, 0x44, 0x47, 0xdc, 0x44, 0x44, 0x44, 0x40, 0x04, 0x44, 0x58, 0x00, 0x03, 0x44, 0x40, 
  0x01, 0x80, 0x60, 0x00, 0x00, 0x07, 0xa8, 0x00, 0x00, 0x00, 0x60, 0x04, 0x00, 0x0c, 0x00, 0x01, 0x00, 0x00, 
  0x00, 0x80, 0x60, 0x00, 0x00, 0x07, 0x44, 0x00, 0x60, 0x00, 0x60, 0x04, 0x00, 0x1c, 0x00, 0x03, 0x00, 0x00, 
  0x04, 0x00, 0x74, 0x00, 0x00, 0x06, 0x82, 0x0e, 0xff, 0xe0, 0x20, 0x04, 0x00, 0x20, 0x00, 0x02, 0x00, 0x00, 
  0x04, 0x00, 0x0c, 0x44, 0x04, 0x47, 0x03, 0x57, 0x98, 0x74, 0x60, 0x04, 0x04, 0x60, 0x00, 0x03, 0x84, 0x40, 
  0x04, 0x80, 0x38, 0x00, 0x00, 0x03, 0x01, 0x2f, 0x6f, 0x18, 0x40, 0x08, 0x00, 0x20, 0x00, 0x01, 0x80, 0x00, 
  0x00, 0x84, 0x70, 0x00, 0x7f, 0x81, 0x00, 0xa9, 0x81, 0xe8, 0x60, 0x08, 0x00, 0x60, 0x00, 0x00, 0x80, 0x00, 
  0x01, 0x04, 0x1e, 0x03, 0x80, 0xfd, 0x80, 0xb0, 0x80, 0x78, 0x60, 0x08, 0x00, 0x40, 0x00, 0x00, 0xc0, 0x00, 
  0x00, 0x04, 0xf4, 0x4c, 0x00, 0x03, 0xc0, 0x7f, 0x83, 0xf4, 0x10, 0x14, 0x44, 0x60, 0x00, 0x01, 0xc4, 0x40, 
  0x02, 0x10, 0x40, 0x30, 0x00, 0x00, 0x38, 0x78, 0x7f, 0xff, 0xf0, 0x10, 0x00, 0x10, 0x00, 0x01, 0xc0, 0x00, 
  0x02, 0x00, 0xc0, 0xe0, 0x00, 0x00, 0x00, 0x60, 0x00, 0xf8, 0x7f, 0xa0, 0x00, 0x10, 0x00, 0x01, 0x80, 0x00, 
  0x04, 0x00, 0xd3, 0x80, 0x00, 0x00, 0x00, 0x80, 0x00, 0x20, 0x80, 0xf0, 0x00, 0x10, 0x00, 0x01, 0x00, 0x00, 
  0x00, 0x00, 0xec, 0x00, 0x00, 0x00, 0x00, 0x00, 0x00, 0x13, 0x4c, 0x0c, 0x44, 0x10, 0x00, 0x03, 0x44, 0x00, 
  0x00, 0x00, 0x5c, 0x00, 0x00, 0x00, 0x00, 0x40, 0x00, 0x19, 0xb3, 0x67, 0x00, 0x08, 0x00, 0x06, 0x00, 0x00, 
  0x00, 0x00, 0xf8, 0x01, 0x00, 0x00, 0x00, 0x80, 0x00, 0x0e, 0x08, 0x9b, 0xc0, 0x0c, 0x00, 0x04, 0x00, 0x00, 
  0x00, 0x00, 0xf0, 0x01, 0x00, 0x00, 0x00, 0x00, 0x38, 0x04, 0x31, 0xf7, 0x80, 0x06, 0x00, 0x04, 0x00, 0x00, 
  0x00, 0x20, 0xf0, 0x02, 0x80, 0x00, 0x00, 0x00, 0x74, 0x07, 0xff, 0x46, 0x44, 0x42, 0x00, 0x0c, 0x44, 0x40, 
  0x01, 0x60, 0xf0, 0x02, 0x00, 0x00, 0x00, 0x00, 0x38, 0x02, 0xf0, 0x0c, 0x00, 0x03, 0x00, 0x18, 0x00, 0x00, 
  0x00, 0xe0, 0xf0, 0x03, 0x00, 0x00, 0x00, 0x00, 0x00, 0x02, 0x00, 0x30, 0x00, 0x01, 0x00, 0x18, 0x00, 0x00, 
  0x00, 0x01, 0xf0, 0x07, 0x00, 0x00, 0x00, 0x00, 0x00, 0x03, 0x81, 0xc0, 0x00, 0x01, 0x80, 0x30, 0x00, 0x00, 
  0x08, 0x40, 0xf0, 0x06, 0x00, 0x00, 0x00, 0x01, 0x00, 0x03, 0x4f, 0xc4, 0x04, 0x44, 0x80, 0x24, 0x04, 0x40, 
  0x00, 0x20, 0xf8, 0x04, 0x00, 0x00, 0x00, 0x01, 0x00, 0x02, 0x71, 0x80, 0x00, 0x00, 0x80, 0x60, 0x00, 0x00, 
  0x00, 0x20, 0x7f, 0x08, 0x00, 0x00, 0x00, 0x03, 0x00, 0x00, 0xd3, 0x00, 0x00, 0x00, 0xc0, 0xc0, 0x00, 0x00, 
  0x04, 0x00, 0xf3, 0xfc, 0x00, 0x00, 0x00, 0x04, 0x80, 0x01, 0x9a, 0x00, 0x00, 0x00, 0xc0, 0x80, 0x00, 0x00, 
  0x04, 0x00, 0xc7, 0xfc, 0x00, 0x00, 0x00, 0x04, 0x80, 0x01, 0xce, 0x44, 0x44, 0x44, 0x41, 0x44, 0x44, 0x40, 
  0x00, 0x00, 0xff, 0x08, 0x00, 0x00, 0x00, 0x03, 0x00, 0x00, 0xc0, 0x00, 0x00, 0x00, 0x63, 0x00, 0x00, 0x00, 
  0x00, 0x00, 0xf8, 0x04, 0x00, 0x00, 0x00, 0x01, 0x00, 0x02, 0x70, 0x00, 0x00, 0x00, 0x66, 0x00, 0x00, 0x00, 
  0x00, 0x00, 0xf0, 0x06, 0x00, 0x00, 0x00, 0x01, 0x00, 0x03, 0x4e, 0x00, 0x00, 0x00, 0x1c, 0x00, 0x00, 0x00, 
  0x04, 0x00, 0xf0, 0x07, 0x00, 0x00, 0x00, 0x00, 0x00, 0x03, 0x81, 0xc0, 0x44, 0x04, 0x44, 0x04, 0x44, 0x00, 
  0x00, 0x00, 0xf0, 0x03, 0x00, 0x00, 0x00, 0x00, 0x00, 0x02, 0x00, 0x30, 0x00, 0x00, 0x00, 0x00, 0x00, 0x00, 
  0x00, 0x08, 0xf0, 0x02, 0x00, 0x00, 0x00, 0x00, 0x38, 0x02, 0xf0, 0x0c, 0x00, 0x00, 0x00, 0x00, 0x00, 0x00, 
  0x00, 0x00, 0xf0, 0x02, 0x80, 0x00, 0x00, 0x00, 0x74, 0x07, 0xff, 0x06, 0x00, 0x00, 0x00, 0x00, 0x00, 0x00, 
  0x00, 0x00, 0xf0, 0x00, 0x00, 0x00, 0x00, 0x00, 0x38, 0x04, 0x31, 0xe7, 0xc4, 0x44, 0x44, 0x44, 0x44, 0x40, 
  0x00, 0x02, 0xf8, 0x01, 0x00, 0x00, 0x00, 0x80, 0x00, 0x0e, 0x08, 0x9b, 0xc0, 0x00, 0x00, 0x00, 0x00, 0x00, 
  0x02, 0x02, 0x7c, 0x00, 0x00, 0x00, 0x00, 0x40, 0x00, 0x19, 0xb3, 0x67, 0x00, 0x00, 0x00, 0x00, 0x00, 0x00, 
  0x00, 0x00, 0xcc, 0x00, 0x00, 0x00, 0x00, 0x00, 0x00, 0x13, 0x4c, 0x0c, 0x00, 0x00, 0x00, 0x00, 0x00, 0x00, 
  0x00, 0x02, 0x27, 0x80, 0x00, 0x00, 0x00, 0x80, 0x00, 0x20, 0x80, 0xf6, 0x04, 0x44, 0x04, 0x44, 0x04, 0x40, 
  0x00, 0x82, 0xf0, 0xe0, 0x00, 0x00, 0x00, 0x60, 0x00, 0xf8, 0x7f, 0x97, 0x00, 0x00, 0x00, 0x00, 0x00, 0x00, 
  0x10, 0x00, 0x40, 0x30, 0x00, 0x00, 0x38, 0x78, 0x7f, 0xff, 0xe0, 0x31, 0x00, 0x00, 0x00, 0x20, 0x00, 0x00, 
  0x10, 0x82, 0x60, 0x0c, 0x00, 0x03, 0xc0, 0x7f, 0x83, 0xf0, 0x00, 0x21, 0x00, 0x00, 0x00, 0x70, 0x00, 0x00, 
  0x00, 0x42, 0x14, 0x47, 0x80, 0xfd, 0x80, 0xf0, 0x80, 0x7c, 0x44, 0x41, 0x04, 0x44, 0x44, 0x74, 0x44, 0x40, 
  0x00, 0x00, 0xf0, 0x00, 0x7f, 0x81, 0x00, 0xa9, 0x81, 0xe8, 0x00, 0x41, 0x80, 0x00, 0x00, 0x58, 0x00, 0x00, 
  0x10, 0xa0, 0x78, 0x00, 0x00, 0x03, 0x01, 0x2f, 0x6f, 0x18, 0x00, 0x40, 0xc0, 0x00, 0x00, 0x48, 0x00, 0x00, 
  0x00, 0x60, 0x80, 0x00, 0x00, 0x03, 0x03, 0x17, 0x98, 0x70, 0x00, 0x60, 0x40, 0x00, 0x00, 0x48, 0x00, 0x00, 
  0x10, 0x00, 0xdc, 0x04, 0x44, 0x06, 0x82, 0x0e, 0xff, 0xe4, 0x44, 0x20, 0xc4, 0x04, 0x44, 0x6c, 0x44, 0x00, 
  0x01, 0xa0, 0xd8, 0x00, 0x00, 0x07, 0x44, 0x00, 0x60, 0x00, 0x00, 0x60, 0xc0, 0x00, 0x00, 0x24, 0x00, 0x00, 
  0x00, 0x80, 0x5e, 0x00, 0x00, 0x07, 0xa8, 0x00, 0x00, 0x00, 0x00, 0xc0, 0x60, 0x00, 0x00, 0x26, 0x00, 0x00, 
  0x00, 0x00, 0x75, 0xe0, 0x00, 0x07, 0xd8, 0x00, 0x00, 0x00, 0x00, 0x80, 0x20, 0x00, 0x00, 0x22, 0x00, 0x00, 
  0x00, 0x00, 0xfd, 0x74, 0x44, 0x47, 0xf4, 0x44, 0x44, 0x44, 0x44, 0xc0, 0x24, 0x44, 0x44, 0xc2, 0x44, 0x40, 
  0x00, 0x00, 0x7e, 0xa0, 0x00, 0x01, 0xe0, 0x00, 0x00, 0x00, 0x00, 0xc0, 0x30, 0x00, 0x00, 0x83, 0x00, 0x00, 
  0x00, 0x00, 0x2d, 0xc0, 0x00, 0x00, 0x00, 0x00, 0x00, 0x00, 0x00, 0x60, 0x10, 0x00, 0x00, 0xc1, 0x00, 0x00, 
  0x00, 0x00, 0x71, 0x40, 0x00, 0x00, 0x00, 0x00, 0x00, 0x00, 0x00, 0x20, 0x30, 0x00, 0x00, 0x43, 0x00, 0x00, 
  0x00, 0x80, 0x77, 0x64, 0x04, 0x44, 0x04, 0x44, 0x04, 0x44, 0x04, 0x60, 0x64, 0x44, 0x04, 0x43, 0x04, 0x40, 
  0x00, 0x00, 0xc8, 0xe0, 0x00, 0x00, 0x00, 0x00, 0x00, 0x00, 0x00, 0x20, 0x40, 0x00, 0x00, 0x81, 0x80, 0x00, 
  0x00, 0x40, 0xe0, 0x00, 0x00, 0x00, 0x00, 0x00, 0x00, 0x00, 0x00, 0x20, 0xc0, 0x00, 0x00, 0x80, 0x80, 0x00, 
  0x00, 0x00, 0x10, 0x00, 0x00, 0x00, 0x00, 0x00, 0x00, 0x00, 0x00, 0x20, 0x80, 0x00, 0x00, 0x80, 0x80, 0x00, 
  0x00, 0x40, 0x74, 0x44, 0x44, 0x44, 0x44, 0x44, 0x44, 0x44, 0x44, 0x60, 0xc4, 0x44, 0x44, 0x81, 0xc4, 0x40, 
  0x00, 0x00, 0x40, 0x00, 0x00, 0x00, 0x00, 0x00, 0x00, 0x00, 0x00, 0x10, 0x80, 0x00, 0x00, 0xc1, 0x00, 0x00, 
};

const lv_img_dsc_t anaden_laika_1_17 = {
  .header.cf = LV_IMG_CF_INDEXED_1BIT,
  .header.always_zero = 0,
  .header.reserved = 0,
  .header.w = 140,
  .header.h = 68,
  .data_size = 1232,
  .data = anaden_laika_1_17_map,
};


#ifndef LV_ATTRIBUTE_IMG_ANADEN_LAIKA_1_18
#define LV_ATTRIBUTE_IMG_ANADEN_LAIKA_1_18
#endif

const LV_ATTRIBUTE_MEM_ALIGN LV_ATTRIBUTE_LARGE_CONST LV_ATTRIBUTE_IMG_ANADEN_LAIKA_1_18 uint8_t anaden_laika_1_18_map[] = {
#if CONFIG_NICE_VIEW_WIDGET_INVERTED
        0xff, 0xff, 0xff, 0xff, /*Color of index 0*/
        0x00, 0x00, 0x00, 0xff, /*Color of index 1*/
#else
        0x00, 0x00, 0x00, 0xff, /*Color of index 0*/
        0xff, 0xff, 0xff, 0xff, /*Color of index 1*/
#endif

  0x00, 0x00, 0x5c, 0x40, 0x00, 0x00, 0x00, 0x00, 0x00, 0x00, 0x40, 0x0c, 0x00, 0x10, 0x00, 0x06, 0x00, 0x00, 
  0x00, 0x00, 0xf4, 0xc0, 0x00, 0x00, 0x00, 0x00, 0x00, 0x00, 0x40, 0x04, 0x00, 0x18, 0x00, 0x03, 0x00, 0x00, 
  0x00, 0x10, 0x2e, 0xc4, 0x44, 0x44, 0x44, 0x44, 0x44, 0x44, 0x60, 0x04, 0x44, 0x4c, 0x00, 0x01, 0x44, 0x40, 
  0x00, 0x10, 0x7b, 0x80, 0x00, 0x00, 0x00, 0x00, 0x00, 0x00, 0x60, 0x04, 0x00, 0x1c, 0x00, 0x03, 0x00, 0x00, 
  0x00, 0x00, 0x77, 0x00, 0x00, 0x00, 0x00, 0x00, 0x00, 0x00, 0x20, 0x04, 0x00, 0x20, 0x00, 0x02, 0x00, 0x00, 
  0x08, 0x00, 0xfe, 0x00, 0x00, 0x00, 0x00, 0x00, 0x00, 0x00, 0x60, 0x04, 0x00, 0x20, 0x00, 0x03, 0x80, 0x00, 
  0x08, 0x00, 0xfc, 0x04, 0x44, 0x04, 0x44, 0x04, 0x44, 0x04, 0x40, 0x0c, 0x44, 0x20, 0x00, 0x01, 0xc4, 0x00, 
  0x08, 0x80, 0x50, 0x00, 0x00, 0x00, 0x00, 0x00, 0x00, 0x00, 0x60, 0x08, 0x00, 0x60, 0x00, 0x00, 0x80, 0x00, 
  0x09, 0x00, 0x70, 0x00, 0x00, 0x01, 0xe0, 0x00, 0x00, 0x00, 0x60, 0x08, 0x00, 0x40, 0x00, 0x00, 0xc0, 0x00, 
  0x0c, 0x00, 0xc0, 0x00, 0x00, 0x03, 0xf0, 0x00, 0x00, 0x00, 0x10, 0x10, 0x00, 0x20, 0x00, 0x01, 0xc0, 0x00, 
  0x01, 0x00, 0x34, 0x44, 0x44, 0x47, 0xdc, 0x44, 0x44, 0x44, 0x50, 0x14, 0x44, 0x50, 0x00, 0x01, 0xc4, 0x40, 
  0x01, 0x80, 0x60, 0x00, 0x00, 0x07, 0xa8, 0x00, 0x00, 0x00, 0x10, 0x20, 0x00, 0x10, 0x00, 0x01, 0x80, 0x00, 
  0x00, 0x80, 0x60, 0x00, 0x00, 0x07, 0x44, 0x00, 0x60, 0x00, 0x30, 0x20, 0x00, 0x10, 0x00, 0x01, 0x00, 0x00, 
  0x04, 0x00, 0x74, 0x00, 0x00, 0x06, 0x82, 0x0e, 0xff, 0xe0, 0x20, 0x20, 0x00, 0x10, 0x00, 0x03, 0x00, 0x00, 
  0x04, 0x00, 0x0c, 0x44, 0x04, 0x47, 0x03, 0x57, 0x98, 0x74, 0x20, 0x44, 0x04, 0x48, 0x00, 0x06, 0x04, 0x40, 
  0x04, 0x80, 0x38, 0x00, 0x00, 0x03, 0x01, 0x2f, 0x6f, 0x18, 0x20, 0x60, 0x00, 0x0c, 0x00, 0x04, 0x00, 0x00, 
  0x00, 0x84, 0x70, 0x00, 0x7f, 0x81, 0x00, 0xa9, 0x81, 0xe8, 0x10, 0x60, 0x00, 0x06, 0x00, 0x04, 0x00, 0x00, 
  0x01, 0x04, 0x1e, 0x03, 0x80, 0xfd, 0x80, 0xb0, 0x80, 0x78, 0x10, 0x20, 0x00, 0x02, 0x00, 0x0c, 0x00, 0x00, 
  0x00, 0x04, 0xf4, 0x4c, 0x00, 0x03, 0xc0, 0x7f, 0x83, 0xf4, 0x48, 0x44, 0x44, 0x47, 0x00, 0x1c, 0x44, 0x40, 
  0x02, 0x10, 0x40, 0x30, 0x00, 0x00, 0x38, 0x78, 0x7f, 0xff, 0xe8, 0xc0, 0x00, 0x01, 0x00, 0x18, 0x00, 0x00, 
  0x02, 0x00, 0xc0, 0xe0, 0x00, 0x00, 0x00, 0x60, 0x00, 0xf8, 0x7f, 0x80, 0x00, 0x01, 0x80, 0x30, 0x00, 0x00, 
  0x04, 0x00, 0xd3, 0x80, 0x00, 0x00, 0x00, 0x80, 0x00, 0x20, 0x80, 0xf0, 0x00, 0x00, 0x80, 0x20, 0x00, 0x00, 
  0x00, 0x00, 0xec, 0x00, 0x00, 0x00, 0x00, 0x00, 0x00, 0x13, 0x4c, 0x0c, 0x44, 0x04, 0x80, 0x64, 0x44, 0x00, 
  0x00, 0x00, 0x5c, 0x00, 0x00, 0x00, 0x00, 0x40, 0x00, 0x19, 0xb3, 0x67, 0x00, 0x00, 0xc0, 0xc0, 0x00, 0x00, 
  0x00, 0x00, 0xf8, 0x01, 0x00, 0x00, 0x00, 0x80, 0x00, 0x0e, 0x08, 0x9b, 0xc0, 0x00, 0xc0, 0x80, 0x00, 0x00, 
  0x00, 0x00, 0xf0, 0x01, 0x00, 0x00, 0x00, 0x00, 0x38, 0x04, 0x31, 0xf7, 0x80, 0x00, 0x41, 0x00, 0x00, 0x00, 
  0x00, 0x20, 0xf0, 0x02, 0x80, 0x00, 0x00, 0x00, 0x74, 0x07, 0xff, 0x46, 0x44, 0x44, 0x63, 0x44, 0x44, 0x40, 
  0x01, 0x60, 0xf0, 0x02, 0x00, 0x00, 0x00, 0x00, 0x38, 0x02, 0xf0, 0x0c, 0x00, 0x00, 0x66, 0x00, 0x00, 0x00, 
  0x00, 0xe0, 0xf0, 0x03, 0x00, 0x00, 0x00, 0x00, 0x00, 0x02, 0x00, 0x30, 0x00, 0x00, 0x1c, 0x00, 0x00, 0x00, 
  0x00, 0x01, 0xf0, 0x07, 0x00, 0x00, 0x00, 0x00, 0x00, 0x03, 0x81, 0xc0, 0x00, 0x00, 0x00, 0x00, 0x00, 0x00, 
  0x08, 0x40, 0xf0, 0x06, 0x00, 0x00, 0x00, 0x01, 0x00, 0x03, 0x4e, 0x44, 0x04, 0x44, 0x04, 0x44, 0x04, 0x40, 
  0x00, 0x20, 0xf8, 0x04, 0x00, 0x00, 0x00, 0x01, 0x00, 0x02, 0x70, 0x00, 0x00, 0x00, 0x00, 0x00, 0x00, 0x00, 
  0x00, 0x20, 0x7f, 0x08, 0x00, 0x00, 0x00, 0x03, 0x00, 0x00, 0xc0, 0x00, 0x00, 0x00, 0x00, 0x00, 0x00, 0x00, 
  0x04, 0x00, 0xf3, 0xfc, 0x00, 0x00, 0x00, 0x04, 0x80, 0x01, 0x80, 0x0c, 0x00, 0x00, 0x00, 0x00, 0x00, 0x00, 
  0x04, 0x00, 0xc7, 0xfc, 0x00, 0x00, 0x00, 0x04, 0x80, 0x01, 0xc4, 0x4c, 0x44, 0x44, 0x44, 0x44, 0x44, 0x40, 
  0x00, 0x00, 0xff, 0x08, 0x00, 0x00, 0x00, 0x03, 0x00, 0x00, 0xc0, 0x1c, 0x00, 0x00, 0x00, 0x00, 0x00, 0x00, 
  0x00, 0x00, 0xf8, 0x04, 0x00, 0x00, 0x00, 0x01, 0x00, 0x02, 0x70, 0x14, 0x00, 0x00, 0x00, 0x00, 0x00, 0x00, 
  0x00, 0x00, 0xf0, 0x06, 0x00, 0x00, 0x00, 0x01, 0x00, 0x03, 0x4e, 0x16, 0x00, 0x00, 0x00, 0x00, 0x00, 0x00, 
  0x04, 0x00, 0xf0, 0x07, 0x00, 0x00, 0x00, 0x00, 0x00, 0x03, 0x81, 0xd7, 0x44, 0x04, 0x44, 0x04, 0x44, 0x00, 
  0x00, 0x00, 0xf0, 0x03, 0x00, 0x00, 0x00, 0x00, 0x00, 0x02, 0x00, 0x31, 0x00, 0x00, 0x00, 0x20, 0x00, 0x00, 
  0x00, 0x08, 0xf0, 0x02, 0x00, 0x00, 0x00, 0x00, 0x38, 0x02, 0xf0, 0x0d, 0x00, 0x00, 0x00, 0x70, 0x00, 0x00, 
  0x00, 0x00, 0xf0, 0x02, 0x80, 0x00, 0x00, 0x00, 0x74, 0x07, 0xff, 0x07, 0x00, 0x00, 0x00, 0x70, 0x00, 0x00, 
  0x00, 0x00, 0xf0, 0x00, 0x00, 0x00, 0x00, 0x00, 0x38, 0x04, 0x31, 0xe7, 0xc4, 0x44, 0x44, 0x5c, 0x44, 0x40, 
  0x00, 0x02, 0xf8, 0x01, 0x00, 0x00, 0x00, 0x80, 0x00, 0x0e, 0x08, 0x9b, 0xc0, 0x00, 0x00, 0x48, 0x00, 0x00, 
  0x02, 0x02, 0x7c, 0x00, 0x00, 0x00, 0x00, 0x40, 0x00, 0x19, 0xb3, 0x67, 0x40, 0x00, 0x00, 0x48, 0x00, 0x00, 
  0x00, 0x00, 0xcc, 0x00, 0x00, 0x00, 0x00, 0x00, 0x00, 0x13, 0x4c, 0x0c, 0xc0, 0x00, 0x00, 0x68, 0x00, 0x00, 
  0x00, 0x02, 0x27, 0x80, 0x00, 0x00, 0x00, 0x80, 0x00, 0x20, 0x80, 0xf0, 0xc4, 0x44, 0x04, 0x64, 0x04, 0x40, 
  0x00, 0x82, 0xf0, 0xe0, 0x00, 0x00, 0x00, 0x60, 0x00, 0xf8, 0x7f, 0xc0, 0x60, 0x00, 0x00, 0x26, 0x00, 0x00, 
  0x10, 0x00, 0x40, 0x30, 0x00, 0x00, 0x38, 0x78, 0x7f, 0xff, 0xe0, 0x80, 0x20, 0x00, 0x00, 0x22, 0x00, 0x00, 
  0x10, 0x82, 0x60, 0x0c, 0x00, 0x03, 0xc0, 0x7f, 0x83, 0xf0, 0x00, 0xc0, 0x20, 0x00, 0x00, 0xc2, 0x00, 0x00, 
  0x00, 0x42, 0x14, 0x47, 0x80, 0xfd, 0x80, 0xf0, 0x80, 0x7c, 0x44, 0xc0, 0x34, 0x44, 0x44, 0x83, 0x44, 0x40, 
  0x00, 0x00, 0xf0, 0x00, 0x7f, 0x81, 0x00, 0xa9, 0x81, 0xe8, 0x00, 0x60, 0x10, 0x00, 0x00, 0xc1, 0x00, 0x00, 
  0x10, 0xa0, 0x78, 0x00, 0x00, 0x03, 0x01, 0x2f, 0x6f, 0x18, 0x00, 0x20, 0x30, 0x00, 0x00, 0x43, 0x00, 0x00, 
  0x00, 0x60, 0x80, 0x00, 0x00, 0x03, 0x03, 0x17, 0x98, 0x70, 0x00, 0x20, 0x60, 0x00, 0x00, 0x43, 0x00, 0x00, 
  0x10, 0x00, 0xdc, 0x04, 0x44, 0x06, 0x82, 0x0e, 0xff, 0xe4, 0x44, 0x20, 0x44, 0x04, 0x44, 0x81, 0xc4, 0x00, 
  0x01, 0xa0, 0xd8, 0x00, 0x00, 0x07, 0x44, 0x00, 0x60, 0x00, 0x00, 0x20, 0xc0, 0x00, 0x00, 0x80, 0x80, 0x00, 
  0x00, 0x80, 0x5e, 0x00, 0x00, 0x07, 0xa8, 0x00, 0x00, 0x00, 0x00, 0x20, 0x80, 0x00, 0x00, 0x80, 0x80, 0x00, 
  0x00, 0x00, 0x75, 0xe0, 0x00, 0x07, 0xd8, 0x00, 0x00, 0x00, 0x00, 0x20, 0x80, 0x00, 0x00, 0x81, 0x80, 0x00, 
  0x00, 0x00, 0xfd, 0x74, 0x44, 0x47, 0xf4, 0x44, 0x44, 0x44, 0x44, 0x50, 0xc4, 0x44, 0x44, 0xc1, 0x44, 0x40, 
  0x00, 0x00, 0x7e, 0xa0, 0x00, 0x01, 0xe0, 0x00, 0x00, 0x00, 0x00, 0x11, 0x80, 0x00, 0x00, 0x47, 0x00, 0x00, 
  0x00, 0x00, 0x2d, 0xc0, 0x00, 0x00, 0x00, 0x00, 0x00, 0x00, 0x00, 0x11, 0x00, 0x00, 0x00, 0x44, 0x00, 0x00, 
  0x00, 0x00, 0x71, 0x40, 0x00, 0x00, 0x00, 0x00, 0x00, 0x00, 0x00, 0x13, 0x00, 0x00, 0x00, 0x44, 0x00, 0x00, 
  0x00, 0x80, 0x77, 0x64, 0x04, 0x44, 0x04, 0x44, 0x04, 0x44, 0x04, 0x52, 0x04, 0x44, 0x04, 0x64, 0x04, 0x40, 
  0x00, 0x00, 0xc8, 0xe0, 0x00, 0x00, 0x00, 0x00, 0x00, 0x00, 0x00, 0x0c, 0x00, 0x00, 0x00, 0x24, 0x00, 0x00, 
  0x00, 0x40, 0xe0, 0x00, 0x00, 0x00, 0x00, 0x00, 0x00, 0x00, 0x00, 0x04, 0x00, 0x00, 0x30, 0x28, 0x00, 0x00, 
  0x00, 0x00, 0x10, 0x00, 0x00, 0x00, 0x00, 0x00, 0x00, 0x00, 0x00, 0x00, 0x00, 0x00, 0x78, 0x48, 0x00, 0x00, 
  0x00, 0x40, 0x74, 0x44, 0x44, 0x44, 0x44, 0x44, 0x44, 0x44, 0x44, 0x44, 0x44, 0x44, 0x4c, 0x4c, 0x44, 0x40, 
  0x00, 0x00, 0x40, 0x00, 0x00, 0x00, 0x00, 0x00, 0x00, 0x00, 0x00, 0x00, 0x00, 0x00, 0x48, 0x58, 0x00, 0x00, 
};

const lv_img_dsc_t anaden_laika_1_18 = {
  .header.cf = LV_IMG_CF_INDEXED_1BIT,
  .header.always_zero = 0,
  .header.reserved = 0,
  .header.w = 140,
  .header.h = 68,
  .data_size = 1232,
  .data = anaden_laika_1_18_map,
};


#ifndef LV_ATTRIBUTE_IMG_ANADEN_LAIKA_1_19
#define LV_ATTRIBUTE_IMG_ANADEN_LAIKA_1_19
#endif

const LV_ATTRIBUTE_MEM_ALIGN LV_ATTRIBUTE_LARGE_CONST LV_ATTRIBUTE_IMG_ANADEN_LAIKA_1_19 uint8_t anaden_laika_1_19_map[] = {
#if CONFIG_NICE_VIEW_WIDGET_INVERTED
        0xff, 0xff, 0xff, 0xff, /*Color of index 0*/
        0x00, 0x00, 0x00, 0xff, /*Color of index 1*/
#else
        0x00, 0x00, 0x00, 0xff, /*Color of index 0*/
        0xff, 0xff, 0xff, 0xff, /*Color of index 1*/
#endif

  0x00, 0x00, 0x5c, 0x40, 0x00, 0x00, 0x00, 0x00, 0x00, 0x00, 0x40, 0x0c, 0x00, 0x10, 0x00, 0x06, 0x00, 0x00, 
  0x00, 0x00, 0xf4, 0xc0, 0x00, 0x00, 0x00, 0x00, 0x00, 0x00, 0x40, 0x04, 0x00, 0x18, 0x00, 0x03, 0x00, 0x00, 
  0x00, 0x10, 0x2e, 0xc4, 0x44, 0x44, 0x44, 0x44, 0x44, 0x44, 0x60, 0x04, 0x44, 0x4c, 0x00, 0x01, 0x44, 0x40, 
  0x00, 0x10, 0x7b, 0x80, 0x00, 0x00, 0x00, 0x00, 0x00, 0x00, 0x60, 0x04, 0x00, 0x1c, 0x00, 0x03, 0x00, 0x00, 
  0x00, 0x00, 0x77, 0x00, 0x00, 0x00, 0x00, 0x00, 0x00, 0x00, 0x20, 0x04, 0x00, 0x20, 0x00, 0x02, 0x00, 0x00, 
  0x08, 0x00, 0xfe, 0x00, 0x00, 0x00, 0x00, 0x00, 0x00, 0x00, 0x60, 0x04, 0x00, 0x20, 0x00, 0x03, 0x80, 0x00, 
  0x08, 0x00, 0xfc, 0x04, 0x44, 0x04, 0x44, 0x04, 0x44, 0x04, 0x40, 0x0c, 0x44, 0x20, 0x00, 0x01, 0xc4, 0x00, 
  0x08, 0x80, 0x50, 0x00, 0x00, 0x00, 0x00, 0x00, 0x00, 0x00, 0x60, 0x08, 0x00, 0x60, 0x00, 0x00, 0x80, 0x00, 
  0x09, 0x00, 0x70, 0x00, 0x00, 0x01, 0xe0, 0x00, 0x00, 0x00, 0x60, 0x08, 0x00, 0x40, 0x00, 0x00, 0xc0, 0x00, 
  0x0c, 0x00, 0xc0, 0x00, 0x00, 0x03, 0xf0, 0x00, 0x00, 0x00, 0x10, 0x10, 0x00, 0x20, 0x00, 0x01, 0xc0, 0x00, 
  0x01, 0x00, 0x34, 0x44, 0x44, 0x47, 0xdc, 0x44, 0x44, 0x44, 0x50, 0x14, 0x44, 0x50, 0x00, 0x01, 0xc4, 0x40, 
  0x01, 0x80, 0x60, 0x00, 0x00, 0x07, 0xa8, 0x00, 0x00, 0x00, 0x10, 0x20, 0x00, 0x10, 0x00, 0x01, 0x80, 0x00, 
  0x00, 0x80, 0x60, 0x00, 0x00, 0x07, 0x44, 0x00, 0x60, 0x00, 0x30, 0x20, 0x00, 0x10, 0x00, 0x01, 0x00, 0x00, 
  0x04, 0x00, 0x74, 0x00, 0x00, 0x06, 0x82, 0x0e, 0xff, 0xe0, 0x20, 0x20, 0x00, 0x10, 0x00, 0x03, 0x00, 0x00, 
  0x04, 0x00, 0x0c, 0x44, 0x04, 0x47, 0x03, 0x57, 0x98, 0x74, 0x20, 0x44, 0x04, 0x48, 0x00, 0x06, 0x04, 0x40, 
  0x04, 0x80, 0x38, 0x00, 0x00, 0x03, 0x01, 0x2f, 0x6f, 0x18, 0x20, 0x60, 0x00, 0x0c, 0x00, 0x04, 0x00, 0x00, 
  0x00, 0x84, 0x70, 0x00, 0x7f, 0x81, 0x00, 0xa9, 0x81, 0xe8, 0x10, 0x60, 0x00, 0x06, 0x00, 0x04, 0x00, 0x00, 
  0x01, 0x04, 0x1e, 0x03, 0x80, 0xfd, 0x80, 0xb0, 0x80, 0x78, 0x10, 0x20, 0x00, 0x02, 0x00, 0x0c, 0x00, 0x00, 
  0x00, 0x04, 0xf4, 0x4c, 0x00, 0x03, 0xc0, 0x7f, 0x83, 0xf4, 0x48, 0x44, 0x44, 0x47, 0x00, 0x1c, 0x44, 0x40, 
  0x02, 0x10, 0x40, 0x30, 0x00, 0x00, 0x38, 0x78, 0x7f, 0xff, 0xe8, 0xc0, 0x00, 0x01, 0x00, 0x18, 0x00, 0x00, 
  0x02, 0x00, 0xc0, 0xe0, 0x00, 0x00, 0x00, 0x60, 0x00, 0xf8, 0x7f, 0x80, 0x00, 0x01, 0x80, 0x30, 0x00, 0x00, 
  0x04, 0x00, 0xd3, 0x80, 0x00, 0x00, 0x00, 0x80, 0x00, 0x20, 0x80, 0xf0, 0x00, 0x00, 0x80, 0x20, 0x00, 0x00, 
  0x00, 0x00, 0xec, 0x00, 0x00, 0x00, 0x00, 0x00, 0x00, 0x13, 0x4c, 0x0c, 0x44, 0x04, 0x80, 0x64, 0x44, 0x00, 
  0x00, 0x00, 0x5c, 0x00, 0x00, 0x00, 0x00, 0x40, 0x00, 0x19, 0xb3, 0x67, 0x00, 0x00, 0xc0, 0xc0, 0x00, 0x00, 
  0x00, 0x00, 0xf8, 0x01, 0x00, 0x00, 0x00, 0x80, 0x00, 0x0e, 0x08, 0x9b, 0xc0, 0x00, 0xc0, 0x80, 0x00, 0x00, 
  0x00, 0x00, 0xf0, 0x01, 0x00, 0x00, 0x00, 0x00, 0x38, 0x04, 0x31, 0xf7, 0x80, 0x00, 0x41, 0x00, 0x00, 0x00, 
  0x00, 0x20, 0xf0, 0x02, 0x80, 0x00, 0x00, 0x00, 0x74, 0x07, 0xff, 0x46, 0x44, 0x44, 0x63, 0x44, 0x44, 0x40, 
  0x01, 0x60, 0xf0, 0x02, 0x00, 0x00, 0x00, 0x00, 0x38, 0x02, 0xf0, 0x0c, 0x00, 0x00, 0x66, 0x00, 0x00, 0x00, 
  0x00, 0xe0, 0xf0, 0x03, 0x00, 0x00, 0x00, 0x00, 0x00, 0x02, 0x00, 0x30, 0x00, 0x00, 0x1c, 0x00, 0x00, 0x00, 
  0x00, 0x01, 0xf0, 0x07, 0x00, 0x00, 0x00, 0x00, 0x00, 0x03, 0x81, 0xc0, 0x00, 0x00, 0x00, 0x00, 0x00, 0x00, 
  0x08, 0x40, 0xf0, 0x06, 0x00, 0x00, 0x00, 0x01, 0x00, 0x03, 0x4e, 0x44, 0x04, 0x44, 0x04, 0x44, 0x04, 0x40, 
  0x00, 0x20, 0xf8, 0x04, 0x00, 0x00, 0x00, 0x01, 0x00, 0x02, 0x70, 0x00, 0x00, 0x00, 0x00, 0x00, 0x00, 0x00, 
  0x00, 0x20, 0x7f, 0x08, 0x00, 0x00, 0x00, 0x03, 0x00, 0x00, 0xc0, 0x00, 0x00, 0x00, 0x00, 0x00, 0x00, 0x00, 
  0x04, 0x00, 0xf3, 0xfc, 0x00, 0x00, 0x00, 0x04, 0x80, 0x01, 0x80, 0x0c, 0x00, 0x00, 0x00, 0x00, 0x00, 0x00, 
  0x04, 0x00, 0xc7, 0xfc, 0x00, 0x00, 0x00, 0x04, 0x80, 0x01, 0xc4, 0x4c, 0x44, 0x44, 0x44, 0x44, 0x44, 0x40, 
  0x00, 0x00, 0xff, 0x08, 0x00, 0x00, 0x00, 0x03, 0x00, 0x00, 0xc0, 0x1c, 0x00, 0x00, 0x00, 0x00, 0x00, 0x00, 
  0x00, 0x00, 0xf8, 0x04, 0x00, 0x00, 0x00, 0x01, 0x00, 0x02, 0x70, 0x14, 0x00, 0x00, 0x00, 0x00, 0x00, 0x00, 
  0x00, 0x00, 0xf0, 0x06, 0x00, 0x00, 0x00, 0x01, 0x00, 0x03, 0x4e, 0x16, 0x00, 0x00, 0x00, 0x00, 0x00, 0x00, 
  0x04, 0x00, 0xf0, 0x07, 0x00, 0x00, 0x00, 0x00, 0x00, 0x03, 0x81, 0xd7, 0x44, 0x04, 0x44, 0x04, 0x44, 0x00, 
  0x00, 0x00, 0xf0, 0x03, 0x00, 0x00, 0x00, 0x00, 0x00, 0x02, 0x00, 0x31, 0x00, 0x00, 0x00, 0x20, 0x00, 0x00, 
  0x00, 0x08, 0xf0, 0x02, 0x00, 0x00, 0x00, 0x00, 0x38, 0x02, 0xf0, 0x0d, 0x00, 0x00, 0x00, 0x70, 0x00, 0x00, 
  0x00, 0x00, 0xf0, 0x02, 0x80, 0x00, 0x00, 0x00, 0x74, 0x07, 0xff, 0x07, 0x00, 0x00, 0x00, 0x70, 0x00, 0x00, 
  0x00, 0x00, 0xf0, 0x00, 0x00, 0x00, 0x00, 0x00, 0x38, 0x04, 0x31, 0xe7, 0xc4, 0x44, 0x44, 0x5c, 0x44, 0x40, 
  0x00, 0x02, 0xf8, 0x01, 0x00, 0x00, 0x00, 0x80, 0x00, 0x0e, 0x08, 0x9b, 0xc0, 0x00, 0x00, 0x48, 0x00, 0x00, 
  0x02, 0x02, 0x7c, 0x00, 0x00, 0x00, 0x00, 0x40, 0x00, 0x19, 0xb3, 0x67, 0x40, 0x00, 0x00, 0x48, 0x00, 0x00, 
  0x00, 0x00, 0xcc, 0x00, 0x00, 0x00, 0x00, 0x00, 0x00, 0x13, 0x4c, 0x0c, 0xc0, 0x00, 0x00, 0x68, 0x00, 0x00, 
  0x00, 0x02, 0x27, 0x80, 0x00, 0x00, 0x00, 0x80, 0x00, 0x20, 0x80, 0xf0, 0xc4, 0x44, 0x04, 0x64, 0x04, 0x40, 
  0x00, 0x82, 0xf0, 0xe0, 0x00, 0x00, 0x00, 0x60, 0x00, 0xf8, 0x7f, 0xc0, 0x60, 0x00, 0x00, 0x26, 0x00, 0x00, 
  0x10, 0x00, 0x40, 0x30, 0x00, 0x00, 0x38, 0x78, 0x7f, 0xff, 0xe0, 0x80, 0x20, 0x00, 0x00, 0x22, 0x00, 0x00, 
  0x10, 0x82, 0x60, 0x0c, 0x00, 0x03, 0xc0, 0x7f, 0x83, 0xf0, 0x00, 0xc0, 0x20, 0x00, 0x00, 0xc2, 0x00, 0x00, 
  0x00, 0x42, 0x14, 0x47, 0x80, 0xfd, 0x80, 0xf0, 0x80, 0x7c, 0x44, 0xc0, 0x34, 0x44, 0x44, 0x83, 0x44, 0x40, 
  0x00, 0x00, 0xf0, 0x00, 0x7f, 0x81, 0x00, 0xa9, 0x81, 0xe8, 0x00, 0x60, 0x10, 0x00, 0x00, 0xc1, 0x00, 0x00, 
  0x10, 0xa0, 0x78, 0x00, 0x00, 0x03, 0x01, 0x2f, 0x6f, 0x18, 0x00, 0x20, 0x30, 0x00, 0x00, 0x43, 0x00, 0x00, 
  0x00, 0x60, 0x80, 0x00, 0x00, 0x03, 0x03, 0x17, 0x98, 0x70, 0x00, 0x20, 0x60, 0x00, 0x00, 0x43, 0x00, 0x00, 
  0x10, 0x00, 0xdc, 0x04, 0x44, 0x06, 0x82, 0x0e, 0xff, 0xe4, 0x44, 0x20, 0x44, 0x04, 0x44, 0x81, 0xc4, 0x00, 
  0x01, 0xa0, 0xd8, 0x00, 0x00, 0x07, 0x44, 0x00, 0x60, 0x00, 0x00, 0x20, 0xc0, 0x00, 0x00, 0x80, 0x80, 0x00, 
  0x00, 0x80, 0x5e, 0x00, 0x00, 0x07, 0xa8, 0x00, 0x00, 0x00, 0x00, 0x20, 0x80, 0x00, 0x00, 0x80, 0x80, 0x00, 
  0x00, 0x00, 0x75, 0xe0, 0x00, 0x07, 0xd8, 0x00, 0x00, 0x00, 0x00, 0x20, 0x80, 0x00, 0x00, 0x81, 0x80, 0x00, 
  0x00, 0x00, 0xfd, 0x74, 0x44, 0x47, 0xf4, 0x44, 0x44, 0x44, 0x44, 0x50, 0xc4, 0x44, 0x44, 0xc1, 0x44, 0x40, 
  0x00, 0x00, 0x7e, 0xa0, 0x00, 0x01, 0xe0, 0x00, 0x00, 0x00, 0x00, 0x11, 0x80, 0x00, 0x00, 0x47, 0x00, 0x00, 
  0x00, 0x00, 0x2d, 0xc0, 0x00, 0x00, 0x00, 0x00, 0x00, 0x00, 0x00, 0x11, 0x00, 0x00, 0x00, 0x44, 0x00, 0x00, 
  0x00, 0x00, 0x71, 0x40, 0x00, 0x00, 0x00, 0x00, 0x00, 0x00, 0x00, 0x13, 0x00, 0x00, 0x00, 0x44, 0x00, 0x00, 
  0x00, 0x80, 0x77, 0x64, 0x04, 0x44, 0x04, 0x44, 0x04, 0x44, 0x04, 0x52, 0x04, 0x44, 0x04, 0x64, 0x04, 0x40, 
  0x00, 0x00, 0xc8, 0xe0, 0x00, 0x00, 0x00, 0x00, 0x00, 0x00, 0x00, 0x0c, 0x00, 0x00, 0x00, 0x24, 0x00, 0x00, 
  0x00, 0x40, 0xe0, 0x00, 0x00, 0x00, 0x00, 0x00, 0x00, 0x00, 0x00, 0x04, 0x00, 0x00, 0x30, 0x28, 0x00, 0x00, 
  0x00, 0x00, 0x10, 0x00, 0x00, 0x00, 0x00, 0x00, 0x00, 0x00, 0x00, 0x00, 0x00, 0x00, 0x78, 0x48, 0x00, 0x00, 
  0x00, 0x40, 0x74, 0x44, 0x44, 0x44, 0x44, 0x44, 0x44, 0x44, 0x44, 0x44, 0x44, 0x44, 0x4c, 0x4c, 0x44, 0x40, 
  0x00, 0x00, 0x40, 0x00, 0x00, 0x00, 0x00, 0x00, 0x00, 0x00, 0x00, 0x00, 0x00, 0x00, 0x48, 0x58, 0x00, 0x00, 
};

const lv_img_dsc_t anaden_laika_1_19 = {
  .header.cf = LV_IMG_CF_INDEXED_1BIT,
  .header.always_zero = 0,
  .header.reserved = 0,
  .header.w = 140,
  .header.h = 68,
  .data_size = 1232,
  .data = anaden_laika_1_19_map,
};


#ifndef LV_ATTRIBUTE_IMG_ANADEN_LAIKA_1_20
#define LV_ATTRIBUTE_IMG_ANADEN_LAIKA_1_20
#endif

const LV_ATTRIBUTE_MEM_ALIGN LV_ATTRIBUTE_LARGE_CONST LV_ATTRIBUTE_IMG_ANADEN_LAIKA_1_20 uint8_t anaden_laika_1_20_map[] = {
#if CONFIG_NICE_VIEW_WIDGET_INVERTED
        0xff, 0xff, 0xff, 0xff, /*Color of index 0*/
        0x00, 0x00, 0x00, 0xff, /*Color of index 1*/
#else
        0x00, 0x00, 0x00, 0xff, /*Color of index 0*/
        0xff, 0xff, 0xff, 0xff, /*Color of index 1*/
#endif

  0x00, 0x00, 0x5c, 0x40, 0x00, 0x00, 0x00, 0x00, 0x00, 0x00, 0x10, 0x10, 0x00, 0x20, 0x00, 0x01, 0xc0, 0x00, 
  0x00, 0x00, 0xf4, 0xc0, 0x00, 0x00, 0x00, 0x00, 0x00, 0x00, 0x10, 0x10, 0x00, 0x10, 0x00, 0x01, 0xc0, 0x00, 
  0x00, 0x10, 0x2e, 0xc4, 0x44, 0x44, 0x44, 0x44, 0x44, 0x44, 0x50, 0x24, 0x44, 0x50, 0x00, 0x01, 0xc4, 0x40, 
  0x00, 0x10, 0x7b, 0x80, 0x00, 0x00, 0x00, 0x00, 0x00, 0x00, 0x30, 0x20, 0x00, 0x10, 0x00, 0x01, 0x00, 0x00, 
  0x00, 0x00, 0x77, 0x00, 0x00, 0x00, 0x00, 0x00, 0x00, 0x00, 0x20, 0x20, 0x00, 0x10, 0x00, 0x03, 0x00, 0x00, 
  0x08, 0x00, 0xfe, 0x00, 0x00, 0x00, 0x00, 0x00, 0x00, 0x00, 0x20, 0x40, 0x00, 0x08, 0x00, 0x06, 0x00, 0x00, 
  0x08, 0x00, 0xfc, 0x04, 0x44, 0x04, 0x44, 0x04, 0x44, 0x04, 0x60, 0x64, 0x44, 0x0c, 0x00, 0x04, 0x44, 0x00, 
  0x08, 0x80, 0x50, 0x00, 0x00, 0x00, 0x00, 0x00, 0x00, 0x00, 0x10, 0x60, 0x00, 0x06, 0x00, 0x04, 0x00, 0x00, 
  0x09, 0x00, 0x70, 0x00, 0x00, 0x01, 0xe0, 0x00, 0x00, 0x00, 0x10, 0x20, 0x00, 0x02, 0x00, 0x0c, 0x00, 0x00, 
  0x0c, 0x00, 0xc0, 0x00, 0x00, 0x03, 0xf0, 0x00, 0x00, 0x00, 0x08, 0x40, 0x00, 0x03, 0x00, 0x18, 0x00, 0x00, 
  0x01, 0x00, 0x34, 0x44, 0x44, 0x47, 0xdc, 0x44, 0x44, 0x44, 0x48, 0xc4, 0x44, 0x45, 0x00, 0x1c, 0x44, 0x40, 
  0x01, 0x80, 0x60, 0x00, 0x00, 0x07, 0xa8, 0x00, 0x00, 0x00, 0x08, 0x80, 0x00, 0x01, 0x80, 0x30, 0x00, 0x00, 
  0x00, 0x80, 0x60, 0x00, 0x00, 0x07, 0x44, 0x00, 0x60, 0x00, 0x11, 0x80, 0x00, 0x00, 0x80, 0x20, 0x00, 0x00, 
  0x04, 0x00, 0x74, 0x00, 0x00, 0x06, 0x82, 0x0e, 0xff, 0xe0, 0x11, 0x80, 0x00, 0x00, 0x80, 0x60, 0x00, 0x00, 
  0x04, 0x00, 0x0c, 0x44, 0x04, 0x47, 0x03, 0x57, 0x98, 0x74, 0x13, 0x44, 0x04, 0x44, 0xc0, 0xc4, 0x04, 0x40, 
  0x04, 0x80, 0x38, 0x00, 0x00, 0x03, 0x01, 0x2f, 0x6f, 0x18, 0x1a, 0x00, 0x00, 0x00, 0xc0, 0x80, 0x00, 0x00, 
  0x00, 0x84, 0x70, 0x00, 0x7f, 0x81, 0x00, 0xa9, 0x81, 0xe8, 0x0e, 0x00, 0x00, 0x00, 0x41, 0x00, 0x00, 0x00, 
  0x01, 0x04, 0x1e, 0x03, 0x80, 0xfd, 0x80, 0xb0, 0x80, 0x78, 0x00, 0x00, 0x00, 0x00, 0x63, 0x00, 0x00, 0x00, 
  0x00, 0x04, 0xf4, 0x4c, 0x00, 0x03, 0xc0, 0x7f, 0x83, 0xf4, 0x44, 0x44, 0x44, 0x44, 0x66, 0x44, 0x44, 0x40, 
  0x02, 0x10, 0x40, 0x30, 0x00, 0x00, 0x38, 0x78, 0x7f, 0xff, 0xe0, 0x00, 0x00, 0x00, 0x1c, 0x00, 0x00, 0x00, 
  0x02, 0x00, 0xc0, 0xe0, 0x00, 0x00, 0x00, 0x60, 0x00, 0xf8, 0x7f, 0x80, 0x00, 0x00, 0x00, 0x00, 0x00, 0x00, 
  0x04, 0x00, 0xd3, 0x80, 0x00, 0x00, 0x00, 0x80, 0x00, 0x20, 0x80, 0xf0, 0x00, 0x00, 0x00, 0x00, 0x00, 0x00, 
  0x00, 0x00, 0xec, 0x00, 0x00, 0x00, 0x00, 0x00, 0x00, 0x13, 0x4c, 0x0c, 0x44, 0x04, 0x44, 0x04, 0x44, 0x00, 
  0x00, 0x00, 0x5c, 0x00, 0x00, 0x00, 0x00, 0x40, 0x00, 0x19, 0xb3, 0x67, 0x00, 0x00, 0x00, 0x00, 0x00, 0x00, 
  0x00, 0x00, 0xf8, 0x01, 0x00, 0x00, 0x00, 0x80, 0x00, 0x0e, 0x08, 0x9b, 0xc0, 0x00, 0x00, 0x00, 0x00, 0x00, 
  0x00, 0x00, 0xf0, 0x01, 0x00, 0x00, 0x00, 0x00, 0x38, 0x04, 0x31, 0xf7, 0x80, 0x00, 0x00, 0x00, 0x00, 0x00, 
  0x00, 0x20, 0xf0, 0x02, 0x80, 0x00, 0x00, 0x00, 0x74, 0x07, 0xff, 0x46, 0x44, 0x44, 0x44, 0x44, 0x44, 0x40, 
  0x01, 0x60, 0xf0, 0x02, 0x00, 0x00, 0x00, 0x00, 0x38, 0x02, 0xf0, 0x0c, 0x00, 0x00, 0x00, 0x00, 0x00, 0x00, 
  0x00, 0xe0, 0xf0, 0x03, 0x00, 0x00, 0x00, 0x00, 0x00, 0x02, 0x00, 0x36, 0x00, 0x00, 0x00, 0x00, 0x00, 0x00, 
  0x00, 0x01, 0xf0, 0x07, 0x00, 0x00, 0x00, 0x00, 0x00, 0x03, 0x81, 0xd7, 0x00, 0x00, 0x00, 0x00, 0x00, 0x00, 
  0x08, 0x40, 0xf0, 0x06, 0x00, 0x00, 0x00, 0x01, 0x00, 0x03, 0x4e, 0x71, 0x04, 0x44, 0x04, 0x64, 0x04, 0x40, 
  0x00, 0x20, 0xf8, 0x04, 0x00, 0x00, 0x00, 0x01, 0x00, 0x02, 0x70, 0x21, 0x00, 0x00, 0x00, 0x70, 0x00, 0x00, 
  0x00, 0x20, 0x7f, 0x08, 0x00, 0x00, 0x00, 0x03, 0x00, 0x00, 0xc0, 0x41, 0x00, 0x00, 0x00, 0x70, 0x00, 0x00, 
  0x04, 0x00, 0xf3, 0xfc, 0x00, 0x00, 0x00, 0x04, 0x80, 0x01, 0x80, 0x41, 0x80, 0x00, 0x00, 0x58, 0x00, 0x00, 
  0x04, 0x00, 0xc7, 0xfc, 0x00, 0x00, 0x00, 0x04, 0x80, 0x01, 0xc4, 0x40, 0xc4, 0x44, 0x44, 0x4c, 0x44, 0x40, 
  0x00, 0x00, 0xff, 0x08, 0x00, 0x00, 0x00, 0x03, 0x00, 0x00, 0xc0, 0x60, 0x40, 0x00, 0x00, 0x48, 0x00, 0x00, 
  0x00, 0x00, 0xf8, 0x04, 0x00, 0x00, 0x00, 0x01, 0x00, 0x02, 0x70, 0x20, 0xc0, 0x00, 0x00, 0x68, 0x00, 0x00, 
  0x00, 0x00, 0xf0, 0x06, 0x00, 0x00, 0x00, 0x01, 0x00, 0x03, 0x4e, 0x60, 0xc0, 0x00, 0x00, 0x24, 0x00, 0x00, 
  0x04, 0x00, 0xf0, 0x07, 0x00, 0x00, 0x00, 0x00, 0x00, 0x03, 0x81, 0xc0, 0x64, 0x04, 0x44, 0x26, 0x44, 0x00, 
  0x00, 0x00, 0xf0, 0x03, 0x00, 0x00, 0x00, 0x00, 0x00, 0x02, 0x00, 0x30, 0x20, 0x00, 0x00, 0x22, 0x00, 0x00, 
  0x00, 0x08, 0xf0, 0x02, 0x00, 0x00, 0x00, 0x00, 0x38, 0x02, 0xf0, 0x0c, 0x20, 0x00, 0x00, 0xc2, 0x00, 0x00, 
  0x00, 0x00, 0xf0, 0x02, 0x80, 0x00, 0x00, 0x00, 0x74, 0x07, 0xff, 0x06, 0x30, 0x00, 0x00, 0x83, 0x00, 0x00, 
  0x00, 0x00, 0xf0, 0x00, 0x00, 0x00, 0x00, 0x00, 0x38, 0x04, 0x31, 0xe7, 0x94, 0x44, 0x44, 0xc1, 0x44, 0x40, 
  0x00, 0x02, 0xf8, 0x01, 0x00, 0x00, 0x00, 0x80, 0x00, 0x0e, 0x08, 0x9b, 0xf0, 0x00, 0x00, 0x43, 0x00, 0x00, 
  0x02, 0x02, 0x7c, 0x00, 0x00, 0x00, 0x00, 0x40, 0x00, 0x19, 0xb3, 0x67, 0x60, 0x00, 0x00, 0x43, 0x00, 0x00, 
  0x00, 0x00, 0xcc, 0x00, 0x00, 0x00, 0x00, 0x00, 0x00, 0x13, 0x4c, 0x0c, 0x40, 0x00, 0x00, 0x81, 0x80, 0x00, 
  0x00, 0x02, 0x27, 0x80, 0x00, 0x00, 0x00, 0x80, 0x00, 0x20, 0x80, 0xf0, 0xc4, 0x44, 0x04, 0x80, 0x84, 0x40, 
  0x00, 0x82, 0xf0, 0xe0, 0x00, 0x00, 0x00, 0x60, 0x00, 0xf8, 0x7f, 0xa0, 0x80, 0x00, 0x00, 0x80, 0x80, 0x00, 
  0x10, 0x00, 0x40, 0x30, 0x00, 0x00, 0x38, 0x78, 0x7f, 0xff, 0xe0, 0x20, 0x80, 0x00, 0x00, 0x81, 0x80, 0x00, 
  0x10, 0x82, 0x60, 0x0c, 0x00, 0x03, 0xc0, 0x7f, 0x83, 0xf0, 0x00, 0x10, 0x80, 0x00, 0x00, 0xc1, 0x00, 0x00, 
  0x00, 0x42, 0x14, 0x47, 0x80, 0xfd, 0x80, 0xf0, 0x80, 0x7c, 0x44, 0x51, 0xc4, 0x44, 0x44, 0x47, 0x44, 0x40, 
  0x00, 0x00, 0xf0, 0x00, 0x7f, 0x81, 0x00, 0xa9, 0x81, 0xe8, 0x00, 0x11, 0x00, 0x00, 0x00, 0x44, 0x00, 0x00, 
  0x10, 0xa0, 0x78, 0x00, 0x00, 0x03, 0x01, 0x2f, 0x6f, 0x18, 0x00, 0x13, 0x00, 0x00, 0x00, 0x44, 0x00, 0x00, 
  0x00, 0x60, 0x80, 0x00, 0x00, 0x03, 0x03, 0x17, 0x98, 0x70, 0x00, 0x12, 0x00, 0x00, 0x00, 0x64, 0x00, 0x00, 
  0x10, 0x00, 0xdc, 0x04, 0x44, 0x06, 0x82, 0x0e, 0xff, 0xe4, 0x44, 0x0c, 0x44, 0x04, 0x44, 0x24, 0x44, 0x00, 
  0x01, 0xa0, 0xd8, 0x00, 0x00, 0x07, 0x44, 0x00, 0x60, 0x00, 0x00, 0x04, 0x00, 0x00, 0x30, 0x28, 0x00, 0x00, 
  0x00, 0x80, 0x5e, 0x00, 0x00, 0x07, 0xa8, 0x00, 0x00, 0x00, 0x00, 0x00, 0x00, 0x00, 0x78, 0x48, 0x00, 0x00, 
  0x00, 0x00, 0x75, 0xe0, 0x00, 0x07, 0xd8, 0x00, 0x00, 0x00, 0x00, 0x00, 0x00, 0x00, 0x48, 0x48, 0x00, 0x00, 
  0x00, 0x00, 0xfd, 0x74, 0x44, 0x47, 0xf4, 0x44, 0x44, 0x44, 0x44, 0x44, 0x44, 0x44, 0x4c, 0x5c, 0x44, 0x40, 
  0x00, 0x00, 0x7e, 0xa0, 0x00, 0x01, 0xe0, 0x00, 0x00, 0x00, 0x00, 0x00, 0x00, 0x00, 0xcc, 0x70, 0x00, 0x00, 
  0x00, 0x00, 0x2d, 0xc0, 0x00, 0x00, 0x00, 0x00, 0x00, 0x00, 0x00, 0x00, 0x00, 0x01, 0x84, 0x60, 0x00, 0x00, 
  0x00, 0x00, 0x71, 0x40, 0x00, 0x00, 0x00, 0x00, 0x00, 0x00, 0x00, 0x00, 0x00, 0x01, 0x06, 0x60, 0x00, 0x00, 
  0x00, 0x80, 0x77, 0x64, 0x04, 0x44, 0x04, 0x44, 0x04, 0x44, 0x04, 0x44, 0x04, 0x45, 0x02, 0x44, 0x04, 0x40, 
  0x00, 0x00, 0xc8, 0xe0, 0x00, 0x00, 0x00, 0x00, 0x00, 0x00, 0x00, 0x00, 0x00, 0x01, 0x02, 0x00, 0x00, 0x00, 
  0x00, 0x40, 0xe0, 0x00, 0x00, 0x00, 0x00, 0x00, 0x00, 0x00, 0x00, 0x00, 0x00, 0x03, 0x02, 0x00, 0x00, 0x00, 
  0x00, 0x00, 0x10, 0x00, 0x00, 0x00, 0x00, 0x00, 0x00, 0x00, 0x00, 0x00, 0x00, 0x06, 0x04, 0x00, 0x00, 0x00, 
  0x00, 0x40, 0x74, 0x44, 0x44, 0x44, 0x44, 0x44, 0x44, 0x44, 0x44, 0x44, 0x44, 0x46, 0x06, 0x44, 0x44, 0x40, 
  0x00, 0x00, 0x40, 0x00, 0x00, 0x00, 0x00, 0x00, 0x00, 0x00, 0x00, 0x00, 0x00, 0x06, 0x03, 0x00, 0x00, 0x00, 
};

const lv_img_dsc_t anaden_laika_1_20 = {
  .header.cf = LV_IMG_CF_INDEXED_1BIT,
  .header.always_zero = 0,
  .header.reserved = 0,
  .header.w = 140,
  .header.h = 68,
  .data_size = 1232,
  .data = anaden_laika_1_20_map,
};


#ifndef LV_ATTRIBUTE_IMG_ANADEN_LAIKA_1_21
#define LV_ATTRIBUTE_IMG_ANADEN_LAIKA_1_21
#endif

const LV_ATTRIBUTE_MEM_ALIGN LV_ATTRIBUTE_LARGE_CONST LV_ATTRIBUTE_IMG_ANADEN_LAIKA_1_21 uint8_t anaden_laika_1_21_map[] = {
#if CONFIG_NICE_VIEW_WIDGET_INVERTED
        0xff, 0xff, 0xff, 0xff, /*Color of index 0*/
        0x00, 0x00, 0x00, 0xff, /*Color of index 1*/
#else
        0x00, 0x00, 0x00, 0xff, /*Color of index 0*/
        0xff, 0xff, 0xff, 0xff, /*Color of index 1*/
#endif

  0x00, 0x00, 0x5c, 0x40, 0x00, 0x00, 0x00, 0x00, 0x00, 0x00, 0x08, 0xc0, 0x00, 0x01, 0x00, 0x18, 0x00, 0x00, 
  0x00, 0x00, 0xf4, 0xc0, 0x00, 0x00, 0x00, 0x00, 0x00, 0x00, 0x08, 0x80, 0x00, 0x01, 0x80, 0x30, 0x00, 0x00, 
  0x00, 0x10, 0x2e, 0xc4, 0x44, 0x44, 0x44, 0x44, 0x44, 0x44, 0x51, 0xc4, 0x44, 0x44, 0x80, 0x24, 0x44, 0x40, 
  0x00, 0x10, 0x7b, 0x80, 0x00, 0x00, 0x00, 0x00, 0x00, 0x00, 0x11, 0x80, 0x00, 0x00, 0x80, 0x60, 0x00, 0x00, 
  0x00, 0x00, 0x77, 0x00, 0x00, 0x00, 0x00, 0x00, 0x00, 0x00, 0x13, 0x00, 0x00, 0x00, 0xc0, 0xc0, 0x00, 0x00, 
  0x08, 0x00, 0xfe, 0x00, 0x00, 0x00, 0x00, 0x00, 0x00, 0x00, 0x1a, 0x00, 0x00, 0x00, 0xc0, 0x80, 0x00, 0x00, 
  0x08, 0x00, 0xfc, 0x04, 0x44, 0x04, 0x44, 0x04, 0x44, 0x04, 0x4e, 0x04, 0x44, 0x04, 0x41, 0x04, 0x44, 0x00, 
  0x08, 0x80, 0x50, 0x00, 0x00, 0x00, 0x00, 0x00, 0x00, 0x00, 0x00, 0x00, 0x00, 0x00, 0x63, 0x00, 0x00, 0x00, 
  0x09, 0x00, 0x70, 0x00, 0x00, 0x00, 0x00, 0x00, 0x00, 0x00, 0x00, 0x00, 0x00, 0x00, 0x66, 0x00, 0x00, 0x00, 
  0x0c, 0x00, 0xc0, 0x00, 0x00, 0x07, 0x00, 0x00, 0x00, 0x00, 0x00, 0x00, 0x00, 0x00, 0x1c, 0x00, 0x00, 0x00, 
  0x01, 0x00, 0x34, 0x44, 0x44, 0x4f, 0xc4, 0x44, 0x44, 0x44, 0x44, 0x44, 0x44, 0x44, 0x44, 0x44, 0x44, 0x40, 
  0x01, 0x80, 0x60, 0x00, 0x00, 0x1e, 0xe0, 0x00, 0x00, 0x00, 0x00, 0x00, 0x00, 0x00, 0x00, 0x00, 0x00, 0x00, 
  0x00, 0x80, 0x60, 0x00, 0x00, 0x1d, 0xb0, 0x00, 0x31, 0xc0, 0x00, 0x00, 0x00, 0x00, 0x00, 0x00, 0x00, 0x00, 
  0x04, 0x00, 0x74, 0x00, 0x00, 0x1a, 0x18, 0x07, 0x7e, 0x70, 0x00, 0x00, 0x00, 0x00, 0x00, 0x00, 0x00, 0x00, 
  0x04, 0x00, 0x0c, 0x44, 0x04, 0x4c, 0x0c, 0x4b, 0xcc, 0x3c, 0x04, 0x4c, 0x04, 0x44, 0x04, 0x44, 0x04, 0x40, 
  0x04, 0x80, 0x38, 0x00, 0x00, 0x0c, 0x06, 0x13, 0xdf, 0x0c, 0x00, 0x0c, 0x00, 0x00, 0x00, 0x00, 0x00, 0x00, 
  0x00, 0x84, 0x70, 0x00, 0x00, 0x06, 0x01, 0x16, 0x61, 0xe4, 0x00, 0x1c, 0x00, 0x00, 0x00, 0x00, 0x00, 0x00, 
  0x01, 0x04, 0x1e, 0x00, 0xff, 0xff, 0x00, 0x88, 0x20, 0x38, 0x00, 0x14, 0x00, 0x00, 0x00, 0x00, 0x00, 0x00, 
  0x00, 0x04, 0xf4, 0x4f, 0x00, 0x03, 0xc0, 0x4f, 0xf0, 0x75, 0xfc, 0x56, 0x44, 0x44, 0x44, 0x44, 0x44, 0x40, 
  0x02, 0x10, 0x40, 0x30, 0x00, 0x00, 0x38, 0x7c, 0x3f, 0xff, 0x8f, 0xd7, 0x00, 0x00, 0x00, 0x00, 0x00, 0x00, 
  0x02, 0x00, 0xc0, 0xe0, 0x00, 0x00, 0x00, 0x30, 0x00, 0x78, 0x46, 0x7d, 0x00, 0x00, 0x00, 0x20, 0x00, 0x00, 
  0x04, 0x00, 0xd1, 0x80, 0x00, 0x00, 0x00, 0x50, 0x00, 0x11, 0xb9, 0xb7, 0x00, 0x00, 0x00, 0x70, 0x00, 0x00, 
  0x00, 0x00, 0xe6, 0x00, 0x00, 0x00, 0x00, 0x00, 0x00, 0x08, 0xc4, 0x4b, 0xc4, 0x04, 0x44, 0x74, 0x44, 0x00, 
  0x00, 0x00, 0x4c, 0x00, 0x00, 0x00, 0x00, 0x20, 0x00, 0x0b, 0x08, 0x9d, 0x80, 0x00, 0x00, 0x58, 0x00, 0x00, 
  0x00, 0x00, 0xf8, 0x00, 0x00, 0x00, 0x00, 0x40, 0x00, 0x04, 0x01, 0x73, 0xc0, 0x00, 0x00, 0x48, 0x00, 0x00, 
  0x00, 0x00, 0xf8, 0x00, 0x00, 0x00, 0x00, 0x00, 0x1c, 0x02, 0x3f, 0x86, 0x40, 0x00, 0x00, 0x48, 0x00, 0x00, 
  0x00, 0x20, 0xf0, 0x00, 0x80, 0x00, 0x00, 0x00, 0x3a, 0x03, 0xf8, 0x18, 0xc4, 0x44, 0x44, 0x6c, 0x44, 0x40, 
  0x01, 0x60, 0xf0, 0x06, 0x00, 0x00, 0x00, 0x00, 0x1c, 0x01, 0x00, 0x30, 0xc0, 0x00, 0x00, 0x24, 0x00, 0x00, 
  0x00, 0xe0, 0xf0, 0x07, 0x00, 0x00, 0x00, 0x00, 0x00, 0x01, 0x03, 0xc0, 0x60, 0x00, 0x00, 0x26, 0x00, 0x00, 
  0x00, 0x01, 0xf0, 0x05, 0x00, 0x00, 0x00, 0x00, 0x00, 0x01, 0xce, 0x80, 0x20, 0x00, 0x00, 0x22, 0x00, 0x00, 
  0x08, 0x40, 0xf8, 0x0c, 0x00, 0x00, 0x00, 0x00, 0x80, 0x01, 0xb4, 0xc0, 0x24, 0x44, 0x04, 0xc2, 0x04, 0x40, 
  0x00, 0x20, 0xf8, 0x0a, 0x00, 0x00, 0x00, 0x00, 0x80, 0x01, 0x20, 0xc0, 0x30, 0x00, 0x00, 0x83, 0x00, 0x00, 
  0x00, 0x20, 0x7f, 0x10, 0x00, 0x00, 0x00, 0x01, 0x80, 0x00, 0x60, 0x60, 0x10, 0x00, 0x00, 0xc1, 0x00, 0x00, 
  0x04, 0x00, 0xf3, 0xf0, 0x00, 0x00, 0x00, 0x02, 0x40, 0x00, 0xc0, 0x20, 0x30, 0x00, 0x00, 0x43, 0x00, 0x00, 
  0x04, 0x00, 0xc7, 0xf0, 0x00, 0x00, 0x00, 0x02, 0x40, 0x00, 0xc4, 0x60, 0x64, 0x44, 0x44, 0x43, 0x44, 0x40, 
  0x00, 0x00, 0xff, 0x10, 0x00, 0x00, 0x00, 0x01, 0x80, 0x00, 0x60, 0x20, 0x40, 0x00, 0x00, 0x81, 0x80, 0x00, 
  0x00, 0x00, 0xf8, 0x0a, 0x00, 0x00, 0x00, 0x00, 0x80, 0x01, 0x20, 0x20, 0xc0, 0x00, 0x00, 0x80, 0x80, 0x00, 
  0x00, 0x00, 0xf8, 0x0c, 0x00, 0x00, 0x00, 0x00, 0x80, 0x01, 0xb0, 0x20, 0x80, 0x00, 0x00, 0x80, 0x80, 0x00, 
  0x04, 0x00, 0xf0, 0x05, 0x00, 0x00, 0x00, 0x00, 0x00, 0x01, 0xce, 0x20, 0xc4, 0x04, 0x44, 0x81, 0xc4, 0x00, 
  0x00, 0x00, 0xf0, 0x07, 0x00, 0x00, 0x00, 0x00, 0x00, 0x01, 0x03, 0xd0, 0x80, 0x00, 0x00, 0xc1, 0x00, 0x00, 
  0x00, 0x08, 0xf0, 0x06, 0x00, 0x00, 0x00, 0x00, 0x1c, 0x01, 0x00, 0x31, 0x80, 0x00, 0x00, 0x47, 0x00, 0x00, 
  0x00, 0x00, 0xf0, 0x00, 0x80, 0x00, 0x00, 0x00, 0x3a, 0x03, 0xf8, 0x19, 0x00, 0x00, 0x00, 0x44, 0x00, 0x00, 
  0x00, 0x00, 0xf8, 0x00, 0x00, 0x00, 0x00, 0x00, 0x1c, 0x02, 0x3f, 0x87, 0x44, 0x44, 0x44, 0x44, 0x44, 0x40, 
  0x00, 0x02, 0xf8, 0x00, 0x00, 0x00, 0x00, 0x40, 0x00, 0x04, 0x01, 0x73, 0x00, 0x00, 0x00, 0x64, 0x00, 0x00, 
  0x02, 0x02, 0x6c, 0x00, 0x00, 0x00, 0x00, 0x20, 0x00, 0x0b, 0x08, 0x9d, 0x80, 0x00, 0x00, 0x24, 0x00, 0x00, 
  0x00, 0x00, 0xc6, 0x00, 0x00, 0x00, 0x00, 0x00, 0x00, 0x08, 0xc4, 0x4b, 0xc0, 0x00, 0x30, 0x28, 0x00, 0x00, 
  0x00, 0x02, 0x25, 0x80, 0x00, 0x00, 0x00, 0x50, 0x00, 0x11, 0xb9, 0xb7, 0x04, 0x44, 0x7c, 0x4c, 0x04, 0x40, 
  0x00, 0x82, 0xf0, 0xe0, 0x00, 0x00, 0x00, 0x30, 0x00, 0x78, 0x46, 0x7c, 0x00, 0x00, 0x48, 0x48, 0x00, 0x00, 
  0x10, 0x00, 0x40, 0x30, 0x00, 0x00, 0x38, 0x7c, 0x3f, 0xff, 0x8f, 0xc0, 0x00, 0x00, 0x48, 0x58, 0x00, 0x00, 
  0x10, 0x82, 0x60, 0x0f, 0x00, 0x03, 0xc0, 0x4f, 0xf0, 0x71, 0xfc, 0x00, 0x00, 0x00, 0xcc, 0x70, 0x00, 0x00, 
  0x00, 0x42, 0x14, 0x44, 0xff, 0xff, 0x00, 0xc8, 0x20, 0x3c, 0x44, 0x44, 0x44, 0x45, 0x84, 0x64, 0x44, 0x40, 
  0x00, 0x00, 0xf0, 0x00, 0x00, 0x06, 0x01, 0x96, 0x61, 0xe4, 0x00, 0x00, 0x00, 0x01, 0x06, 0x60, 0x00, 0x00, 
  0x10, 0xa0, 0x78, 0x00, 0x00, 0x0c, 0x06, 0x13, 0xdf, 0x0c, 0x00, 0x00, 0x00, 0x01, 0x02, 0x00, 0x00, 0x00, 
  0x00, 0x60, 0x80, 0x00, 0x00, 0x0c, 0x0c, 0x0b, 0xcc, 0x38, 0x00, 0x00, 0x00, 0x01, 0x02, 0x00, 0x00, 0x00, 
  0x10, 0x00, 0xdc, 0x04, 0x44, 0x1a, 0x1c, 0x07, 0x7e, 0x74, 0x44, 0x04, 0x44, 0x07, 0x02, 0x04, 0x44, 0x00, 
  0x01, 0xa0, 0xd8, 0x00, 0x00, 0x1d, 0xb0, 0x00, 0x31, 0xc0, 0x00, 0x00, 0x00, 0x06, 0x04, 0x00, 0x00, 0x00, 
  0x00, 0x80, 0x5e, 0x00, 0x00, 0x1e, 0xe0, 0x00, 0x00, 0x00, 0x00, 0x00, 0x00, 0x06, 0x06, 0x00, 0x00, 0x00, 
  0x00, 0x00, 0x75, 0xe0, 0x00, 0x0f, 0xc0, 0x00, 0x00, 0x00, 0x00, 0x00, 0x00, 0x06, 0x03, 0x00, 0x00, 0x00, 
  0x00, 0x00, 0xfd, 0x74, 0x44, 0x47, 0x44, 0x44, 0x44, 0x44, 0x44, 0x44, 0x44, 0x46, 0x03, 0x44, 0x44, 0x40, 
  0x00, 0x00, 0x7e, 0xa0, 0x00, 0x00, 0x00, 0x00, 0x00, 0x00, 0x00, 0x00, 0x00, 0x04, 0x01, 0xc0, 0x00, 0x00, 
  0x00, 0x00, 0x2d, 0xc0, 0x00, 0x00, 0x00, 0x00, 0x00, 0x00, 0x00, 0x00, 0x00, 0x06, 0x01, 0xc0, 0x00, 0x00, 
  0x00, 0x00, 0x71, 0x40, 0x00, 0x00, 0x00, 0x00, 0x00, 0x00, 0x00, 0x00, 0x00, 0x06, 0x00, 0x60, 0x00, 0x00, 
  0x00, 0x80, 0x77, 0x64, 0x04, 0x44, 0x04, 0x44, 0x04, 0x44, 0x04, 0x44, 0x04, 0x4e, 0x00, 0x24, 0x04, 0x40, 
  0x00, 0x00, 0xc8, 0xe0, 0x00, 0x00, 0x00, 0x00, 0x00, 0x00, 0x00, 0x00, 0x00, 0x0e, 0x00, 0x20, 0x00, 0x00, 
  0x00, 0x40, 0xe0, 0x00, 0x00, 0x00, 0x00, 0x00, 0x00, 0x00, 0x00, 0x00, 0x00, 0x08, 0x00, 0x20, 0x00, 0x00, 
  0x00, 0x00, 0x10, 0x00, 0x00, 0x00, 0x00, 0x00, 0x00, 0x00, 0x00, 0x00, 0x00, 0x08, 0x00, 0x60, 0x00, 0x00, 
  0x00, 0x40, 0x74, 0x44, 0x44, 0x44, 0x44, 0x44, 0x44, 0x44, 0x44, 0x44, 0x44, 0x48, 0x00, 0x34, 0x44, 0x40, 
  0x00, 0x00, 0x40, 0x00, 0x00, 0x00, 0x00, 0x00, 0x00, 0x00, 0x00, 0x00, 0x00, 0x0c, 0x00, 0x10, 0x00, 0x00, 
};

const lv_img_dsc_t anaden_laika_1_21 = {
  .header.cf = LV_IMG_CF_INDEXED_1BIT,
  .header.always_zero = 0,
  .header.reserved = 0,
  .header.w = 140,
  .header.h = 68,
  .data_size = 1232,
  .data = anaden_laika_1_21_map,
};


#ifndef LV_ATTRIBUTE_IMG_ANADEN_LAIKA_1_22
#define LV_ATTRIBUTE_IMG_ANADEN_LAIKA_1_22
#endif

const LV_ATTRIBUTE_MEM_ALIGN LV_ATTRIBUTE_LARGE_CONST LV_ATTRIBUTE_IMG_ANADEN_LAIKA_1_22 uint8_t anaden_laika_1_22_map[] = {
#if CONFIG_NICE_VIEW_WIDGET_INVERTED
        0xff, 0xff, 0xff, 0xff, /*Color of index 0*/
        0x00, 0x00, 0x00, 0xff, /*Color of index 1*/
#else
        0x00, 0x00, 0x00, 0xff, /*Color of index 0*/
        0xff, 0xff, 0xff, 0xff, /*Color of index 1*/
#endif

  0x00, 0x00, 0x5c, 0x40, 0x00, 0x00, 0x00, 0x00, 0x00, 0x00, 0x08, 0xc0, 0x00, 0x01, 0x00, 0x18, 0x00, 0x00, 
  0x00, 0x00, 0xf4, 0xc0, 0x00, 0x00, 0x00, 0x00, 0x00, 0x00, 0x08, 0x80, 0x00, 0x01, 0x80, 0x30, 0x00, 0x00, 
  0x00, 0x10, 0x2e, 0xc4, 0x44, 0x44, 0x44, 0x44, 0x44, 0x44, 0x51, 0xc4, 0x44, 0x44, 0x80, 0x24, 0x44, 0x40, 
  0x00, 0x10, 0x7b, 0x80, 0x00, 0x00, 0x00, 0x00, 0x00, 0x00, 0x11, 0x80, 0x00, 0x00, 0x80, 0x60, 0x00, 0x00, 
  0x00, 0x00, 0x77, 0x00, 0x00, 0x00, 0x00, 0x00, 0x00, 0x00, 0x13, 0x00, 0x00, 0x00, 0xc0, 0xc0, 0x00, 0x00, 
  0x08, 0x00, 0xfe, 0x00, 0x00, 0x00, 0x00, 0x00, 0x00, 0x00, 0x1a, 0x00, 0x00, 0x00, 0xc0, 0x80, 0x00, 0x00, 
  0x08, 0x00, 0xfc, 0x04, 0x44, 0x04, 0x44, 0x04, 0x44, 0x04, 0x4e, 0x04, 0x44, 0x04, 0x41, 0x04, 0x44, 0x00, 
  0x08, 0x80, 0x50, 0x00, 0x00, 0x00, 0x00, 0x00, 0x00, 0x00, 0x00, 0x00, 0x00, 0x00, 0x63, 0x00, 0x00, 0x00, 
  0x09, 0x00, 0x70, 0x00, 0x00, 0x00, 0x00, 0x00, 0x00, 0x00, 0x00, 0x00, 0x00, 0x00, 0x66, 0x00, 0x00, 0x00, 
  0x0c, 0x00, 0xc0, 0x00, 0x00, 0x07, 0x00, 0x00, 0x00, 0x00, 0x00, 0x00, 0x00, 0x00, 0x1c, 0x00, 0x00, 0x00, 
  0x01, 0x00, 0x34, 0x44, 0x44, 0x4f, 0xc4, 0x44, 0x44, 0x44, 0x44, 0x44, 0x44, 0x44, 0x44, 0x44, 0x44, 0x40, 
  0x01, 0x80, 0x60, 0x00, 0x00, 0x1e, 0xe0, 0x00, 0x00, 0x00, 0x00, 0x00, 0x00, 0x00, 0x00, 0x00, 0x00, 0x00, 
  0x00, 0x80, 0x60, 0x00, 0x00, 0x1d, 0xb0, 0x00, 0x31, 0xc0, 0x00, 0x00, 0x00, 0x00, 0x00, 0x00, 0x00, 0x00, 
  0x04, 0x00, 0x74, 0x00, 0x00, 0x1a, 0x18, 0x07, 0x7e, 0x70, 0x00, 0x00, 0x00, 0x00, 0x00, 0x00, 0x00, 0x00, 
  0x04, 0x00, 0x0c, 0x44, 0x04, 0x4c, 0x0c, 0x4b, 0xcc, 0x3c, 0x04, 0x4c, 0x04, 0x44, 0x04, 0x44, 0x04, 0x40, 
  0x04, 0x80, 0x38, 0x00, 0x00, 0x0c, 0x06, 0x13, 0xdf, 0x0c, 0x00, 0x0c, 0x00, 0x00, 0x00, 0x00, 0x00, 0x00, 
  0x00, 0x84, 0x70, 0x00, 0x00, 0x06, 0x01, 0x16, 0x61, 0xe4, 0x00, 0x1c, 0x00, 0x00, 0x00, 0x00, 0x00, 0x00, 
  0x01, 0x04, 0x1e, 0x00, 0xff, 0xff, 0x00, 0x88, 0x20, 0x38, 0x00, 0x14, 0x00, 0x00, 0x00, 0x00, 0x00, 0x00, 
  0x00, 0x04, 0xf4, 0x4f, 0x00, 0x03, 0xc0, 0x4f, 0xf0, 0x75, 0xfc, 0x56, 0x44, 0x44, 0x44, 0x44, 0x44, 0x40, 
  0x02, 0x10, 0x40, 0x30, 0x00, 0x00, 0x38, 0x7c, 0x3f, 0xff, 0x8f, 0xd7, 0x00, 0x00, 0x00, 0x00, 0x00, 0x00, 
  0x02, 0x00, 0xc0, 0xe0, 0x00, 0x00, 0x00, 0x30, 0x00, 0x78, 0x46, 0x7d, 0x00, 0x00, 0x00, 0x20, 0x00, 0x00, 
  0x04, 0x00, 0xd1, 0x80, 0x00, 0x00, 0x00, 0x50, 0x00, 0x11, 0xb9, 0xb7, 0x00, 0x00, 0x00, 0x70, 0x00, 0x00, 
  0x00, 0x00, 0xe6, 0x00, 0x00, 0x00, 0x00, 0x00, 0x00, 0x08, 0xc4, 0x4b, 0xc4, 0x04, 0x44, 0x74, 0x44, 0x00, 
  0x00, 0x00, 0x4c, 0x00, 0x00, 0x00, 0x00, 0x20, 0x00, 0x0b, 0x08, 0x9d, 0x80, 0x00, 0x00, 0x58, 0x00, 0x00, 
  0x00, 0x00, 0xf8, 0x00, 0x00, 0x00, 0x00, 0x40, 0x00, 0x04, 0x01, 0x73, 0xc0, 0x00, 0x00, 0x48, 0x00, 0x00, 
  0x00, 0x00, 0xf8, 0x00, 0x00, 0x00, 0x00, 0x00, 0x1c, 0x02, 0x3f, 0x86, 0x40, 0x00, 0x00, 0x48, 0x00, 0x00, 
  0x00, 0x20, 0xf0, 0x00, 0x80, 0x00, 0x00, 0x00, 0x3a, 0x03, 0xf8, 0x18, 0xc4, 0x44, 0x44, 0x6c, 0x44, 0x40, 
  0x01, 0x60, 0xf0, 0x06, 0x00, 0x00, 0x00, 0x00, 0x1c, 0x01, 0x00, 0x30, 0xc0, 0x00, 0x00, 0x24, 0x00, 0x00, 
  0x00, 0xe0, 0xf0, 0x07, 0x00, 0x00, 0x00, 0x00, 0x00, 0x01, 0x03, 0xc0, 0x60, 0x00, 0x00, 0x26, 0x00, 0x00, 
  0x00, 0x01, 0xf0, 0x05, 0x00, 0x00, 0x00, 0x00, 0x00, 0x01, 0xce, 0x80, 0x20, 0x00, 0x00, 0x22, 0x00, 0x00, 
  0x08, 0x40, 0xf8, 0x0c, 0x00, 0x00, 0x00, 0x00, 0x80, 0x01, 0xb4, 0xc0, 0x24, 0x44, 0x04, 0xc2, 0x04, 0x40, 
  0x00, 0x20, 0xf8, 0x0a, 0x00, 0x00, 0x00, 0x00, 0x80, 0x01, 0x20, 0xc0, 0x30, 0x00, 0x00, 0x83, 0x00, 0x00, 
  0x00, 0x20, 0x7f, 0x10, 0x00, 0x00, 0x00, 0x01, 0x80, 0x00, 0x60, 0x60, 0x10, 0x00, 0x00, 0xc1, 0x00, 0x00, 
  0x04, 0x00, 0xf3, 0xf0, 0x00, 0x00, 0x00, 0x02, 0x40, 0x00, 0xc0, 0x20, 0x30, 0x00, 0x00, 0x43, 0x00, 0x00, 
  0x04, 0x00, 0xc7, 0xf0, 0x00, 0x00, 0x00, 0x02, 0x40, 0x00, 0xc4, 0x60, 0x64, 0x44, 0x44, 0x43, 0x44, 0x40, 
  0x00, 0x00, 0xff, 0x10, 0x00, 0x00, 0x00, 0x01, 0x80, 0x00, 0x60, 0x20, 0x40, 0x00, 0x00, 0x81, 0x80, 0x00, 
  0x00, 0x00, 0xf8, 0x0a, 0x00, 0x00, 0x00, 0x00, 0x80, 0x01, 0x20, 0x20, 0xc0, 0x00, 0x00, 0x80, 0x80, 0x00, 
  0x00, 0x00, 0xf8, 0x0c, 0x00, 0x00, 0x00, 0x00, 0x80, 0x01, 0xb0, 0x20, 0x80, 0x00, 0x00, 0x80, 0x80, 0x00, 
  0x04, 0x00, 0xf0, 0x05, 0x00, 0x00, 0x00, 0x00, 0x00, 0x01, 0xce, 0x20, 0xc4, 0x04, 0x44, 0x81, 0xc4, 0x00, 
  0x00, 0x00, 0xf0, 0x07, 0x00, 0x00, 0x00, 0x00, 0x00, 0x01, 0x03, 0xd0, 0x80, 0x00, 0x00, 0xc1, 0x00, 0x00, 
  0x00, 0x08, 0xf0, 0x06, 0x00, 0x00, 0x00, 0x00, 0x1c, 0x01, 0x00, 0x31, 0x80, 0x00, 0x00, 0x47, 0x00, 0x00, 
  0x00, 0x00, 0xf0, 0x00, 0x80, 0x00, 0x00, 0x00, 0x3a, 0x03, 0xf8, 0x19, 0x00, 0x00, 0x00, 0x44, 0x00, 0x00, 
  0x00, 0x00, 0xf8, 0x00, 0x00, 0x00, 0x00, 0x00, 0x1c, 0x02, 0x3f, 0x87, 0x44, 0x44, 0x44, 0x44, 0x44, 0x40, 
  0x00, 0x02, 0xf8, 0x00, 0x00, 0x00, 0x00, 0x40, 0x00, 0x04, 0x01, 0x73, 0x00, 0x00, 0x00, 0x64, 0x00, 0x00, 
  0x02, 0x02, 0x6c, 0x00, 0x00, 0x00, 0x00, 0x20, 0x00, 0x0b, 0x08, 0x9d, 0x80, 0x00, 0x00, 0x24, 0x00, 0x00, 
  0x00, 0x00, 0xc6, 0x00, 0x00, 0x00, 0x00, 0x00, 0x00, 0x08, 0xc4, 0x4b, 0xc0, 0x00, 0x30, 0x28, 0x00, 0x00, 
  0x00, 0x02, 0x25, 0x80, 0x00, 0x00, 0x00, 0x50, 0x00, 0x11, 0xb9, 0xb7, 0x04, 0x44, 0x7c, 0x4c, 0x04, 0x40, 
  0x00, 0x82, 0xf0, 0xe0, 0x00, 0x00, 0x00, 0x30, 0x00, 0x78, 0x46, 0x7c, 0x00, 0x00, 0x48, 0x48, 0x00, 0x00, 
  0x10, 0x00, 0x40, 0x30, 0x00, 0x00, 0x38, 0x7c, 0x3f, 0xff, 0x8f, 0xc0, 0x00, 0x00, 0x48, 0x58, 0x00, 0x00, 
  0x10, 0x82, 0x60, 0x0f, 0x00, 0x03, 0xc0, 0x4f, 0xf0, 0x71, 0xfc, 0x00, 0x00, 0x00, 0xcc, 0x70, 0x00, 0x00, 
  0x00, 0x42, 0x14, 0x44, 0xff, 0xff, 0x00, 0xc8, 0x20, 0x3c, 0x44, 0x44, 0x44, 0x45, 0x84, 0x64, 0x44, 0x40, 
  0x00, 0x00, 0xf0, 0x00, 0x00, 0x06, 0x01, 0x96, 0x61, 0xe4, 0x00, 0x00, 0x00, 0x01, 0x06, 0x60, 0x00, 0x00, 
  0x10, 0xa0, 0x78, 0x00, 0x00, 0x0c, 0x06, 0x13, 0xdf, 0x0c, 0x00, 0x00, 0x00, 0x01, 0x02, 0x00, 0x00, 0x00, 
  0x00, 0x60, 0x80, 0x00, 0x00, 0x0c, 0x0c, 0x0b, 0xcc, 0x38, 0x00, 0x00, 0x00, 0x01, 0x02, 0x00, 0x00, 0x00, 
  0x10, 0x00, 0xdc, 0x04, 0x44, 0x1a, 0x1c, 0x07, 0x7e, 0x74, 0x44, 0x04, 0x44, 0x07, 0x02, 0x04, 0x44, 0x00, 
  0x01, 0xa0, 0xd8, 0x00, 0x00, 0x1d, 0xb0, 0x00, 0x31, 0xc0, 0x00, 0x00, 0x00, 0x06, 0x04, 0x00, 0x00, 0x00, 
  0x00, 0x80, 0x5e, 0x00, 0x00, 0x1e, 0xe0, 0x00, 0x00, 0x00, 0x00, 0x00, 0x00, 0x06, 0x06, 0x00, 0x00, 0x00, 
  0x00, 0x00, 0x75, 0xe0, 0x00, 0x0f, 0xc0, 0x00, 0x00, 0x00, 0x00, 0x00, 0x00, 0x06, 0x03, 0x00, 0x00, 0x00, 
  0x00, 0x00, 0xfd, 0x74, 0x44, 0x47, 0x44, 0x44, 0x44, 0x44, 0x44, 0x44, 0x44, 0x46, 0x03, 0x44, 0x44, 0x40, 
  0x00, 0x00, 0x7e, 0xa0, 0x00, 0x00, 0x00, 0x00, 0x00, 0x00, 0x00, 0x00, 0x00, 0x04, 0x01, 0xc0, 0x00, 0x00, 
  0x00, 0x00, 0x2d, 0xc0, 0x00, 0x00, 0x00, 0x00, 0x00, 0x00, 0x00, 0x00, 0x00, 0x06, 0x01, 0xc0, 0x00, 0x00, 
  0x00, 0x00, 0x71, 0x40, 0x00, 0x00, 0x00, 0x00, 0x00, 0x00, 0x00, 0x00, 0x00, 0x06, 0x00, 0x60, 0x00, 0x00, 
  0x00, 0x80, 0x77, 0x64, 0x04, 0x44, 0x04, 0x44, 0x04, 0x44, 0x04, 0x44, 0x04, 0x4e, 0x00, 0x24, 0x04, 0x40, 
  0x00, 0x00, 0xc8, 0xe0, 0x00, 0x00, 0x00, 0x00, 0x00, 0x00, 0x00, 0x00, 0x00, 0x0e, 0x00, 0x20, 0x00, 0x00, 
  0x00, 0x40, 0xe0, 0x00, 0x00, 0x00, 0x00, 0x00, 0x00, 0x00, 0x00, 0x00, 0x00, 0x08, 0x00, 0x20, 0x00, 0x00, 
  0x00, 0x00, 0x10, 0x00, 0x00, 0x00, 0x00, 0x00, 0x00, 0x00, 0x00, 0x00, 0x00, 0x08, 0x00, 0x60, 0x00, 0x00, 
  0x00, 0x40, 0x74, 0x44, 0x44, 0x44, 0x44, 0x44, 0x44, 0x44, 0x44, 0x44, 0x44, 0x48, 0x00, 0x34, 0x44, 0x40, 
  0x00, 0x00, 0x40, 0x00, 0x00, 0x00, 0x00, 0x00, 0x00, 0x00, 0x00, 0x00, 0x00, 0x0c, 0x00, 0x10, 0x00, 0x00, 
};

const lv_img_dsc_t anaden_laika_1_22 = {
  .header.cf = LV_IMG_CF_INDEXED_1BIT,
  .header.always_zero = 0,
  .header.reserved = 0,
  .header.w = 140,
  .header.h = 68,
  .data_size = 1232,
  .data = anaden_laika_1_22_map,
};

#ifndef LV_ATTRIBUTE_IMG_ANADEN_LAIKA_1_23
#define LV_ATTRIBUTE_IMG_ANADEN_LAIKA_1_23
#endif

const LV_ATTRIBUTE_MEM_ALIGN LV_ATTRIBUTE_LARGE_CONST LV_ATTRIBUTE_IMG_ANADEN_LAIKA_1_23 uint8_t anaden_laika_1_23_map[] = {
#if CONFIG_NICE_VIEW_WIDGET_INVERTED
        0xff, 0xff, 0xff, 0xff, /*Color of index 0*/
        0x00, 0x00, 0x00, 0xff, /*Color of index 1*/
#else
        0x00, 0x00, 0x00, 0xff, /*Color of index 0*/
        0xff, 0xff, 0xff, 0xff, /*Color of index 1*/
#endif

  0x00, 0x00, 0x5c, 0x40, 0x00, 0x00, 0x00, 0x00, 0x00, 0x00, 0x00, 0x00, 0x00, 0x00, 0x00, 0x00, 0x00, 0x00, 
  0x00, 0x00, 0xf4, 0xc0, 0x00, 0x00, 0x00, 0x00, 0x00, 0x00, 0x00, 0x00, 0x00, 0x00, 0x00, 0x00, 0x00, 0x00, 
  0x00, 0x10, 0x2e, 0xc4, 0x44, 0x44, 0x44, 0x44, 0x44, 0x44, 0x44, 0x40, 0x44, 0x44, 0x44, 0x44, 0x44, 0x40, 
  0x00, 0x10, 0x7b, 0x80, 0x00, 0x00, 0x00, 0x00, 0x00, 0x00, 0x00, 0x00, 0x00, 0x00, 0x00, 0x00, 0x00, 0x00, 
  0x00, 0x00, 0x77, 0x00, 0x00, 0x00, 0x00, 0x00, 0x00, 0x00, 0x00, 0x00, 0x00, 0x00, 0x00, 0x00, 0x00, 0x00, 
  0x08, 0x00, 0xfe, 0x00, 0x00, 0x00, 0x00, 0x00, 0x00, 0x00, 0x00, 0x00, 0x00, 0x00, 0x00, 0x00, 0x00, 0x00, 
  0x08, 0x00, 0xfc, 0x04, 0x44, 0x04, 0x44, 0x04, 0x44, 0x04, 0x44, 0x00, 0x44, 0x04, 0x44, 0x04, 0x44, 0x00, 
  0x08, 0x80, 0x50, 0x00, 0x00, 0x00, 0x00, 0x00, 0x00, 0x00, 0x00, 0x0c, 0x00, 0x00, 0x00, 0x00, 0x00, 0x00, 
  0x09, 0x00, 0x70, 0x00, 0x00, 0x00, 0x00, 0x00, 0x00, 0x00, 0x00, 0x0c, 0x00, 0x00, 0x00, 0x00, 0x00, 0x00, 
  0x0c, 0x00, 0xc0, 0x00, 0x00, 0x00, 0x00, 0x00, 0x00, 0x00, 0x00, 0x1c, 0x00, 0x00, 0x00, 0x00, 0x00, 0x00, 
  0x01, 0x00, 0x34, 0x44, 0x44, 0x44, 0x44, 0x44, 0x44, 0x44, 0x44, 0x54, 0x04, 0x44, 0x44, 0x44, 0x44, 0x40, 
  0x01, 0x80, 0x60, 0x00, 0x00, 0x06, 0x00, 0x00, 0x00, 0x00, 0x00, 0x16, 0x00, 0x00, 0x00, 0x00, 0x00, 0x00, 
  0x00, 0x80, 0x60, 0x00, 0x00, 0x1f, 0xc0, 0x00, 0x1c, 0x78, 0x00, 0x17, 0x00, 0x00, 0x00, 0x00, 0x00, 0x00, 
  0x04, 0x00, 0x74, 0x00, 0x00, 0x3d, 0xb0, 0x01, 0xff, 0xd8, 0x00, 0x31, 0x00, 0x00, 0x00, 0x20, 0x00, 0x00, 
  0x04, 0x00, 0x0c, 0x44, 0x04, 0x7b, 0x1c, 0x46, 0x63, 0x04, 0x04, 0x21, 0x04, 0x44, 0x04, 0x70, 0x04, 0x40, 
  0x04, 0x80, 0x38, 0x00, 0x00, 0x3a, 0x07, 0x0c, 0xe0, 0x04, 0x00, 0x41, 0x00, 0x00, 0x00, 0x70, 0x00, 0x00, 
  0x00, 0x84, 0x70, 0x00, 0x00, 0x1a, 0x00, 0x8d, 0xb9, 0xe8, 0x00, 0x41, 0x80, 0x00, 0x00, 0x58, 0x00, 0x00, 
  0x01, 0x04, 0x1e, 0x00, 0x7f, 0xfe, 0x00, 0xc6, 0x16, 0x18, 0x00, 0x40, 0xc0, 0x00, 0x00, 0x48, 0x00, 0x00, 
  0x00, 0x04, 0xf4, 0x45, 0x80, 0x01, 0xf0, 0x27, 0xf0, 0x14, 0x7f, 0xe0, 0x44, 0x44, 0x44, 0x48, 0x44, 0x40, 
  0x02, 0x10, 0x40, 0x06, 0x00, 0x00, 0x1c, 0x1f, 0x0f, 0x3f, 0xc0, 0xfc, 0xc0, 0x00, 0x00, 0x68, 0x00, 0x00, 
  0x02, 0x00, 0xc0, 0x38, 0x00, 0x00, 0x00, 0x1c, 0x00, 0xfc, 0x47, 0xb3, 0xc0, 0x00, 0x00, 0x24, 0x00, 0x00, 
  0x04, 0x00, 0xd1, 0xc0, 0x00, 0x00, 0x00, 0x28, 0x00, 0x19, 0xb8, 0x48, 0x70, 0x00, 0x00, 0x26, 0x00, 0x00, 
  0x00, 0x00, 0xe6, 0x00, 0x00, 0x00, 0x00, 0x00, 0x00, 0x0c, 0xc4, 0x93, 0xe4, 0x04, 0x44, 0x22, 0x44, 0x00, 
  0x00, 0x00, 0x5c, 0x00, 0x00, 0x00, 0x00, 0x10, 0x00, 0x07, 0x09, 0x7c, 0xe0, 0x00, 0x00, 0xc2, 0x00, 0x00, 
  0x00, 0x00, 0xf8, 0x00, 0x00, 0x00, 0x00, 0x20, 0x00, 0x02, 0x07, 0x81, 0x30, 0x00, 0x00, 0x83, 0x00, 0x00, 
  0x00, 0x00, 0xf8, 0x02, 0x00, 0x00, 0x00, 0x00, 0x07, 0x01, 0xf8, 0x06, 0x10, 0x00, 0x00, 0xc1, 0x00, 0x00, 
  0x00, 0x20, 0xf0, 0x01, 0x00, 0x00, 0x00, 0x00, 0x0e, 0x80, 0x80, 0x18, 0x34, 0x44, 0x44, 0x43, 0x44, 0x40, 
  0x01, 0x60, 0xf0, 0x04, 0x00, 0x00, 0x00, 0x00, 0x07, 0x00, 0x80, 0x30, 0x60, 0x00, 0x00, 0x43, 0x00, 0x00, 
  0x00, 0xe0, 0xf0, 0x0e, 0x00, 0x00, 0x00, 0x00, 0x00, 0x00, 0x83, 0xe0, 0x40, 0x00, 0x00, 0x81, 0x80, 0x00, 
  0x00, 0x01, 0xf8, 0x08, 0x00, 0x00, 0x00, 0x00, 0x00, 0x00, 0x7c, 0x20, 0xc0, 0x00, 0x00, 0x80, 0x80, 0x00, 
  0x08, 0x40, 0xf8, 0x08, 0x00, 0x00, 0x00, 0x00, 0x40, 0x00, 0x6c, 0x60, 0x84, 0x44, 0x04, 0x80, 0x84, 0x40, 
  0x00, 0x20, 0xfc, 0x14, 0x00, 0x00, 0x00, 0x00, 0x40, 0x00, 0x48, 0x20, 0x80, 0x00, 0x00, 0x81, 0x80, 0x00, 
  0x00, 0x20, 0x6f, 0xf0, 0x00, 0x00, 0x00, 0x00, 0xc0, 0x00, 0x18, 0x10, 0x80, 0x00, 0x00, 0xc1, 0x00, 0x00, 
  0x04, 0x00, 0xf0, 0xf0, 0x00, 0x00, 0x00, 0x01, 0x20, 0x00, 0x30, 0x11, 0x80, 0x00, 0x00, 0x47, 0x00, 0x00, 
  0x04, 0x00, 0xc4, 0xf0, 0x00, 0x00, 0x00, 0x01, 0x20, 0x00, 0x34, 0x51, 0x44, 0x44, 0x00, 0x44, 0x44, 0x40, 
  0x00, 0x00, 0xef, 0xf0, 0x00, 0x00, 0x00, 0x00, 0xc0, 0x00, 0x18, 0x13, 0x00, 0x00, 0x00, 0x44, 0x00, 0x00, 
  0x00, 0x00, 0xbc, 0x14, 0x00, 0x00, 0x00, 0x00, 0x40, 0x00, 0x48, 0x12, 0x00, 0x00, 0x00, 0x64, 0x00, 0x00, 
  0x00, 0x00, 0xf8, 0x08, 0x00, 0x00, 0x00, 0x00, 0x40, 0x00, 0x68, 0x0c, 0x00, 0x00, 0x00, 0x24, 0x00, 0x00, 
  0x04, 0x00, 0xf8, 0x08, 0x00, 0x00, 0x00, 0x00, 0x00, 0x00, 0x7c, 0x04, 0x44, 0x04, 0x30, 0x2c, 0x44, 0x00, 
  0x00, 0x00, 0xf0, 0x0e, 0x00, 0x00, 0x00, 0x00, 0x00, 0x00, 0x83, 0xc0, 0x00, 0x00, 0x78, 0x48, 0x00, 0x00, 
  0x00, 0x08, 0xf0, 0x04, 0x00, 0x00, 0x00, 0x00, 0x07, 0x00, 0x80, 0x30, 0x00, 0x00, 0x48, 0x48, 0x00, 0x00, 
  0x00, 0x00, 0xf0, 0x01, 0x00, 0x00, 0x00, 0x00, 0x0e, 0x80, 0x80, 0x18, 0x00, 0x00, 0x48, 0x58, 0x00, 0x00, 
  0x00, 0x00, 0xf8, 0x02, 0x00, 0x00, 0x00, 0x00, 0x07, 0x01, 0xf8, 0x06, 0x44, 0x40, 0xcc, 0x74, 0x44, 0x40, 
  0x00, 0x02, 0xf8, 0x00, 0x00, 0x00, 0x00, 0x20, 0x00, 0x02, 0x07, 0x81, 0x00, 0x01, 0x84, 0x60, 0x00, 0x00, 
  0x02, 0x02, 0x7c, 0x00, 0x00, 0x00, 0x00, 0x10, 0x00, 0x07, 0x09, 0x7c, 0xc0, 0x01, 0x06, 0x60, 0x00, 0x00, 
  0x00, 0x00, 0xc6, 0x00, 0x00, 0x00, 0x00, 0x00, 0x00, 0x0c, 0xc4, 0x93, 0xe0, 0x01, 0x02, 0x00, 0x00, 0x00, 
  0x00, 0x02, 0x25, 0xc0, 0x00, 0x00, 0x00, 0x28, 0x00, 0x19, 0x3c, 0x48, 0x74, 0x41, 0x02, 0x04, 0x04, 0x40, 
  0x00, 0x82, 0xf0, 0x38, 0x00, 0x00, 0x00, 0x1c, 0x00, 0xfc, 0xc7, 0xb3, 0x80, 0x03, 0x02, 0x00, 0x00, 0x00, 
  0x10, 0x00, 0x40, 0x06, 0x00, 0x00, 0x1c, 0x1f, 0x0f, 0x3f, 0xc0, 0xfc, 0x00, 0x06, 0x04, 0x00, 0x00, 0x00, 
  0x10, 0x82, 0x60, 0x01, 0x80, 0x01, 0xf0, 0x23, 0xf0, 0x10, 0x7f, 0xc0, 0x00, 0x06, 0x06, 0x00, 0x00, 0x00, 
  0x00, 0x42, 0x14, 0x44, 0x7f, 0xfe, 0x00, 0xc6, 0x16, 0x1c, 0x44, 0x44, 0x44, 0x46, 0x03, 0x04, 0x44, 0x40, 
  0x00, 0x00, 0xf0, 0x00, 0x00, 0x1a, 0x00, 0x8d, 0xb9, 0xe8, 0x00, 0x00, 0x00, 0x06, 0x03, 0x00, 0x00, 0x00, 
  0x10, 0xa0, 0x78, 0x00, 0x00, 0x3a, 0x07, 0x0c, 0xe0, 0x04, 0x00, 0x00, 0x00, 0x04, 0x01, 0xc0, 0x00, 0x00, 
  0x00, 0x60, 0x80, 0x00, 0x00, 0x3b, 0x1c, 0x02, 0x63, 0x04, 0x00, 0x00, 0x00, 0x06, 0x01, 0xc0, 0x00, 0x00, 
  0x10, 0x00, 0xdc, 0x04, 0x44, 0x3d, 0xb4, 0x05, 0xff, 0xdc, 0x44, 0x04, 0x44, 0x06, 0x00, 0x60, 0x44, 0x00, 
  0x01, 0xa0, 0xd8, 0x00, 0x00, 0x1f, 0xc0, 0x00, 0x1c, 0x78, 0x00, 0x00, 0x00, 0x0e, 0x00, 0x20, 0x00, 0x00, 
  0x00, 0x80, 0x5e, 0x00, 0x00, 0x06, 0x00, 0x00, 0x00, 0x00, 0x00, 0x00, 0x00, 0x0e, 0x00, 0x20, 0x00, 0x00, 
  0x00, 0x00, 0x75, 0xe0, 0x00, 0x00, 0x00, 0x00, 0x00, 0x00, 0x00, 0x00, 0x00, 0x08, 0x00, 0x20, 0x00, 0x00, 
  0x00, 0x00, 0xfd, 0x74, 0x44, 0x44, 0x44, 0x44, 0x44, 0x44, 0x44, 0x44, 0x44, 0x48, 0x00, 0x60, 0x44, 0x40, 
  0x00, 0x00, 0x7e, 0xa0, 0x00, 0x00, 0x00, 0x00, 0x00, 0x00, 0x00, 0x00, 0x00, 0x08, 0x00, 0x30, 0x00, 0x00, 
  0x00, 0x00, 0x2d, 0xc0, 0x00, 0x00, 0x00, 0x00, 0x00, 0x00, 0x00, 0x00, 0x00, 0x0c, 0x00, 0x10, 0x00, 0x00, 
  0x00, 0x00, 0x71, 0x40, 0x00, 0x00, 0x00, 0x00, 0x00, 0x00, 0x00, 0x00, 0x00, 0x0c, 0x00, 0x1c, 0x00, 0x00, 
  0x00, 0x80, 0x77, 0x64, 0x04, 0x44, 0x04, 0x44, 0x04, 0x44, 0x04, 0x44, 0x04, 0x48, 0x00, 0x04, 0x04, 0x40, 
  0x00, 0x00, 0xc8, 0xe0, 0x00, 0x00, 0x00, 0x00, 0x00, 0x00, 0x00, 0x00, 0x00, 0x18, 0x00, 0x04, 0x00, 0x00, 
  0x00, 0x40, 0xe0, 0x00, 0x00, 0x00, 0x00, 0x00, 0x00, 0x00, 0x00, 0x00, 0x00, 0x10, 0x00, 0x04, 0x00, 0x00, 
  0x00, 0x00, 0x10, 0x00, 0x00, 0x00, 0x00, 0x00, 0x00, 0x00, 0x00, 0x00, 0x00, 0x30, 0x00, 0x06, 0x00, 0x00, 
  0x00, 0x40, 0x74, 0x44, 0x44, 0x44, 0x44, 0x44, 0x44, 0x44, 0x40, 0x04, 0x44, 0x70, 0x00, 0x07, 0x84, 0x40, 
  0x00, 0x00, 0x40, 0x00, 0x00, 0x00, 0x00, 0x00, 0x00, 0x00, 0x00, 0x00, 0x00, 0x20, 0x00, 0x07, 0x80, 0x00, 
};

const lv_img_dsc_t anaden_laika_1_23 = {
  .header.cf = LV_IMG_CF_INDEXED_1BIT,
  .header.always_zero = 0,
  .header.reserved = 0,
  .header.w = 140,
  .header.h = 68,
  .data_size = 1232,
  .data = anaden_laika_1_23_map,
};


#ifndef LV_ATTRIBUTE_IMG_ANADEN_LAIKA_1_24
#define LV_ATTRIBUTE_IMG_ANADEN_LAIKA_1_24
#endif

const LV_ATTRIBUTE_MEM_ALIGN LV_ATTRIBUTE_LARGE_CONST LV_ATTRIBUTE_IMG_ANADEN_LAIKA_1_24 uint8_t anaden_laika_1_24_map[] = {
#if CONFIG_NICE_VIEW_WIDGET_INVERTED
        0xff, 0xff, 0xff, 0xff, /*Color of index 0*/
        0x00, 0x00, 0x00, 0xff, /*Color of index 1*/
#else
        0x00, 0x00, 0x00, 0xff, /*Color of index 0*/
        0xff, 0xff, 0xff, 0xff, /*Color of index 1*/
#endif

  0x00, 0x00, 0x5c, 0x40, 0x00, 0x00, 0x00, 0x00, 0x00, 0x00, 0x00, 0x1c, 0x00, 0x00, 0x00, 0x00, 0x00, 0x00, 
  0x00, 0x00, 0xf4, 0xc0, 0x00, 0x00, 0x00, 0x00, 0x00, 0x00, 0x00, 0x14, 0x00, 0x00, 0x00, 0x00, 0x00, 0x00, 
  0x00, 0x10, 0x2e, 0xc4, 0x44, 0x44, 0x44, 0x44, 0x44, 0x44, 0x44, 0x56, 0x44, 0x44, 0x44, 0x44, 0x44, 0x40, 
  0x00, 0x10, 0x7b, 0x80, 0x00, 0x00, 0x00, 0x00, 0x00, 0x00, 0x00, 0x17, 0x00, 0x00, 0x00, 0x00, 0x00, 0x00, 
  0x00, 0x00, 0x77, 0x00, 0x00, 0x00, 0x00, 0x00, 0x00, 0x00, 0x00, 0x31, 0x00, 0x00, 0x00, 0x20, 0x00, 0x00, 
  0x08, 0x00, 0xfe, 0x00, 0x00, 0x00, 0x00, 0x00, 0x00, 0x00, 0x00, 0x21, 0x00, 0x00, 0x00, 0x70, 0x00, 0x00, 
  0x08, 0x00, 0xfc, 0x04, 0x44, 0x04, 0x44, 0x04, 0x44, 0x04, 0x44, 0x41, 0x44, 0x04, 0x44, 0x74, 0x44, 0x00, 
  0x08, 0x80, 0x50, 0x00, 0x00, 0x00, 0x00, 0x00, 0x00, 0x00, 0x00, 0x41, 0x80, 0x00, 0x00, 0x58, 0x00, 0x00, 
  0x09, 0x00, 0x70, 0x00, 0x00, 0x00, 0x00, 0x00, 0x00, 0x00, 0x00, 0x40, 0xc0, 0x00, 0x00, 0x48, 0x00, 0x00, 
  0x0c, 0x00, 0xc0, 0x00, 0x00, 0x00, 0x00, 0x00, 0x00, 0x00, 0x00, 0x60, 0x40, 0x00, 0x00, 0x48, 0x00, 0x00, 
  0x01, 0x00, 0x34, 0x44, 0x44, 0x44, 0x44, 0x44, 0x44, 0x44, 0x44, 0x60, 0xc4, 0x44, 0x44, 0x6c, 0x44, 0x40, 
  0x01, 0x80, 0x60, 0x00, 0x00, 0x06, 0x00, 0x00, 0x00, 0x00, 0x00, 0x60, 0xc0, 0x00, 0x00, 0x24, 0x00, 0x00, 
  0x00, 0x80, 0x60, 0x00, 0x00, 0x1f, 0xc0, 0x00, 0x1c, 0x78, 0x00, 0xc0, 0x60, 0x00, 0x00, 0x26, 0x00, 0x00, 
  0x04, 0x00, 0x74, 0x00, 0x00, 0x3d, 0xb0, 0x01, 0xff, 0xd8, 0x00, 0x80, 0x20, 0x00, 0x00, 0x22, 0x00, 0x00, 
  0x04, 0x00, 0x0c, 0x44, 0x04, 0x7b, 0x1c, 0x46, 0x63, 0x04, 0x04, 0xc0, 0x24, 0x44, 0x04, 0xc2, 0x04, 0x40, 
  0x04, 0x80, 0x38, 0x00, 0x00, 0x3a, 0x07, 0x0c, 0xe0, 0x04, 0x00, 0xc0, 0x30, 0x00, 0x00, 0x83, 0x00, 0x00, 
  0x00, 0x84, 0x70, 0x00, 0x00, 0x1a, 0x00, 0x8d, 0xb9, 0xe8, 0x00, 0x60, 0x10, 0x00, 0x00, 0xc1, 0x00, 0x00, 
  0x01, 0x04, 0x1e, 0x00, 0x7f, 0xfe, 0x00, 0xc6, 0x16, 0x18, 0x00, 0x20, 0x30, 0x00, 0x00, 0x43, 0x00, 0x00, 
  0x00, 0x04, 0xf4, 0x45, 0x80, 0x01, 0xf0, 0x27, 0xf0, 0x14, 0x7f, 0xe0, 0x64, 0x44, 0x44, 0x43, 0x44, 0x40, 
  0x02, 0x10, 0x40, 0x06, 0x00, 0x00, 0x1c, 0x1f, 0x0f, 0x3f, 0xc0, 0xfc, 0x40, 0x00, 0x00, 0x81, 0x80, 0x00, 
  0x02, 0x00, 0xc0, 0x38, 0x00, 0x00, 0x00, 0x1c, 0x00, 0xfc, 0x47, 0xb3, 0xc0, 0x00, 0x00, 0x80, 0x80, 0x00, 
  0x04, 0x00, 0xd1, 0xc0, 0x00, 0x00, 0x00, 0x28, 0x00, 0x19, 0xb8, 0x48, 0x70, 0x00, 0x00, 0x80, 0x80, 0x00, 
  0x00, 0x00, 0xe6, 0x00, 0x00, 0x00, 0x00, 0x00, 0x00, 0x0c, 0xc4, 0x93, 0xe4, 0x04, 0x44, 0x81, 0xc4, 0x00, 
  0x00, 0x00, 0x5c, 0x00, 0x00, 0x00, 0x00, 0x10, 0x00, 0x07, 0x09, 0x7c, 0xc0, 0x00, 0x00, 0xc1, 0x00, 0x00, 
  0x00, 0x00, 0xf8, 0x00, 0x00, 0x00, 0x00, 0x20, 0x00, 0x02, 0x07, 0x81, 0x80, 0x00, 0x00, 0x47, 0x00, 0x00, 
  0x00, 0x00, 0xf8, 0x02, 0x00, 0x00, 0x00, 0x00, 0x07, 0x01, 0xf8, 0x07, 0x00, 0x00, 0x00, 0x44, 0x00, 0x00, 
  0x00, 0x20, 0xf0, 0x01, 0x00, 0x00, 0x00, 0x00, 0x0e, 0x80, 0x80, 0x1b, 0x44, 0x44, 0x44, 0x44, 0x44, 0x40, 
  0x01, 0x60, 0xf0, 0x04, 0x00, 0x00, 0x00, 0x00, 0x07, 0x00, 0x80, 0x32, 0x00, 0x00, 0x00, 0x64, 0x00, 0x00, 
  0x00, 0xe0, 0xf0, 0x0e, 0x00, 0x00, 0x00, 0x00, 0x00, 0x00, 0x83, 0xcc, 0x00, 0x00, 0x00, 0x24, 0x00, 0x00, 
  0x00, 0x01, 0xf8, 0x08, 0x00, 0x00, 0x00, 0x00, 0x00, 0x00, 0x7c, 0x04, 0x00, 0x00, 0x30, 0x28, 0x00, 0x00, 
  0x08, 0x40, 0xf8, 0x08, 0x00, 0x00, 0x00, 0x00, 0x40, 0x00, 0x6c, 0x44, 0x04, 0x44, 0x7c, 0x4c, 0x04, 0x40, 
  0x00, 0x20, 0xfc, 0x14, 0x00, 0x00, 0x00, 0x00, 0x40, 0x00, 0x48, 0x00, 0x00, 0x00, 0x48, 0x48, 0x00, 0x00, 
  0x00, 0x20, 0x6f, 0xf0, 0x00, 0x00, 0x00, 0x00, 0xc0, 0x00, 0x18, 0x00, 0x00, 0x00, 0x48, 0x58, 0x00, 0x00, 
  0x04, 0x00, 0xf0, 0xf0, 0x00, 0x00, 0x00, 0x01, 0x20, 0x00, 0x30, 0x00, 0x00, 0x00, 0xcc, 0x70, 0x00, 0x00, 
  0x04, 0x00, 0xc4, 0xf0, 0x00, 0x00, 0x00, 0x01, 0x20, 0x00, 0x34, 0x44, 0x44, 0x45, 0x84, 0x64, 0x44, 0x40, 
  0x00, 0x00, 0xef, 0xf0, 0x00, 0x00, 0x00, 0x00, 0xc0, 0x00, 0x18, 0x00, 0x00, 0x01, 0x06, 0x60, 0x00, 0x00, 
  0x00, 0x00, 0xbc, 0x14, 0x00, 0x00, 0x00, 0x00, 0x40, 0x00, 0x48, 0x00, 0x00, 0x01, 0x02, 0x00, 0x00, 0x00, 
  0x00, 0x00, 0xf8, 0x08, 0x00, 0x00, 0x00, 0x00, 0x40, 0x00, 0x68, 0x00, 0x00, 0x01, 0x02, 0x00, 0x00, 0x00, 
  0x04, 0x00, 0xf8, 0x08, 0x00, 0x00, 0x00, 0x00, 0x00, 0x00, 0x7c, 0x04, 0x44, 0x07, 0x02, 0x04, 0x44, 0x00, 
  0x00, 0x00, 0xf0, 0x0e, 0x00, 0x00, 0x00, 0x00, 0x00, 0x00, 0x83, 0xc0, 0x00, 0x06, 0x04, 0x00, 0x00, 0x00, 
  0x00, 0x08, 0xf0, 0x04, 0x00, 0x00, 0x00, 0x00, 0x07, 0x00, 0x80, 0x30, 0x00, 0x06, 0x06, 0x00, 0x00, 0x00, 
  0x00, 0x00, 0xf0, 0x01, 0x00, 0x00, 0x00, 0x00, 0x0e, 0x80, 0x80, 0x18, 0x00, 0x06, 0x03, 0x00, 0x00, 0x00, 
  0x00, 0x00, 0xf8, 0x02, 0x00, 0x00, 0x00, 0x00, 0x07, 0x01, 0xf8, 0x06, 0x44, 0x46, 0x03, 0x44, 0x44, 0x40, 
  0x00, 0x02, 0xf8, 0x00, 0x00, 0x00, 0x00, 0x20, 0x00, 0x02, 0x07, 0x81, 0x00, 0x04, 0x01, 0xc0, 0x00, 0x00, 
  0x02, 0x02, 0x7c, 0x00, 0x00, 0x00, 0x00, 0x10, 0x00, 0x07, 0x09, 0x7c, 0xc0, 0x06, 0x01, 0xc0, 0x00, 0x00, 
  0x00, 0x00, 0xc6, 0x00, 0x00, 0x00, 0x00, 0x00, 0x00, 0x0c, 0xc4, 0x93, 0xe0, 0x06, 0x00, 0x60, 0x00, 0x00, 
  0x00, 0x02, 0x25, 0xc0, 0x00, 0x00, 0x00, 0x28, 0x00, 0x19, 0x3c, 0x48, 0x74, 0x4e, 0x00, 0x24, 0x04, 0x40, 
  0x00, 0x82, 0xf0, 0x38, 0x00, 0x00, 0x00, 0x1c, 0x00, 0xfc, 0xc7, 0xb3, 0x80, 0x0e, 0x00, 0x20, 0x00, 0x00, 
  0x10, 0x00, 0x40, 0x06, 0x00, 0x00, 0x1c, 0x1f, 0x0f, 0x3f, 0xc0, 0xfc, 0x00, 0x08, 0x00, 0x20, 0x00, 0x00, 
  0x10, 0x82, 0x60, 0x01, 0x80, 0x01, 0xf0, 0x23, 0xf0, 0x10, 0x7f, 0xc0, 0x00, 0x08, 0x00, 0x60, 0x00, 0x00, 
  0x00, 0x42, 0x14, 0x44, 0x7f, 0xfe, 0x00, 0xc6, 0x16, 0x1c, 0x44, 0x44, 0x44, 0x48, 0x00, 0x34, 0x44, 0x40, 
  0x00, 0x00, 0xf0, 0x00, 0x00, 0x1a, 0x00, 0x8d, 0xb9, 0xe8, 0x00, 0x00, 0x00, 0x0c, 0x00, 0x10, 0x00, 0x00, 
  0x10, 0xa0, 0x78, 0x00, 0x00, 0x3a, 0x07, 0x0c, 0xe0, 0x04, 0x00, 0x00, 0x00, 0x0c, 0x00, 0x1c, 0x00, 0x00, 
  0x00, 0x60, 0x80, 0x00, 0x00, 0x3b, 0x1c, 0x02, 0x63, 0x04, 0x00, 0x00, 0x00, 0x08, 0x00, 0x04, 0x00, 0x00, 
  0x10, 0x00, 0xdc, 0x04, 0x44, 0x3d, 0xb4, 0x05, 0xff, 0xdc, 0x44, 0x04, 0x44, 0x18, 0x00, 0x04, 0x44, 0x00, 
  0x01, 0xa0, 0xd8, 0x00, 0x00, 0x1f, 0xc0, 0x00, 0x1c, 0x78, 0x00, 0x00, 0x00, 0x10, 0x00, 0x04, 0x00, 0x00, 
  0x00, 0x80, 0x5e, 0x00, 0x00, 0x06, 0x00, 0x00, 0x00, 0x00, 0x00, 0x00, 0x00, 0x30, 0x00, 0x06, 0x00, 0x00, 
  0x00, 0x00, 0x75, 0xe0, 0x00, 0x00, 0x00, 0x00, 0x00, 0x00, 0x00, 0x00, 0x00, 0x30, 0x00, 0x07, 0x80, 0x00, 
  0x00, 0x00, 0xfd, 0x74, 0x44, 0x44, 0x44, 0x44, 0x44, 0x44, 0x44, 0x44, 0x44, 0x60, 0x00, 0x07, 0xc4, 0x40, 
  0x00, 0x00, 0x7e, 0xa0, 0x00, 0x00, 0x00, 0x00, 0x00, 0x00, 0x00, 0x00, 0x00, 0x20, 0x00, 0x00, 0xc0, 0x00, 
  0x00, 0x00, 0x2d, 0xc0, 0x00, 0x00, 0x00, 0x00, 0x00, 0x00, 0x00, 0x00, 0x00, 0x20, 0x00, 0x00, 0xe0, 0x00, 
  0x00, 0x00, 0x71, 0x40, 0x00, 0x00, 0x00, 0x00, 0x00, 0x00, 0x03, 0x00, 0x00, 0x20, 0x00, 0x00, 0x30, 0x00, 
  0x00, 0x80, 0x77, 0x64, 0x04, 0x44, 0x04, 0x44, 0x04, 0x44, 0x07, 0x44, 0x04, 0x70, 0x00, 0x00, 0x0c, 0x40, 
  0x00, 0x00, 0xc8, 0xe0, 0x00, 0x00, 0x00, 0x00, 0x00, 0x00, 0x0d, 0x80, 0x00, 0x30, 0x00, 0x00, 0x30, 0x00, 
  0x00, 0x40, 0xe0, 0x00, 0x00, 0x00, 0x00, 0x00, 0x00, 0x00, 0x0d, 0x80, 0x00, 0x10, 0x00, 0x00, 0x20, 0x00, 
  0x00, 0x00, 0x10, 0x00, 0x00, 0x00, 0x00, 0x00, 0x00, 0x00, 0x18, 0xc0, 0x00, 0x18, 0x00, 0x00, 0x10, 0x00, 
  0x00, 0x40, 0x74, 0x44, 0x44, 0x44, 0x44, 0x44, 0x44, 0x44, 0x50, 0xc4, 0x44, 0x48, 0x00, 0x00, 0x14, 0x40, 
  0x00, 0x00, 0x40, 0x00, 0x00, 0x00, 0x00, 0x00, 0x00, 0x00, 0x18, 0x40, 0x00, 0x0c, 0x00, 0x00, 0x18, 0x00, 
};

const lv_img_dsc_t anaden_laika_1_24 = {
  .header.cf = LV_IMG_CF_INDEXED_1BIT,
  .header.always_zero = 0,
  .header.reserved = 0,
  .header.w = 140,
  .header.h = 68,
  .data_size = 1232,
  .data = anaden_laika_1_24_map,
};


#ifndef LV_ATTRIBUTE_IMG_ANADEN_LAIKA_1_25
#define LV_ATTRIBUTE_IMG_ANADEN_LAIKA_1_25
#endif

const LV_ATTRIBUTE_MEM_ALIGN LV_ATTRIBUTE_LARGE_CONST LV_ATTRIBUTE_IMG_ANADEN_LAIKA_1_25 uint8_t anaden_laika_1_25_map[] = {
#if CONFIG_NICE_VIEW_WIDGET_INVERTED
        0xff, 0xff, 0xff, 0xff, /*Color of index 0*/
        0x00, 0x00, 0x00, 0xff, /*Color of index 1*/
#else
        0x00, 0x00, 0x00, 0xff, /*Color of index 0*/
        0xff, 0xff, 0xff, 0xff, /*Color of index 1*/
#endif

  0x00, 0x00, 0x5c, 0x40, 0x00, 0x00, 0x00, 0x00, 0x00, 0x00, 0x00, 0x17, 0x00, 0x00, 0x00, 0x00, 0x00, 0x00, 
  0x00, 0x00, 0xf4, 0xc0, 0x00, 0x00, 0x00, 0x00, 0x00, 0x00, 0x00, 0x31, 0x00, 0x00, 0x00, 0x20, 0x00, 0x00, 
  0x00, 0x10, 0x2e, 0xc4, 0x44, 0x44, 0x44, 0x44, 0x44, 0x44, 0x44, 0x61, 0x04, 0x44, 0x44, 0x74, 0x44, 0x40, 
  0x00, 0x10, 0x7b, 0x80, 0x00, 0x00, 0x00, 0x00, 0x00, 0x00, 0x00, 0x41, 0x00, 0x00, 0x00, 0x70, 0x00, 0x00, 
  0x00, 0x00, 0x77, 0x00, 0x00, 0x00, 0x00, 0x00, 0x00, 0x00, 0x00, 0x41, 0x80, 0x00, 0x00, 0x58, 0x00, 0x00, 
  0x08, 0x00, 0xfe, 0x00, 0x00, 0x00, 0x00, 0x00, 0x00, 0x00, 0x00, 0x40, 0xc0, 0x00, 0x00, 0x48, 0x00, 0x00, 
  0x08, 0x00, 0xfc, 0x04, 0x44, 0x04, 0x44, 0x04, 0x44, 0x04, 0x44, 0x60, 0x44, 0x04, 0x44, 0x48, 0x44, 0x00, 
  0x08, 0x80, 0x50, 0x00, 0x00, 0x00, 0x00, 0x00, 0x00, 0x00, 0x00, 0x20, 0xc0, 0x00, 0x00, 0x68, 0x00, 0x00, 
  0x09, 0x00, 0x70, 0x00, 0x00, 0x00, 0x00, 0x00, 0x00, 0x00, 0x00, 0x60, 0xc0, 0x00, 0x00, 0x24, 0x00, 0x00, 
  0x0c, 0x00, 0xc0, 0x00, 0x00, 0x00, 0x00, 0x00, 0x00, 0x00, 0x00, 0xc0, 0x60, 0x00, 0x00, 0x26, 0x00, 0x00, 
  0x01, 0x00, 0x34, 0x44, 0x44, 0x44, 0x44, 0x44, 0x44, 0x44, 0x44, 0x80, 0x24, 0x44, 0x44, 0x22, 0x44, 0x40, 
  0x01, 0x80, 0x60, 0x00, 0x00, 0x06, 0x00, 0x00, 0x00, 0x00, 0x00, 0xc0, 0x20, 0x00, 0x00, 0xc2, 0x00, 0x00, 
  0x00, 0x80, 0x60, 0x00, 0x00, 0x1f, 0xc0, 0x00, 0x1c, 0x78, 0x00, 0xc0, 0x30, 0x00, 0x00, 0x83, 0x00, 0x00, 
  0x04, 0x00, 0x74, 0x00, 0x00, 0x3d, 0xb0, 0x01, 0xff, 0xd8, 0x00, 0x60, 0x10, 0x00, 0x00, 0xc1, 0x00, 0x00, 
  0x04, 0x00, 0x0c, 0x44, 0x04, 0x7b, 0x1c, 0x46, 0x63, 0x04, 0x04, 0x60, 0x34, 0x44, 0x04, 0x43, 0x04, 0x40, 
  0x04, 0x80, 0x38, 0x00, 0x00, 0x3a, 0x07, 0x0c, 0xe0, 0x04, 0x00, 0x20, 0x60, 0x00, 0x00, 0x43, 0x00, 0x00, 
  0x00, 0x84, 0x70, 0x00, 0x00, 0x1a, 0x00, 0x8d, 0xb9, 0xe8, 0x00, 0x20, 0x40, 0x00, 0x00, 0x81, 0x80, 0x00, 
  0x01, 0x04, 0x1e, 0x00, 0x7f, 0xfe, 0x00, 0xc6, 0x16, 0x18, 0x00, 0x20, 0xc0, 0x00, 0x00, 0x80, 0x80, 0x00, 
  0x00, 0x04, 0xf4, 0x45, 0x80, 0x01, 0xf0, 0x27, 0xf0, 0x14, 0x7f, 0xe0, 0xc4, 0x44, 0x44, 0x80, 0xc4, 0x40, 
  0x02, 0x10, 0x40, 0x06, 0x00, 0x00, 0x1c, 0x1f, 0x0f, 0x3f, 0xc0, 0xfc, 0x80, 0x00, 0x00, 0x81, 0x80, 0x00, 
  0x02, 0x00, 0xc0, 0x38, 0x00, 0x00, 0x00, 0x1c, 0x00, 0xfc, 0x47, 0xb3, 0x80, 0x00, 0x00, 0xc1, 0x00, 0x00, 
  0x04, 0x00, 0xd1, 0xc0, 0x00, 0x00, 0x00, 0x28, 0x00, 0x19, 0xb8, 0x48, 0x70, 0x00, 0x00, 0x47, 0x00, 0x00, 
  0x00, 0x00, 0xe6, 0x00, 0x00, 0x00, 0x00, 0x00, 0x00, 0x0c, 0xc4, 0x93, 0xe4, 0x04, 0x44, 0x44, 0x44, 0x00, 
  0x00, 0x00, 0x5c, 0x00, 0x00, 0x00, 0x00, 0x10, 0x00, 0x07, 0x09, 0x7c, 0xc0, 0x00, 0x00, 0x44, 0x00, 0x00, 
  0x00, 0x00, 0xf8, 0x00, 0x00, 0x00, 0x00, 0x20, 0x00, 0x02, 0x07, 0x81, 0x00, 0x00, 0x00, 0x64, 0x00, 0x00, 
  0x00, 0x00, 0xf8, 0x02, 0x00, 0x00, 0x00, 0x00, 0x07, 0x01, 0xf8, 0x06, 0x00, 0x00, 0x00, 0x24, 0x00, 0x00, 
  0x00, 0x20, 0xf0, 0x01, 0x00, 0x00, 0x00, 0x00, 0x0e, 0x80, 0x80, 0x1c, 0x44, 0x44, 0x34, 0x2c, 0x44, 0x40, 
  0x01, 0x60, 0xf0, 0x04, 0x00, 0x00, 0x00, 0x00, 0x07, 0x00, 0x80, 0x30, 0x00, 0x00, 0x78, 0x48, 0x00, 0x00, 
  0x00, 0xe0, 0xf0, 0x0e, 0x00, 0x00, 0x00, 0x00, 0x00, 0x00, 0x83, 0xc0, 0x00, 0x00, 0x48, 0x48, 0x00, 0x00, 
  0x00, 0x01, 0xf8, 0x08, 0x00, 0x00, 0x00, 0x00, 0x00, 0x00, 0x7c, 0x00, 0x00, 0x00, 0x48, 0x58, 0x00, 0x00, 
  0x08, 0x40, 0xf8, 0x08, 0x00, 0x00, 0x00, 0x00, 0x40, 0x00, 0x6c, 0x44, 0x04, 0x44, 0xcc, 0x74, 0x04, 0x40, 
  0x00, 0x20, 0xfc, 0x14, 0x00, 0x00, 0x00, 0x00, 0x40, 0x00, 0x48, 0x00, 0x00, 0x01, 0x84, 0x60, 0x00, 0x00, 
  0x00, 0x20, 0x6f, 0xf0, 0x00, 0x00, 0x00, 0x00, 0xc0, 0x00, 0x18, 0x00, 0x00, 0x01, 0x06, 0x60, 0x00, 0x00, 
  0x04, 0x00, 0xf0, 0xf0, 0x00, 0x00, 0x00, 0x01, 0x20, 0x00, 0x30, 0x00, 0x00, 0x01, 0x02, 0x00, 0x00, 0x00, 
  0x04, 0x00, 0xc4, 0xf0, 0x00, 0x00, 0x00, 0x01, 0x20, 0x00, 0x34, 0x44, 0x44, 0x41, 0x02, 0x44, 0x44, 0x40, 
  0x00, 0x00, 0xef, 0xf0, 0x00, 0x00, 0x00, 0x00, 0xc0, 0x00, 0x18, 0x00, 0x00, 0x03, 0x02, 0x00, 0x00, 0x00, 
  0x00, 0x00, 0xbc, 0x14, 0x00, 0x00, 0x00, 0x00, 0x40, 0x00, 0x48, 0x00, 0x00, 0x06, 0x04, 0x00, 0x00, 0x00, 
  0x00, 0x00, 0xf8, 0x08, 0x00, 0x00, 0x00, 0x00, 0x40, 0x00, 0x68, 0x00, 0x00, 0x06, 0x06, 0x00, 0x00, 0x00, 
  0x04, 0x00, 0xf8, 0x08, 0x00, 0x00, 0x00, 0x00, 0x00, 0x00, 0x7c, 0x04, 0x44, 0x06, 0x03, 0x04, 0x44, 0x00, 
  0x00, 0x00, 0xf0, 0x0e, 0x00, 0x00, 0x00, 0x00, 0x00, 0x00, 0x83, 0xc0, 0x00, 0x06, 0x03, 0x00, 0x00, 0x00, 
  0x00, 0x08, 0xf0, 0x04, 0x00, 0x00, 0x00, 0x00, 0x07, 0x00, 0x80, 0x30, 0x00, 0x04, 0x01, 0xc0, 0x00, 0x00, 
  0x00, 0x00, 0xf0, 0x01, 0x00, 0x00, 0x00, 0x00, 0x0e, 0x80, 0x80, 0x18, 0x00, 0x06, 0x01, 0xc0, 0x00, 0x00, 
  0x00, 0x00, 0xf8, 0x02, 0x00, 0x00, 0x00, 0x00, 0x07, 0x01, 0xf8, 0x06, 0x44, 0x46, 0x00, 0x64, 0x44, 0x40, 
  0x00, 0x02, 0xf8, 0x00, 0x00, 0x00, 0x00, 0x20, 0x00, 0x02, 0x07, 0x81, 0x00, 0x0e, 0x00, 0x20, 0x00, 0x00, 
  0x02, 0x02, 0x7c, 0x00, 0x00, 0x00, 0x00, 0x10, 0x00, 0x07, 0x09, 0x7c, 0xc0, 0x0e, 0x00, 0x20, 0x00, 0x00, 
  0x00, 0x00, 0xc6, 0x00, 0x00, 0x00, 0x00, 0x00, 0x00, 0x0c, 0xc4, 0x93, 0xe0, 0x08, 0x00, 0x20, 0x00, 0x00, 
  0x00, 0x02, 0x25, 0xc0, 0x00, 0x00, 0x00, 0x28, 0x00, 0x19, 0x3c, 0x48, 0x74, 0x48, 0x00, 0x60, 0x04, 0x40, 
  0x00, 0x82, 0xf0, 0x38, 0x00, 0x00, 0x00, 0x1c, 0x00, 0xfc, 0xc7, 0xb3, 0x80, 0x08, 0x00, 0x30, 0x00, 0x00, 
  0x10, 0x00, 0x40, 0x06, 0x00, 0x00, 0x1c, 0x1f, 0x0f, 0x3f, 0xc0, 0xfc, 0x00, 0x0c, 0x00, 0x10, 0x00, 0x00, 
  0x10, 0x82, 0x60, 0x01, 0x80, 0x01, 0xf0, 0x23, 0xf0, 0x10, 0x7f, 0xc0, 0x00, 0x0c, 0x00, 0x1c, 0x00, 0x00, 
  0x00, 0x42, 0x14, 0x44, 0x7f, 0xfe, 0x00, 0xc6, 0x16, 0x1c, 0x44, 0x44, 0x44, 0x48, 0x00, 0x04, 0x44, 0x40, 
  0x00, 0x00, 0xf0, 0x00, 0x00, 0x1a, 0x00, 0x8d, 0xb9, 0xe8, 0x00, 0x00, 0x00, 0x18, 0x00, 0x04, 0x00, 0x00, 
  0x10, 0xa0, 0x78, 0x00, 0x00, 0x3a, 0x07, 0x0c, 0xe0, 0x04, 0x00, 0x00, 0x00, 0x10, 0x00, 0x04, 0x00, 0x00, 
  0x00, 0x60, 0x80, 0x00, 0x00, 0x3b, 0x1c, 0x02, 0x63, 0x04, 0x00, 0x00, 0x00, 0x30, 0x00, 0x06, 0x00, 0x00, 
  0x10, 0x00, 0xdc, 0x04, 0x44, 0x3d, 0xb4, 0x05, 0xff, 0xdc, 0x44, 0x04, 0x44, 0x30, 0x00, 0x07, 0x84, 0x00, 
  0x01, 0xa0, 0xd8, 0x00, 0x00, 0x1f, 0xc0, 0x00, 0x1c, 0x78, 0x00, 0x00, 0x00, 0x20, 0x00, 0x07, 0x80, 0x00, 
  0x00, 0x80, 0x5e, 0x00, 0x00, 0x06, 0x00, 0x00, 0x00, 0x00, 0x00, 0x00, 0x00, 0x20, 0x00, 0x00, 0xc0, 0x00, 
  0x00, 0x00, 0x75, 0xe0, 0x00, 0x00, 0x00, 0x00, 0x00, 0x00, 0x00, 0x00, 0x00, 0x20, 0x00, 0x00, 0xe0, 0x00, 
  0x00, 0x00, 0xfd, 0x74, 0x44, 0x44, 0x44, 0x44, 0x44, 0x44, 0x43, 0x44, 0x44, 0x60, 0x00, 0x00, 0x34, 0x40, 
  0x00, 0x00, 0x7e, 0xa0, 0x00, 0x00, 0x00, 0x00, 0x00, 0x00, 0x07, 0x00, 0x00, 0x30, 0x00, 0x00, 0x08, 0x00, 
  0x00, 0x00, 0x2d, 0xc0, 0x00, 0x00, 0x00, 0x00, 0x00, 0x00, 0x0d, 0x80, 0x00, 0x30, 0x00, 0x00, 0x30, 0x00, 
  0x00, 0x00, 0x71, 0x40, 0x00, 0x00, 0x00, 0x00, 0x00, 0x00, 0x0d, 0x80, 0x00, 0x10, 0x00, 0x00, 0x20, 0x00, 
  0x00, 0x80, 0x77, 0x64, 0x04, 0x44, 0x04, 0x44, 0x04, 0x44, 0x18, 0xc4, 0x04, 0x58, 0x00, 0x00, 0x14, 0x40, 
  0x00, 0x00, 0xc8, 0xe0, 0x00, 0x00, 0x00, 0x00, 0x00, 0x00, 0x10, 0xc0, 0x00, 0x08, 0x00, 0x00, 0x10, 0x00, 
  0x00, 0x40, 0xe0, 0x00, 0x00, 0x00, 0x00, 0x00, 0x00, 0x00, 0x18, 0x40, 0x00, 0x0c, 0x00, 0x00, 0x18, 0x00, 
  0x00, 0x00, 0x10, 0x00, 0x00, 0x00, 0x00, 0x00, 0x00, 0x00, 0x18, 0x60, 0x00, 0x0c, 0x00, 0x00, 0x08, 0x00, 
  0x00, 0x40, 0x74, 0x44, 0x44, 0x44, 0x44, 0x44, 0x44, 0x44, 0x50, 0x64, 0x44, 0x4c, 0x00, 0x00, 0x14, 0x40, 
  0x00, 0x00, 0x40, 0x00, 0x00, 0x00, 0x00, 0x00, 0x00, 0x00, 0x10, 0x70, 0x00, 0x18, 0x00, 0x00, 0x30, 0x00, 
};

const lv_img_dsc_t anaden_laika_1_25 = {
  .header.cf = LV_IMG_CF_INDEXED_1BIT,
  .header.always_zero = 0,
  .header.reserved = 0,
  .header.w = 140,
  .header.h = 68,
  .data_size = 1232,
  .data = anaden_laika_1_25_map,
};
